OBJECT,Catalogue,Survey,off_u_gaia_0p7,off_u_gaia_1p0,dmag_u_0p7,dmag_u_1p0,off_u_0p7,off_u_1p0
KIDS_136.0_-1.5,KIDS_136p0_m1p5_r_SDSS.V1.3.0A_KiDS-1347_GAaP_Gaia.fits,KiDS,0.029482768656373864,0.03103376865637386,0.0377190291957464,0.0393937882931452,0.008236260539372535,0.00836001963677134
KIDS_158.0_-1.5,KIDS_158p0_m1p5_r_SDSS.V1.3.0A_KiDS-1347_GAaP_Gaia.fits,KiDS,-0.041267811217582245,-0.041165811217582254,0.0650136526596751,0.0931327009778399,0.10628146387725734,0.13429851219542216
KIDS_356.5_-32.1,KIDS_356p5_m32p1_r_SDSS.V1.3.0A_KiDS-1347_GAaP_Gaia.fits,KiDS,-0.005530409917016227,-0.0032454099170162315,0.1222648776260175,0.1151216618318458,0.1277952875430337,0.11836707174886203
KIDS_238.0_-0.5,KIDS_238p0_m0p5_r_SDSS.V1.3.0A_KiDS-1347_GAaP_Gaia.fits,KiDS,0.05398513163474669,0.054227131634746684,0.1062732656209755,0.103381862034128,0.05228813398622881,0.04915473039938131
KIDS_129.4_2.5,KIDS_129p4_2p5_r_SDSS.V1.3.0A_KiDS-1347_GAaP_Gaia.fits,KiDS,-0.007691560241533557,-0.007616560241533565,0.0442167946390873,0.0411283551119674,0.05190835488062086,0.048744915353500964
KIDS_11.2_-27.2,KIDS_11p2_m27p2_r_SDSS.V1.3.0A_KiDS-1347_GAaP_Gaia.fits,KiDS,0.030163670739659476,0.042586670739659487,0.0370246542921238,0.033625236690257,0.006860983552464325,-0.008961434049402486
KIDS_12.5_-29.2,KIDS_12p5_m29p2_r_SDSS.V1.3.0A_KiDS-1347_GAaP_Gaia.fits,KiDS,-0.11476272522343381,-0.11456972522343381,0.0978974198354205,0.0873377888216,0.2126601450588543,0.20190751404503382
KIDS_15.0_-30.2,KIDS_15p0_m30p2_r_SDSS.V1.3.0A_KiDS-1347_GAaP_Gaia.fits,KiDS,0.027468859339258217,0.029047859339258214,0.2571703380905514,0.2482243896872298,0.22970147875129318,0.21917653034797158
KIDS_212.0_0.5,KIDS_212p0_0p5_r_SDSS.V1.3.0A_KiDS-1347_GAaP_Gaia.fits,KiDS,0.04709659434219973,0.04720759434219973,0.1380556874358175,0.1377635526337542,0.09095909309361777,0.09055595829155447
KIDS_190.0_-0.5,KIDS_190p0_m0p5_r_SDSS.V1.3.0A_KiDS-1347_GAaP_Gaia.fits,KiDS,-0.02532949979645062,-0.021369499796450614,0.0872813984466727,0.1034827806897918,0.11261089824312331,0.12485228048624242
KIDS_336.1_-29.2,KIDS_336p1_m29p2_r_SDSS.V1.3.0A_KiDS-1347_GAaP_Gaia.fits,KiDS,0.023869714262046524,0.024202714262046524,-0.0257896320830141,-0.0155416160543557,-0.049659346345060626,-0.039744330316402225
KIDS_48.2_-32.1,KIDS_48p2_m32p1_r_SDSS.V1.3.0A_KiDS-1347_GAaP_Gaia.fits,KiDS,0.01557088010609703,0.016915880106097042,0.1103286716712124,0.1211170774942624,0.09475779156511537,0.10420119738816536
KIDZ_334.5_1.9,OMEGACAM_334p5_1p9_r_SDSS.V1.2.0A_KiDS-1347_GAaP_Gaia.fits,KiDZ,-0.07229050895119235,-0.06953350895119237,-0.0551552279373285,-0.0601230219261422,0.01713528101386385,0.009410487025050165
KIDS_350.8_-30.2,KIDS_350p8_m30p2_r_SDSS.V1.3.0A_KiDS-1347_GAaP_Gaia.fits,KiDS,-0.11535189922197772,-0.1148908992219777,0.0469396152605259,0.0533275860196797,0.16229151448250362,0.1682184852416574
KIDS_168.5_2.5,KIDS_168p5_2p5_r_SDSS.V1.3.0A_KiDS-1347_GAaP_Gaia.fits,KiDS,-0.21993032054396897,-0.21993032054396897,-0.0936435386509179,-0.0638235847469962,0.12628678189305106,0.15610673579697276
KIDS_131.0_-0.5,KIDS_131p0_m0p5_r_SDSS.V1.3.0A_KiDS-1347_GAaP_Gaia.fits,KiDS,0.034026445008805306,0.03781744500880531,0.0346598871113264,0.0360326462250151,0.0006334421025210937,-0.0017847987837902105
KIDS_45.6_-29.2,KIDS_45p6_m29p2_r_SDSS.V1.3.0A_KiDS-1347_GAaP_Gaia.fits,KiDS,0.0704823294357858,0.0702883294357858,0.2716926876819701,0.2750919374502291,0.20121035824618427,0.20480360801444328
KIDS_16.8_-34.1,KIDS_16p8_m34p1_r_SDSS.V1.3.0A_KiDS-1347_GAaP_Gaia.fits,KiDS,-0.022230895876470022,-0.026650895876470015,0.1512503180760741,0.1400452977821376,0.17348121395254412,0.1666961936586076
KIDS_24.3_-35.1,KIDS_24p3_m35p1_r_SDSS.V1.3.0A_KiDS-1347_GAaP_Gaia.fits,KiDS,-0.12940763520609208,-0.1281556352060921,0.0560550776194653,0.0531683985705547,0.18546271282555737,0.1813240337766468
KIDS_47.1_-32.1,KIDS_47p1_m32p1_r_SDSS.V1.3.0A_KiDS-1347_GAaP_Gaia.fits,KiDS,0.08603781654748166,0.08717381654748166,0.2397873536564272,0.249559895308112,0.15374953710894554,0.16238607876063035
KIDS_345.3_-28.2,KIDS_345p3_m28p2_r_SDSS.V1.3.0A_KiDS-1347_GAaP_Gaia.fits,KiDS,-0.06892049362218763,-0.06892049362218763,0.0415334353596068,0.0346781950362962,0.11045392898179443,0.10359868865848383
KIDS_198.0_0.5,KIDS_198p0_0p5_r_SDSS.V1.3.0A_KiDS-1347_GAaP_Gaia.fits,KiDS,0.02434714208522909,0.02512314208522909,0.0260853036210751,0.0417257894875449,0.0017381615358460119,0.01660264740231581
KIDS_4.6_-30.2,KIDS_4p6_m30p2_r_SDSS.V1.3.0A_KiDS-1347_GAaP_Gaia.fits,KiDS,-0.048627535250569176,-0.04748253525056917,0.1757427075218661,0.1816787939285528,0.22437024277243528,0.22916132917912196
KIDS_231.0_1.5,KIDS_231p0_1p5_r_SDSS.V1.3.0A_KiDS-1347_GAaP_Gaia.fits,KiDS,-0.03538872463446838,-0.03533672463446835,0.0486418374122829,0.0528803309580956,0.08403056204675127,0.08821705559256396
KIDS_46.8_-34.1,KIDS_46p8_m34p1_r_SDSS.V1.3.0A_KiDS-1347_GAaP_Gaia.fits,KiDS,0.04914014084050716,0.04914014084050716,0.1995123499720235,0.2127407496264504,0.15037220913151633,0.16360060878594324
KIDS_171.0_-0.5,KIDS_171p0_m0p5_r_SDSS.V1.3.0A_KiDS-1347_GAaP_Gaia.fits,KiDS,-0.04524241960234518,-0.0462314196023452,1.3062217302593435,0.8517462920887066,1.3514641498616886,0.8979777116910518
KIDS_46.2_-35.1,KIDS_46p2_m35p1_r_SDSS.V1.3.0A_KiDS-1347_GAaP_Gaia.fits,KiDS,-0.05921099980321945,-0.057891999803219435,0.0571761940547592,0.0577983266397775,0.11638719385797865,0.11569032644299693
KIDS_27.3_-29.2,KIDS_27p3_m29p2_r_SDSS.V1.3.0A_KiDS-1347_GAaP_Gaia.fits,KiDS,-0.06406241945632649,-0.06324941945632648,0.1989545403978678,0.2180583763778564,0.26301695985419427,0.28130779583418286
KIDS_212.0_1.5,KIDS_212p0_1p5_r_SDSS.V1.3.0A_KiDS-1347_GAaP_Gaia.fits,KiDS,0.014763729115769855,0.015762729115769855,0.111657789292419,0.1228196812793577,0.09689406017664914,0.10705695216358785
KIDS_224.6_-2.5,KIDS_224p6_m2p5_r_SDSS.V1.3.0A_KiDS-1347_GAaP_Gaia.fits,KiDS,0.05747585326080397,0.05829085326080398,0.0901410609625678,0.0916776336169224,0.03266520770176383,0.03338678035611842
KIDS_30.0_-34.1,KIDS_30p0_m34p1_r_SDSS.V1.3.0A_KiDS-1347_GAaP_Gaia.fits,KiDS,-0.05037383878284871,-0.048280838782848695,0.168790052130569,0.1711483468837276,0.2191638909134177,0.2194291856665763
KIDS_15.4_-33.1,KIDS_15p4_m33p1_r_SDSS.V1.3.0A_KiDS-1347_GAaP_Gaia.fits,KiDS,-0.05092080911356475,-0.05087080911356476,0.1324289515181039,0.1310137598104691,0.18334976063166866,0.18188456892403385
KIDS_17.5_-31.2,KIDS_17p5_m31p2_r_SDSS.V1.3.0A_KiDS-1347_GAaP_Gaia.fits,KiDS,-0.02952340054901939,-0.028332400549019393,0.1524517419823235,0.1529189286695538,0.1819751425313429,0.1812513292185732
KIDS_338.6_-28.2,KIDS_338p6_m28p2_r_SDSS.V1.3.0A_KiDS-1347_GAaP_Gaia.fits,KiDS,0.037239500659519045,0.03907450065951905,0.1140233439313841,0.1124420774159851,0.07678384327186505,0.07336757675646605
KIDZ_330.5_1.9,OMEGACAM_330p5_1p9_r_SDSS.V1.2.0A_KiDS-1347_GAaP_Gaia.fits,KiDZ,0.06991387610963208,0.06985287610963208,0.09912633440832,0.0984640265456145,0.02921245829868792,0.02861115043598242
KIDS_16.1_-30.2,KIDS_16p1_m30p2_r_SDSS.V1.3.0A_KiDS-1347_GAaP_Gaia.fits,KiDS,-0.03775571111572443,-0.03682971111572442,0.0586750605646604,0.0673499310527721,0.09643077168038483,0.10417964216849651
KIDS_233.0_0.5,KIDS_233p0_0p5_r_SDSS.V1.3.0A_KiDS-1347_GAaP_Gaia.fits,KiDS,-0.11964618529362803,-0.11985618529362801,-0.0682073127683775,-0.0666021888199093,0.05143887252525052,0.053253996473718715
KIDS_345.0_-30.2,KIDS_345p0_m30p2_r_SDSS.V1.3.0A_KiDS-1347_GAaP_Gaia.fits,KiDS,0.10458501042533233,0.10473801042533235,0.090849600930998,0.1076848250260004,-0.013735409494334327,0.002946814600668049
KIDS_215.0_0.5,KIDS_215p0_0p5_r_SDSS.V1.3.0A_KiDS-1347_GAaP_Gaia.fits,KiDS,0.02124435200095834,0.02212035200095834,0.095082471691913,0.0922646405356844,0.07383811969095466,0.07014428853472605
KIDS_176.5_-2.5,KIDS_176p5_m2p5_r_SDSS.V1.3.0A_KiDS-1347_GAaP_Gaia.fits,KiDS,-0.06531541570548663,-0.06526741570548664,0.021114385375654,0.0238525209800413,0.08642980108114062,0.08911993668552794
KIDS_352.0_-29.2,KIDS_352p0_m29p2_r_SDSS.V1.3.0A_KiDS-1347_GAaP_Gaia.fits,KiDS,0.01633759547254232,0.01641859547254232,0.072414441400203,0.0868349637084773,0.056076845927660685,0.07041636823593499
KIDS_135.0_-0.5,KIDS_135p0_m0p5_r_SDSS.V1.3.0A_KiDS-1347_GAaP_Gaia.fits,KiDS,0.1484930815198051,0.1482240815198051,0.1741789429948826,0.1746709540637016,0.02568586147507751,0.026446872543896494
KIDS_38.4_-28.2,KIDS_38p4_m28p2_r_SDSS.V1.3.0A_KiDS-1347_GAaP_Gaia.fits,KiDS,-0.15814459205022405,-0.15490159205022405,0.0744392354741967,0.1097941532178311,0.23258382752442075,0.26469574526805517
KIDS_354.4_-27.2,KIDS_354p4_m27p2_r_SDSS.V1.3.0A_KiDS-1347_GAaP_Gaia.fits,KiDS,-0.11503671613260363,-0.11398771613260364,0.0151910252795327,0.0219481818305076,0.13022774141213633,0.13593589796311123
KIDS_329.4_-32.1,KIDS_329p4_m32p1_r_SDSS.V1.3.0A_KiDS-1347_GAaP_Gaia.fits,KiDS,0.01822827025258905,0.01908727025258905,0.1099744042035999,0.1171084488508542,0.09174613395101085,0.09802117859826515
KIDS_29.2_-27.2,KIDS_29p2_m27p2_r_SDSS.V1.3.0A_KiDS-1347_GAaP_Gaia.fits,KiDS,0.021090430588027065,0.02160343058802708,0.2206265530794061,0.222407039637142,0.19953612249137903,0.20080360904911493
KIDS_14.4_-34.1,KIDS_14p4_m34p1_r_SDSS.V1.3.0A_KiDS-1347_GAaP_Gaia.fits,KiDS,0.08441940484805914,0.08482340484805916,0.1557413123167141,0.1732091400344383,0.07132190746865495,0.08838573518637914
KIDS_337.6_-27.2,KIDS_337p6_m27p2_r_SDSS.V1.3.0A_KiDS-1347_GAaP_Gaia.fits,KiDS,0.056133046636668335,0.05661604663666833,0.0705874177550971,0.140732837804898,0.01445437111842876,0.08411679116822968
KIDS_34.1_-35.1,KIDS_34p1_m35p1_r_SDSS.V1.3.0A_KiDS-1347_GAaP_Gaia.fits,KiDS,-0.37036366396088904,-0.369667663960889,-0.0700976819322649,-0.0671608767408925,0.30026598202862415,0.3025067872199965
KIDS_50.6_-30.2,KIDS_50p6_m30p2_r_SDSS.V1.3.0A_KiDS-1347_GAaP_Gaia.fits,KiDS,0.1501353476361787,0.15828534763617869,0.2446301822775926,0.2454438447254598,0.0944948346414139,0.08715849708928111
KIDS_21.9_-35.1,KIDS_21p9_m35p1_r_SDSS.V1.3.0A_KiDS-1347_GAaP_Gaia.fits,KiDS,-0.11097268696962034,-0.11035268696962039,0.0646246743432507,0.0819774344042171,0.17559736131287104,0.19233012137383748
KIDS_220.0_0.5,KIDS_220p0_0p5_r_SDSS.V1.3.0A_KiDS-1347_GAaP_Gaia.fits,KiDS,-0.024909252688417233,-0.02390725268841723,0.0435003230827077,0.0452470261996787,0.06840957577112494,0.06915427888809593
KIDS_133.0_-0.5,KIDS_133p0_m0p5_r_SDSS.V1.3.0A_KiDS-1347_GAaP_Gaia.fits,KiDS,0.06701746979285964,0.06715446979285963,0.0349521617969304,0.0320625955488603,-0.032065307995929236,-0.03509187424399934
KIDS_340.6_-29.2,KIDS_340p6_m29p2_r_SDSS.V1.3.0A_KiDS-1347_GAaP_Gaia.fits,KiDS,0.04970359557350521,0.04975759557350521,0.1250784515173722,0.1337666229658619,0.075374855943867,0.08400902739235669
KIDS_331.2_-30.2,KIDS_331p2_m30p2_r_SDSS.V1.3.0A_KiDS-1347_GAaP_Gaia.fits,KiDS,-0.010926330913946014,-0.010549330913946012,0.0070934053171863,0.0281097809941256,0.018019736231132316,0.038659111908071614
KIDS_161.4_3.5,KIDS_161p4_3p5_r_SDSS.V1.3.0A_KiDS-1347_GAaP_Gaia.fits,KiDS,-0.006813806465282277,-0.005714806465282274,0.205990529015998,0.2116111988082299,0.21280433548128025,0.21732600527351217
KIDS_343.0_-35.1,KIDS_343p0_m35p1_r_SDSS.V1.3.0A_KiDS-1347_GAaP_Gaia.fits,KiDS,-0.02087205509854148,-0.02006705509854148,0.0336642590023694,0.0381477669293592,0.05453631410091088,0.05821482202790068
KIDS_238.0_0.5,KIDS_238p0_0p5_r_SDSS.V1.3.0A_KiDS-1347_GAaP_Gaia.fits,KiDS,0.010481012513195428,0.01154101251319542,0.107734492147419,0.1063868971827077,0.09725347963422357,0.09484588466951228
KIDS_129.0_-0.5,KIDS_129p0_m0p5_r_SDSS.V1.3.0A_KiDS-1347_GAaP_Gaia.fits,KiDS,0.05841844665762517,0.05868244665762517,0.0700994595299226,0.0673505358262265,0.011681012872297426,0.008668089168601338
KIDS_197.5_-2.5,KIDS_197p5_m2p5_r_SDSS.V1.3.0A_KiDS-1347_GAaP_Gaia.fits,KiDS,-0.11467348151461162,-0.11199648151461164,-0.056826419022357,-0.0547099769537752,0.057847062492254624,0.05728650456083644
KIDS_164.0_-1.5,KIDS_164p0_m1p5_r_SDSS.V1.3.0A_KiDS-1347_GAaP_Gaia.fits,KiDS,-0.22133033623496065,-0.21978833623496066,-0.0884599837302312,-0.0762008999634255,0.13287035250472945,0.14358743627153517
KIDS_348.8_-27.2,KIDS_348p8_m27p2_r_SDSS.V1.3.0A_KiDS-1347_GAaP_Gaia.fits,KiDS,-0.1235064387139019,-0.1235064387139019,-0.0008821519788423,0.0168434241806321,0.12262428673505961,0.140349862894534
KIDS_210.6_3.5,KIDS_210p6_3p5_r_SDSS.V1.3.0A_KiDS-1347_GAaP_Gaia.fits,KiDS,-0.10850734595616196,-0.10754034595616194,-0.0426872761569013,-0.0436595875171089,0.06582006979926067,0.06388075843905304
KIDS_39.6_-34.1,KIDS_39p6_m34p1_r_SDSS.V1.3.0A_KiDS-1347_GAaP_Gaia.fits,KiDS,0.00014456513420635364,0.001089565134206355,0.0708942261204436,0.093866599995937,0.07074966098623725,0.09277703486173064
KIDS_13.7_-29.2,KIDS_13p7_m29p2_r_SDSS.V1.3.0A_KiDS-1347_GAaP_Gaia.fits,KiDS,-0.10222052000363013,-0.10155252000363013,-0.0454459706837707,-0.0510040233601873,0.05677454931985943,0.05054849664344283
KIDS_233.6_2.5,KIDS_233p6_2p5_r_SDSS.V1.3.0A_KiDS-1347_GAaP_Gaia.fits,KiDS,-0.10572135262269333,-0.10458835262269334,-0.012616684165837,-0.007830452693507,0.09310466845685633,0.09675789992918633
KIDS_189.0_-1.5,KIDS_189p0_m1p5_r_SDSS.V1.3.0A_KiDS-1347_GAaP_Gaia.fits,KiDS,-0.18916402986480194,-0.18786002986480196,-0.1208729025129065,-0.1126341654949922,0.06829112735189544,0.07522586436980977
KIDS_15.7_-27.2,KIDS_15p7_m27p2_r_SDSS.V1.3.0A_KiDS-1347_GAaP_Gaia.fits,KiDS,0.05520919257830447,0.055561192578304476,0.0421458371298816,0.0516214829138835,-0.013063355448422874,-0.003939709664420976
KIDS_358.9_-27.2,KIDS_358p9_m27p2_r_SDSS.V1.3.0A_KiDS-1347_GAaP_Gaia.fits,KiDS,-0.0953787814720703,-0.08937678147207029,0.0086703415711021,0.0111810310358801,0.10404912304317239,0.10055781250795039
KIDS_168.0_1.5,KIDS_168p0_1p5_r_SDSS.V1.3.0A_KiDS-1347_GAaP_Gaia.fits,KiDS,-0.05396868564526583,-0.052918685645265834,0.1184814527025378,0.128860046142764,0.17245013834780365,0.18177873178802983
KIDS_335.2_-28.2,KIDS_335p2_m28p2_r_SDSS.V1.3.0A_KiDS-1347_GAaP_Gaia.fits,KiDS,0.0681429803114035,0.06831698031140351,0.0464813809651937,0.0496663263849725,-0.021661599346209807,-0.01865065392643101
KIDS_19.2_-34.1,KIDS_19p2_m34p1_r_SDSS.V1.3.0A_KiDS-1347_GAaP_Gaia.fits,KiDS,-0.0650991286494366,-0.06186812864943661,0.1271853411094349,0.1158160248781836,0.1922844697588715,0.1776841535276202
KIDS_2.4_-35.1,KIDS_2p4_m35p1_r_SDSS.V1.3.0A_KiDS-1347_GAaP_Gaia.fits,KiDS,-0.05166823777707141,-0.05148423777707142,0.014391154073872,0.0180133407985007,0.06605939185094341,0.06949757857557212
KIDS_336.0_-34.1,KIDS_336p0_m34p1_r_SDSS.V1.3.0A_KiDS-1347_GAaP_Gaia.fits,KiDS,-0.17801448003272682,-0.17748748003272682,-0.1146901881831652,-0.109976110773716,0.06332429184956162,0.06751136925901083
KIDS_47.1_-27.2,KIDS_47p1_m27p2_r_SDSS.V1.3.0A_KiDS-1347_GAaP_Gaia.fits,KiDS,0.059787339533192825,0.062050339533192826,0.1604084772350821,0.1782798438562879,0.10062113770188927,0.11622950432309506
KIDS_156.0_0.5,KIDS_156p0_0p5_r_SDSS.V1.3.0A_KiDS-1347_GAaP_Gaia.fits,KiDS,0.00920133332291409,0.010012333322914097,0.1327503594581702,0.1240998048178006,0.12354902613525612,0.1140874714948865
KIDS_16.5_-32.1,KIDS_16p5_m32p1_r_SDSS.V1.3.0A_KiDS-1347_GAaP_Gaia.fits,KiDS,0.05756603875175051,0.05756603875175051,0.1975862956895255,0.2024194677683305,0.14002025693777498,0.14485342901658
KIDS_216.0_-1.5,KIDS_216p0_m1p5_r_SDSS.V1.3.0A_KiDS-1347_GAaP_Gaia.fits,KiDS,-0.04174675184752255,-0.04181475184752256,-0.0209243377629795,-0.0285750752694281,0.02082241408454305,0.013239676578094463
KIDS_330.0_-34.1,KIDS_330p0_m34p1_r_SDSS.V1.3.0A_KiDS-1347_GAaP_Gaia.fits,KiDS,-0.0498269277305666,-0.04914892773056659,0.0399874204789863,0.0320400836376313,0.08981434820955289,0.0811890113681979
KIDS_348.7_-28.2,KIDS_348p7_m28p2_r_SDSS.V1.3.0A_KiDS-1347_GAaP_Gaia.fits,KiDS,0.051891065404374215,0.05248206540437422,0.1281680850190977,0.1312167844292123,0.0762770196147235,0.07873471902483808
KIDS_228.0_-1.5,KIDS_228p0_m1p5_r_SDSS.V1.3.0A_KiDS-1347_GAaP_Gaia.fits,KiDS,-0.014030497723038382,-0.01304249772303838,-0.008313394494257,-0.0144163312657897,0.005717103228781382,-0.001373833542751321
KIDS_160.4_-2.5,KIDS_160p4_m2p5_r_SDSS.V1.3.0A_KiDS-1347_GAaP_Gaia.fits,KiDS,-0.0776301130656181,-0.0774661130656181,0.0715139772014015,0.0759506735371868,0.14914409026701958,0.1534167866028049
KIDS_348.0_-34.1,KIDS_348p0_m34p1_r_SDSS.V1.3.0A_KiDS-1347_GAaP_Gaia.fits,KiDS,0.03716786082235644,0.037562860822356436,0.1167032487158248,0.1281480816606639,0.07953538789346837,0.09058522083830747
KIDS_224.0_-0.5,KIDS_224p0_m0p5_r_SDSS.V1.3.0A_KiDS-1347_GAaP_Gaia.fits,KiDS,-0.06704805216931894,-0.06766005216931895,0.0251823374622089,0.0291574407300652,0.09223038963152784,0.09681749289938414
KIDS_185.0_1.5,KIDS_185p0_1p5_r_SDSS.V1.3.0A_KiDS-1347_GAaP_Gaia.fits,KiDS,0.03363378162570892,0.035706781625708915,0.0132836342522716,0.0139427941489308,-0.020350147373437315,-0.021763987476778116
KIDS_29.4_-32.1,KIDS_29p4_m32p1_r_SDSS.V1.3.0A_KiDS-1347_GAaP_Gaia.fits,KiDS,-0.03986674782281682,-0.03903374782281682,0.0332758182177277,0.0330309931306547,0.07314256604054453,0.07206474095347151
KIDS_19.4_-29.2,KIDS_19p4_m29p2_r_SDSS.V1.3.0A_KiDS-1347_GAaP_Gaia.fits,KiDS,-0.08648155563150728,-0.08649955563150727,0.0325183463231312,0.0368447190617064,0.11899990195463847,0.12334427469321367
KIDS_214.6_2.5,KIDS_214p6_2p5_r_SDSS.V1.3.0A_KiDS-1347_GAaP_Gaia.fits,KiDS,0.0366411606595338,0.0410131606595338,0.0929634597890869,0.0931757936263609,0.056322299129553104,0.0521626329668271
KIDS_2.3_-28.2,KIDS_2p3_m28p2_r_SDSS.V1.3.0A_KiDS-1347_GAaP_Gaia.fits,KiDS,-0.039365358810936724,-0.03867535881093673,0.0274347908792397,0.030706336207344,0.06680014969017642,0.06938169501828073
KIDS_343.2_-34.1,KIDS_343p2_m34p1_r_SDSS.V1.3.0A_KiDS-1347_GAaP_Gaia.fits,KiDS,-0.09943934462628004,-0.09869034462628004,0.0532437759413697,0.0558050387405543,0.15268312056764974,0.15449538336683433
KIDS_346.9_-33.1,KIDS_346p9_m33p1_r_SDSS.V1.3.0A_KiDS-1347_GAaP_Gaia.fits,KiDS,0.017868798481657122,0.017542798481657115,0.047368548319409,0.041670010157189,0.02949974983775188,0.024127211675531883
KIDS_45.6_-34.1,KIDS_45p6_m34p1_r_SDSS.V1.3.0A_KiDS-1347_GAaP_Gaia.fits,KiDS,0.015851034120812624,0.019059034120812612,0.122373534178357,0.1117400952129751,0.10652250005754438,0.09268106109216248
KIDS_180.5_3.5,KIDS_180p5_3p5_r_SDSS.V1.3.0A_KiDS-1347_GAaP_Gaia.fits,KiDS,0.04221275848931278,0.042776758489312776,0.1290510448522212,0.1341247338105064,0.08683828636290841,0.09134797532119363
KIDS_42.8_-33.1,KIDS_42p8_m33p1_r_SDSS.V1.3.0A_KiDS-1347_GAaP_Gaia.fits,KiDS,0.025103313742044442,0.02536231374204445,0.1727404630863044,0.160829816027417,0.14763714934425995,0.13546750228537255
KIDS_201.6_-2.5,KIDS_201p6_m2p5_r_SDSS.V1.3.0A_KiDS-1347_GAaP_Gaia.fits,KiDS,0.06981339807988393,0.07068739807988392,0.1608914548065095,0.1661659798250654,0.09107805672662556,0.09547858174518148
KIDS_339.0_-31.2,KIDS_339p0_m31p2_r_SDSS.V1.3.0A_KiDS-1347_GAaP_Gaia.fits,KiDS,0.08817725391910242,0.09045025391910241,0.0957384771746774,0.1108060286839243,0.007561223255574984,0.020355774764821893
KIDS_47.8_-31.2,KIDS_47p8_m31p2_r_SDSS.V1.3.0A_KiDS-1347_GAaP_Gaia.fits,KiDS,0.012386918668025187,0.012386918668025187,0.1779148086020281,0.1911605479730979,0.16552788993400291,0.1787736293050727
KIDS_356.6_-27.2,KIDS_356p6_m27p2_r_SDSS.V1.3.0A_KiDS-1347_GAaP_Gaia.fits,KiDS,-0.07770816518962628,-0.07766916518962627,-0.0046438752544869,0.0193732789921062,0.07306428993513939,0.09704244418173247
KIDS_52.4_-29.2,KIDS_52p4_m29p2_r_SDSS.V1.3.0A_KiDS-1347_GAaP_Gaia.fits,KiDS,-0.022238368108974713,-0.021548368108974703,0.156379375719679,0.1589135935145102,0.1786177438286537,0.1804619616234849
KIDS_22.6_-28.2,KIDS_22p6_m28p2_r_SDSS.V1.3.0A_KiDS-1347_GAaP_Gaia.fits,KiDS,-0.09836724445053499,-0.09833624445053499,0.0957484915090099,0.1076308602069303,0.1941157359595449,0.2059671046574653
KIDS_32.1_-33.1,KIDS_32p1_m33p1_r_SDSS.V1.3.0A_KiDS-1347_GAaP_Gaia.fits,KiDS,-0.031890691154355416,-0.031575691154355434,0.0360593107300759,0.0481615772952389,0.06795000188443132,0.07973726844959433
KIDS_1.1_-29.2,KIDS_1p1_m29p2_r_SDSS.V1.3.0A_KiDS-1347_GAaP_Gaia.fits,KiDS,-0.028687399608411907,-0.028240399608411904,0.0837647913635649,0.0712794753502242,0.11245219097197681,0.09951987495863611
KIDS_7.3_-35.1,KIDS_7p3_m35p1_r_SDSS.V1.3.0A_KiDS-1347_GAaP_Gaia.fits,KiDS,-0.11098996416851262,-0.11098996416851262,-0.0012576130195936,0.0038472543716765,0.10973235114891902,0.11483721854018912
KIDS_207.0_-0.5,KIDS_207p0_m0p5_r_SDSS.V1.3.0A_KiDS-1347_GAaP_Gaia.fits,KiDS,-0.016017488785998166,-0.016017488785998166,0.0662516763563242,0.0639718737637477,0.08226916514232237,0.07998936254974587
KIDS_330.7_-28.2,KIDS_330p7_m28p2_r_SDSS.V1.3.0A_KiDS-1347_GAaP_Gaia.fits,KiDS,-0.05809657233431928,-0.05832657233431929,-0.0394067075479035,-0.0465934193571405,0.01868986478641578,0.011733152977178786
KIDS_197.0_1.5,KIDS_197p0_1p5_r_SDSS.V1.3.0A_KiDS-1347_GAaP_Gaia.fits,KiDS,0.09833219504334496,0.09895119504334494,0.1478294404608354,0.1585780652784779,0.04949724541749044,0.05962687023513295
KIDS_136.0_-0.5,KIDS_136p0_m0p5_r_SDSS.V1.3.0A_KiDS-1347_GAaP_Gaia.fits,KiDS,0.055356647720041105,0.05766964772004111,0.106810731613445,0.1073800032932382,0.05145408389340389,0.04971035557319709
KIDS_216.0_-0.5,KIDS_216p0_m0p5_r_SDSS.V1.3.0A_KiDS-1347_GAaP_Gaia.fits,KiDS,0.06988259939337937,0.06990159939337937,0.1332190534657196,0.1382218364398122,0.06333645407234023,0.06832023704643284
KIDS_33.6_-27.2,KIDS_33p6_m27p2_r_SDSS.V1.3.0A_KiDS-1347_GAaP_Gaia.fits,KiDS,-0.10330395338164514,-0.11002195338164514,-0.0565292157535449,-0.0420131290545502,0.046774737628100235,0.06800882432709493
KIDS_135.4_2.5,KIDS_135p4_2p5_r_SDSS.V1.3.0A_KiDS-1347_GAaP_Gaia.fits,KiDS,-0.05235707486478161,-0.05259107486478162,-0.0287801367110759,-0.0160595900733304,0.02357693815370571,0.03653148479145123
KIDS_174.5_3.5,KIDS_174p5_3p5_r_SDSS.V1.3.0A_KiDS-1347_GAaP_Gaia.fits,KiDS,-0.08028162877791414,-0.07215762877791412,0.0143543739112818,0.0121048347123717,0.09463600268919595,0.08426246349028582
KIDS_7.9_-27.2,KIDS_7p9_m27p2_r_SDSS.V1.3.0A_KiDS-1347_GAaP_Gaia.fits,KiDS,-0.13409229824309812,-0.13409229824309812,0.0753270859258447,0.0876994438004649,0.20941938416894282,0.22179174204356303
KIDS_193.0_-1.5,KIDS_193p0_m1p5_r_SDSS.V1.3.0A_KiDS-1347_GAaP_Gaia.fits,KiDS,-0.0156946097216836,-0.009499609721683594,0.0575779225689611,0.0494763702907457,0.0732725322906447,0.05897598001242929
KIDS_180.0_-0.5,KIDS_180p0_m0p5_r_SDSS.V1.3.0A_KiDS-1347_GAaP_Gaia.fits,KiDS,0.055941301274810035,0.05649430127481003,0.0133587640249286,0.0313406542113846,-0.04258253724988144,-0.025153647063425433
KIDS_213.6_3.5,KIDS_213p6_3p5_r_SDSS.V1.3.0A_KiDS-1347_GAaP_Gaia.fits,KiDS,0.04630440807947182,0.04678640807947182,0.1666156232021954,0.1760492617241135,0.12031121512272357,0.12926285364464168
KIDS_228.6_2.5,KIDS_228p6_2p5_r_SDSS.V1.3.0A_KiDS-1347_GAaP_Gaia.fits,KiDS,-0.04609806367213684,-0.042686063672136815,0.0015633286205431,-0.0001407075843539,0.04766139229267994,0.04254535608778291
KIDS_4.5_-28.2,KIDS_4p5_m28p2_r_SDSS.V1.3.0A_KiDS-1347_GAaP_Gaia.fits,KiDS,0.045650254334402576,0.046746254334402576,0.1517763617420115,0.1569778915400443,0.10612610740760893,0.11023163720564172
KIDS_236.0_1.5,KIDS_236p0_1p5_r_SDSS.V1.3.0A_KiDS-1347_GAaP_Gaia.fits,KiDS,-0.08205274097223397,-0.08205274097223397,-0.0096578581806931,-0.0043844362905768,0.07239488279154087,0.07766830468165717
KIDS_191.0_1.5,KIDS_191p0_1p5_r_SDSS.V1.3.0A_KiDS-1347_GAaP_Gaia.fits,KiDS,-0.2062032413986957,-0.20781024139869572,-0.1048879672878068,-0.0861886727508266,0.10131527411088889,0.12162156864786912
KIDS_47.4_-28.2,KIDS_47p4_m28p2_r_SDSS.V1.3.0A_KiDS-1347_GAaP_Gaia.fits,KiDS,0.04871216782233584,0.04955816782233584,0.2031214857558239,0.2114113743579387,0.15440931793348806,0.16185320653560287
KIDS_169.5_3.5,KIDS_169p5_3p5_r_SDSS.V1.3.0A_KiDS-1347_GAaP_Gaia.fits,KiDS,-0.023144521332358933,-0.023144521332358933,0.1479418637975823,0.1437728366574568,0.17108638512994123,0.16691735798981572
KIDS_167.0_-1.5,KIDS_167p0_m1p5_r_SDSS.V1.3.0A_KiDS-1347_GAaP_Gaia.fits,KiDS,-0.0655222524866175,-0.06542425248661748,0.047008764149118,0.0756480429458213,0.1125310166357355,0.14107229543243877
KIDS_207.0_1.5,KIDS_207p0_1p5_r_SDSS.V1.3.0A_KiDS-1347_GAaP_Gaia.fits,KiDS,-0.21141448103044588,-0.21070248103044584,-0.1452876264134967,-0.1356705079188627,0.06612685461694917,0.07503197311158313
KIDS_347.3_-30.2,KIDS_347p3_m30p2_r_SDSS.V1.3.0A_KiDS-1347_GAaP_Gaia.fits,KiDS,0.09828909071161315,0.10228109071161315,0.1606606687376495,0.1780663657640609,0.06237157802603635,0.07578527505244775
KIDS_179.0_-1.5,KIDS_179p0_m1p5_r_SDSS.V1.3.0A_KiDS-1347_GAaP_Gaia.fits,KiDS,0.059766874125931735,0.059766874125931735,0.06177431122007,0.0621550760347253,0.0020074370941382674,0.0023882019087935677
KIDS_137.0_-0.5,KIDS_137p0_m0p5_r_SDSS.V1.3.0A_KiDS-1347_GAaP_Gaia.fits,KiDS,-0.05953144662961571,-0.05964244662961571,-0.0445384416654962,-0.0435243925480068,0.01499300496411951,0.016118054081608907
KIDS_344.7_-32.1,KIDS_344p7_m32p1_r_SDSS.V1.3.0A_KiDS-1347_GAaP_Gaia.fits,KiDS,0.040398395894912655,0.04101639589491265,0.1186598527002091,0.1111661110812741,0.07826145680529645,0.07014971518636146
KIDS_41.0_-29.2,KIDS_41p0_m29p2_r_SDSS.V1.3.0A_KiDS-1347_GAaP_Gaia.fits,KiDS,-0.16753535062350985,-0.16681335062350985,-0.1097823150558801,-0.0991265267204088,0.05775303556762976,0.06768682390310106
KIDS_16.8_-27.2,KIDS_16p8_m27p2_r_SDSS.V1.3.0A_KiDS-1347_GAaP_Gaia.fits,KiDS,-0.07552772140804412,-0.07480172140804411,-0.049237660458316,-0.0489073599651204,0.02629006094972812,0.025894361442923716
KIDS_333.8_-29.2,KIDS_333p8_m29p2_r_SDSS.V1.3.0A_KiDS-1347_GAaP_Gaia.fits,KiDS,-0.059383414187753086,-0.05910741418775309,0.0352039439475254,0.037874327732883,0.0945873581352785,0.09698174192063608
KIDS_187.5_3.5,KIDS_187p5_3p5_r_SDSS.V1.3.0A_KiDS-1347_GAaP_Gaia.fits,KiDS,-0.14449105786868802,-0.14462005786868806,-0.0952829306993113,-0.0760584566093015,0.04920812716937671,0.06856160125938657
KIDS_21.0_-31.2,KIDS_21p0_m31p2_r_SDSS.V1.3.0A_KiDS-1347_GAaP_Gaia.fits,KiDS,0.06455270580216269,0.06468970580216268,0.2211695537906304,0.2322098510374511,0.15661684798846773,0.1675201452352884
KIDS_48.0_-34.1,KIDS_48p0_m34p1_r_SDSS.V1.3.0A_KiDS-1347_GAaP_Gaia.fits,KiDS,-0.020864775765537524,-0.02059977576553751,0.1614970755281554,0.1501790473702792,0.18236185129369292,0.17077882313581672
KIDS_224.6_3.5,KIDS_224p6_3p5_r_SDSS.V1.3.0A_KiDS-1347_GAaP_Gaia.fits,KiDS,-0.16643691989712214,-0.16790091989712216,-0.0471068486297805,-0.0427044872170928,0.11933007126734164,0.12519643268002936
KIDS_35.0_-31.2,KIDS_35p0_m31p2_r_SDSS.V1.3.0A_KiDS-1347_GAaP_Gaia.fits,KiDS,-0.04483226806871962,-0.04438926806871962,0.1777595236686764,0.1528011241610454,0.22259179173739602,0.19719039222976503
KIDS_213.0_-1.5,KIDS_213p0_m1p5_r_SDSS.V1.3.0A_KiDS-1347_GAaP_Gaia.fits,KiDS,-0.08156852227757572,-0.08039652227757574,0.0360971166744622,0.0232441242791426,0.11766563895203791,0.10364064655671834
KIDS_355.4_-29.2,KIDS_355p4_m29p2_r_SDSS.V1.3.0A_KiDS-1347_GAaP_Gaia.fits,KiDS,0.016767778887683188,0.017076778887683178,0.0722014140664926,0.0893024202344543,0.05543363517880941,0.07222564134677112
KIDS_346.6_-35.1,KIDS_346p6_m35p1_r_SDSS.V1.3.0A_KiDS-1347_GAaP_Gaia.fits,KiDS,-0.10018665982702568,-0.09994865982702567,-0.0502719988074423,-0.0416940933424668,0.04991466101958338,0.058254566484558866
KIDS_198.6_3.5,KIDS_198p6_3p5_r_SDSS.V1.3.0A_KiDS-1347_GAaP_Gaia.fits,KiDS,0.021697976096059668,0.023117976096059645,0.0355615641917084,0.0389704210722208,0.013863588095648735,0.015852444976161152
DEEP2328,OMEGACAM_352p0_0p0_r_SDSS.V1.2.0A_KiDS-1347_GAaP_Gaia.fits,KiDZ,0.08745087614907074,0.08825887614907074,0.0697157610994131,0.0732586348127616,-0.017735115049657635,-0.015000241336309145
KIDS_215.6_-2.5,KIDS_215p6_m2p5_r_SDSS.V1.3.0A_KiDS-1347_GAaP_Gaia.fits,KiDS,0.08469118333981929,0.08482518333981928,0.1900595927673419,0.1892083670471312,0.10536840942752262,0.10438318370731192
KIDS_163.0_1.5,KIDS_163p0_1p5_r_SDSS.V1.3.0A_KiDS-1347_GAaP_Gaia.fits,KiDS,-0.022353388562021737,-0.02068038856202173,0.140025534522945,0.1479430272025652,0.16237892308496674,0.16862341576458692
KIDS_329.7_-31.2,KIDS_329p7_m31p2_r_SDSS.V1.3.0A_KiDS-1347_GAaP_Gaia.fits,KiDS,0.027852853777275657,0.03064385377727566,0.1279187054293196,0.1340320588318679,0.10006585165204394,0.10338820505459223
KIDS_40.4_-27.2,KIDS_40p4_m27p2_r_SDSS.V1.3.0A_KiDS-1347_GAaP_Gaia.fits,KiDS,-0.07024642221564811,-0.0692924222156481,-0.000645363142689,0.0320575459282096,0.06960105907295912,0.1013499681438577
KIDS_205.0_-0.5,KIDS_205p0_m0p5_r_SDSS.V1.3.0A_KiDS-1347_GAaP_Gaia.fits,KiDS,-0.020074312082529647,-0.018848312082529642,0.0905618915818198,0.0963079692469258,0.11063620366434945,0.11515628132945545
KIDS_217.6_-3.5,KIDS_217p6_m3p5_r_SDSS.V1.3.0A_KiDS-1347_GAaP_Gaia.fits,KiDS,-0.09739969039197857,-0.0966726903919786,-0.0352107734385582,-0.0359541074511702,0.062188916953420374,0.0607185829408084
KIDS_235.7_2.5,KIDS_235p7_2p5_r_SDSS.V1.3.0A_KiDS-1347_GAaP_Gaia.fits,KiDS,-0.021588168270036026,-0.021233168270036032,0.038870973479624,0.0400425679118251,0.06045914174966003,0.061275736181861135
KIDS_183.0_-1.5,KIDS_183p0_m1p5_r_SDSS.V1.3.0A_KiDS-1347_GAaP_Gaia.fits,KiDS,-2.215205658488706e-05,0.00027284794341511653,-0.0126073586453799,0.0002977361925589,-0.012585206588795013,2.488824914378344e-05
KIDS_11.3_-28.2,KIDS_11p3_m28p2_r_SDSS.V1.3.0A_KiDS-1347_GAaP_Gaia.fits,KiDS,-0.022024456597053058,-0.021090456597053053,0.0187771356440263,0.0185689333730421,0.04080159224107936,0.03965938997009515
KIDS_334.5_-35.1,KIDS_334p5_m35p1_r_SDSS.V1.3.0A_KiDS-1347_GAaP_Gaia.fits,KiDS,0.0675211344814606,0.06759713448146061,0.0968783133745405,0.1070030898199308,0.0293571788930799,0.03940595533847019
KIDS_37.0_-27.2,KIDS_37p0_m27p2_r_SDSS.V1.3.0A_KiDS-1347_GAaP_Gaia.fits,KiDS,-0.10399670936470082,-0.1037067093647008,0.1434243112652879,0.1205956832341944,0.24742102062998872,0.2243023925988952
KIDS_224.0_0.5,KIDS_224p0_0p5_r_SDSS.V1.3.0A_KiDS-1347_GAaP_Gaia.fits,KiDS,0.06015978417497485,0.06530078417497485,0.1576541880357861,0.1529699311447817,0.09749440386081125,0.08766914696980684
KIDS_183.5_-3.5,KIDS_183p5_m3p5_r_SDSS.V1.3.0A_KiDS-1347_GAaP_Gaia.fits,KiDS,-0.04398004599083116,-0.04422604599083116,0.0576191817442523,0.053957498573251,0.10159922773508345,0.09818354456408215
KIDS_338.4_-29.2,KIDS_338p4_m29p2_r_SDSS.V1.3.0A_KiDS-1347_GAaP_Gaia.fits,KiDS,0.01587038906606969,0.01587038906606969,0.0456352720990081,0.0529981266221055,0.029764883032938408,0.03712773755603581
KIDS_19.8_-31.2,KIDS_19p8_m31p2_r_SDSS.V1.3.0A_KiDS-1347_GAaP_Gaia.fits,KiDS,-0.008183256335520903,-0.004428256335520908,0.0486689865631226,0.0666243377334679,0.056852242898643504,0.07105259406898881
KIDS_209.6_3.5,KIDS_209p6_3p5_r_SDSS.V1.3.0A_KiDS-1347_GAaP_Gaia.fits,KiDS,0.044600882939875394,0.04605388293987539,0.1120052724380138,0.1245134998080753,0.0674043894981384,0.07845961686819991
KIDS_40.8_-34.1,KIDS_40p8_m34p1_r_SDSS.V1.3.0A_KiDS-1347_GAaP_Gaia.fits,KiDS,0.11784691767398978,0.11821391767398978,0.2503576345875914,0.2507834316516525,0.13251071691360164,0.13256951397766273
KIDS_343.1_-28.2,KIDS_343p1_m28p2_r_SDSS.V1.3.0A_KiDS-1347_GAaP_Gaia.fits,KiDS,-0.051266206421489074,-0.04947120642148908,-0.0282304153677641,-0.0140369693965633,0.023035791053724976,0.035434237024925784
KIDS_227.6_2.5,KIDS_227p6_2p5_r_SDSS.V1.3.0A_KiDS-1347_GAaP_Gaia.fits,KiDS,-0.0724093446190319,-0.07199334461903187,0.1124394809878425,0.1733312685995875,0.18484882560687438,0.24532461321861937
KIDS_212.6_-3.5,KIDS_212p6_m3p5_r_SDSS.V1.3.0A_KiDS-1347_GAaP_Gaia.fits,KiDS,-0.29035516504223435,-0.2889401650422344,-0.1295699436909766,-0.1337686691138213,0.16078522135125775,0.15517149592841312
KIDS_53.3_-26.2,KIDS_53p3_m26p2_r_SDSS.V1.3.0A_KiDS-1347_GAaP_Gaia.fits,KiDS,-0.027960939220179573,-0.02813993922017957,0.1994536197221217,0.188821096904968,0.22741455894230128,0.21696103612514758
KIDS_340.9_-27.2,KIDS_340p9_m27p2_r_SDSS.V1.3.0A_KiDS-1347_GAaP_Gaia.fits,KiDS,-0.08344613317284863,-0.08049513317284865,-0.0143268129744333,-0.002309270495726,0.06911932019841532,0.07818586267712264
KIDS_225.0_-0.5,KIDS_225p0_m0p5_r_SDSS.V1.3.0A_KiDS-1347_GAaP_Gaia.fits,KiDS,0.057690638183218415,0.05746163818321841,0.1464629884622964,0.145285661482649,0.088772350279078,0.08782402329943058
KIDS_337.2_-29.2,KIDS_337p2_m29p2_r_SDSS.V1.3.0A_KiDS-1347_GAaP_Gaia.fits,KiDS,0.021393629727139707,0.025973629727139708,0.0425538366027974,0.0474524510526188,0.021160206875657693,0.02147882132547909
KIDS_193.0_1.5,KIDS_193p0_1p5_r_SDSS.V1.3.0A_KiDS-1347_GAaP_Gaia.fits,KiDS,-0.19427397784277797,-0.1941399778427779,-0.1415756958259432,-0.1402564769588274,0.05269828201683477,0.0538835008839505
KIDS_40.0_-32.1,KIDS_40p0_m32p1_r_SDSS.V1.3.0A_KiDS-1347_GAaP_Gaia.fits,KiDS,0.056933971608214416,0.05706597160821441,0.1100880902471234,0.1277575726944585,0.05315411863890899,0.07069160108624409
KIDS_208.0_-1.5,KIDS_208p0_m1p5_r_SDSS.V1.3.0A_KiDS-1347_GAaP_Gaia.fits,KiDS,0.04317565367835238,0.04645365367835237,0.1452310883237468,0.1479130606898914,0.1020554346453944,0.10145940701153904
KIDS_167.0_1.5,KIDS_167p0_1p5_r_SDSS.V1.3.0A_KiDS-1347_GAaP_Gaia.fits,KiDS,-0.07523855351671052,-0.07746455351671053,0.0797585272422542,0.0880918306623667,0.15499708075896473,0.16555638417907723
KIDS_24.0_-34.1,KIDS_24p0_m34p1_r_SDSS.V1.3.0A_KiDS-1347_GAaP_Gaia.fits,KiDS,0.03570793262402368,0.03784093262402369,0.2070758636352154,0.2193062702556207,0.17136793101119174,0.181465337631597
KIDS_192.0_1.5,KIDS_192p0_1p5_r_SDSS.V1.3.0A_KiDS-1347_GAaP_Gaia.fits,KiDS,-0.2358195531968085,-0.2332805531968085,-0.2088390735613747,-0.2041410119588288,0.02698047963543379,0.029139541237979683
KIDS_338.1_-35.1,KIDS_338p1_m35p1_r_SDSS.V1.3.0A_KiDS-1347_GAaP_Gaia.fits,KiDS,0.025234936001772137,0.026562936001772133,0.0704783575636799,0.0738122484278606,0.04524342156190776,0.04724931242608847
KIDS_203.0_0.5,KIDS_203p0_0p5_r_SDSS.V1.3.0A_KiDS-1347_GAaP_Gaia.fits,KiDS,0.008542592372489055,0.012266592372489046,0.1007432157303176,0.1005263950325929,0.09220062335782854,0.08825980266010386
KIDS_0.0_-31.2,KIDS_0p0_m31p2_r_SDSS.V1.3.0A_KiDS-1347_GAaP_Gaia.fits,KiDS,0.022587410806519992,0.02153141080651999,0.0952964235006771,0.1024335241763466,0.07270901269415711,0.08090211336982661
KIDS_33.0_-29.2,KIDS_33p0_m29p2_r_SDSS.V1.3.0A_KiDS-1347_GAaP_Gaia.fits,KiDS,-0.07425151637032543,-0.07425151637032543,0.1179595669729313,0.118738721056381,0.19221108334325673,0.19299023742670643
KIDS_205.6_3.5,KIDS_205p6_3p5_r_SDSS.V1.3.0A_KiDS-1347_GAaP_Gaia.fits,KiDS,0.021691462975644588,0.0219264629756446,0.0962166579298685,0.1091392465444792,0.07452519495422391,0.08721278356883459
KIDS_36.5_-32.1,KIDS_36p5_m32p1_r_SDSS.V1.3.0A_KiDS-1347_GAaP_Gaia.fits,KiDS,0.0781285956908362,0.0773735956908362,0.2431695086303695,0.2450733232080119,0.16504091293953332,0.1676997275171757
KIDS_21.6_-29.2,KIDS_21p6_m29p2_r_SDSS.V1.3.0A_KiDS-1347_GAaP_Gaia.fits,KiDS,-0.0960940792046702,-0.09619507920467021,0.1170011996866144,0.1052954095333274,0.2130952788912846,0.20149048873799763
KIDS_49.9_-35.1,KIDS_49p9_m35p1_r_SDSS.V1.3.0A_KiDS-1347_GAaP_Gaia.fits,KiDS,-0.03310807294130083,-0.031908072941300825,0.037025073640575,0.0363180404193489,0.07013314658187583,0.06822611336064972
KIDS_47.8_-29.2,KIDS_47p8_m29p2_r_SDSS.V1.3.0A_KiDS-1347_GAaP_Gaia.fits,KiDS,-0.10317143694121628,-0.10632343694121629,0.0408626322700824,0.0609250472117677,0.1440340692112987,0.167248484152984
KIDS_172.5_-3.5,KIDS_172p5_m3p5_r_SDSS.V1.3.0A_KiDS-1347_GAaP_Gaia.fits,KiDS,-0.09152244273803897,-0.08844944273803898,0.0989341266246575,0.1044850763984932,0.19045656936269648,0.1929345191365322
KIDS_16.9_-28.2,KIDS_16p9_m28p2_r_SDSS.V1.3.0A_KiDS-1347_GAaP_Gaia.fits,KiDS,-0.06631412202439035,-0.06485212202439036,0.0805747840415206,0.1052658153870786,0.14688890606591096,0.17011793741146897
KIDS_43.7_-27.2,KIDS_43p7_m27p2_r_SDSS.V1.3.0A_KiDS-1347_GAaP_Gaia.fits,KiDS,-0.09463235165484807,-0.09358935165484808,0.1043750302317012,0.1169379345755745,0.19900738188654926,0.21052728623042258
KIDS_26.0_-28.2,KIDS_26p0_m28p2_r_SDSS.V1.3.0A_KiDS-1347_GAaP_Gaia.fits,KiDS,-0.08191994160461755,-0.08879794160461754,0.0551409518907331,0.0700115693481178,0.13706089349535064,0.15880951095273532
KIDS_224.6_2.5,KIDS_224p6_2p5_r_SDSS.V1.3.0A_KiDS-1347_GAaP_Gaia.fits,KiDS,0.047840646667845696,0.0488146466678457,0.1154664463822264,0.1290615123311564,0.06762579971438071,0.0802468656633107
KIDS_160.4_-3.5,KIDS_160p4_m3p5_r_SDSS.V1.3.0A_KiDS-1347_GAaP_Gaia.fits,KiDS,-0.04631388540054729,-0.04639088540054728,0.0057704626608894,0.0099035939656558,0.05208434806143669,0.05629447936620308
KIDS_176.0_1.5,KIDS_176p0_1p5_r_SDSS.V1.3.0A_KiDS-1347_GAaP_Gaia.fits,KiDS,0.06012956080640261,0.06101856080640261,0.1061863856835322,0.1166743551255993,0.04605682487712959,0.05565579431919669
KIDS_222.6_3.5,KIDS_222p6_3p5_r_SDSS.V1.3.0A_KiDS-1347_GAaP_Gaia.fits,KiDS,0.056129047980992997,0.056129047980992997,0.1384285023403466,0.1467296231354252,0.0822994543593536,0.0906005751544322
KIDS_222.6_-3.5,KIDS_222p6_m3p5_r_SDSS.V1.3.0A_KiDS-1347_GAaP_Gaia.fits,KiDS,-0.1665415380765761,-0.16546353807657607,-0.0895464586321076,-0.0887545413255072,0.0769950794444685,0.07670899675106888
KIDS_37.2_-34.1,KIDS_37p2_m34p1_r_SDSS.V1.3.0A_KiDS-1347_GAaP_Gaia.fits,KiDS,0.013762904907427986,0.018018904907427996,-0.0030702807757363,-0.0130965296146176,-0.016833185683164286,-0.0311154345220456
KIDS_42.6_-27.2,KIDS_42p6_m27p2_r_SDSS.V1.3.0A_KiDS-1347_GAaP_Gaia.fits,KiDS,-0.10469067977756699,-0.10441267977756699,0.125786363012036,0.1282903632182556,0.230477042789603,0.2327030429958226
KIDS_332.0_-35.1,KIDS_332p0_m35p1_r_SDSS.V1.3.0A_KiDS-1347_GAaP_Gaia.fits,KiDS,-0.022381388052026635,-0.02178038805202663,0.007481914488466,0.0212172861677909,0.029863302540492635,0.04299767421981753
KIDS_177.0_1.5,KIDS_177p0_1p5_r_SDSS.V1.3.0A_KiDS-1347_GAaP_Gaia.fits,KiDS,0.013275402235383912,0.015414402235383914,0.06407473281547,0.0869281949382915,0.050799330580086094,0.07151379270290759
KIDS_215.6_3.5,KIDS_215p6_3p5_r_SDSS.V1.3.0A_KiDS-1347_GAaP_Gaia.fits,KiDS,-0.16182962799903508,-0.16179462799903513,-0.1148965650766752,-0.099900118723688,0.04693306292235988,0.061894509275347134
KIDS_178.0_1.5,KIDS_178p0_1p5_r_SDSS.V1.3.0A_KiDS-1347_GAaP_Gaia.fits,KiDS,0.015494298654553429,0.015055298654553434,-0.0347701798671405,-0.0416057398734332,-0.050264478521693925,-0.05666103852798664
KIDS_161.0_-0.5,KIDS_161p0_m0p5_r_SDSS.V1.3.0A_KiDS-1347_GAaP_Gaia.fits,KiDS,0.03928105218386682,0.03987305218386682,0.1683124241841703,0.1625347830130052,0.12903137200030348,0.12266173082913838
KIDS_204.6_2.5,KIDS_204p6_2p5_r_SDSS.V1.3.0A_KiDS-1347_GAaP_Gaia.fits,KiDS,-0.09715402553538713,-0.09808702553538712,-0.023523582335572,-0.0259697358364489,0.07363044319981513,0.07211728969893821
KIDS_31.1_-30.2,KIDS_31p1_m30p2_r_SDSS.V1.3.0A_KiDS-1347_GAaP_Gaia.fits,KiDS,0.06912172385751561,0.0693047238575156,0.2494831368794621,0.2436143193137686,0.1803614130219465,0.174309595456253
KIDS_347.5_-29.2,KIDS_347p5_m29p2_r_SDSS.V1.3.0A_KiDS-1347_GAaP_Gaia.fits,KiDS,0.029891663460840573,0.03141566346084057,0.1532558718578874,0.1583798673815288,0.12336420839704682,0.12696420392068822
KIDS_200.0_1.5,KIDS_200p0_1p5_r_SDSS.V1.3.0A_KiDS-1347_GAaP_Gaia.fits,KiDS,-0.21687464382097435,-0.21534364382097435,-0.1563766481395024,-0.1600788673621191,0.06049799568147196,0.05526477645885525
KIDS_178.0_0.5,KIDS_178p0_0p5_r_SDSS.V1.3.0A_KiDS-1347_GAaP_Gaia.fits,KiDS,0.013400282806583397,0.020124282806583405,0.0096066294451212,0.0034419250630406,-0.0037936533614621962,-0.016682357743542806
KIDS_130.0_-1.5,KIDS_130p0_m1p5_r_SDSS.V1.3.0A_KiDS-1347_GAaP_Gaia.fits,KiDS,0.06703181577334226,0.06780781577334226,0.0064771548191967,0.014872432665543,-0.06055466095414556,-0.05293538310779926
KIDS_24.7_-27.2,KIDS_24p7_m27p2_r_SDSS.V1.3.0A_KiDS-1347_GAaP_Gaia.fits,KiDS,-0.07827088494013834,-0.07690688494013834,0.0391182695232191,0.0890312455108011,0.11738915446335743,0.16593813045093944
KIDS_38.0_-33.1,KIDS_38p0_m33p1_r_SDSS.V1.3.0A_KiDS-1347_GAaP_Gaia.fits,KiDS,-0.0010527603738380714,0.004552239626161941,0.1380522207987612,0.1351276658814555,0.13910498117259928,0.13057542625529356
KIDS_357.7_-29.2,KIDS_357p7_m29p2_r_SDSS.V1.3.0A_KiDS-1347_GAaP_Gaia.fits,KiDS,0.058688104520057946,0.05886910452005795,0.1557084924885859,0.1800817579916347,0.09702038796852795,0.12121265347157675
KIDS_335.5_-31.2,KIDS_335p5_m31p2_r_SDSS.V1.3.0A_KiDS-1347_GAaP_Gaia.fits,KiDS,-0.00442012761215288,-0.00442012761215288,0.0606439336780181,0.059282862710304,0.06506406129017098,0.06370299032245688
KIDS_163.0_0.5,KIDS_163p0_0p5_r_SDSS.V1.3.0A_KiDS-1347_GAaP_Gaia.fits,KiDS,-0.020192546276417492,-0.018450546276417484,0.0290419859866211,0.0439013337748645,0.04923453226303859,0.062351880051281984
KIDS_192.5_-3.5,KIDS_192p5_m3p5_r_SDSS.V1.3.0A_KiDS-1347_GAaP_Gaia.fits,KiDS,0.019698841021214497,0.022628841021214485,0.1707193370718821,0.1637615049826095,0.1510204960506676,0.141132663961395
KIDS_157.0_-1.5,KIDS_157p0_m1p5_r_SDSS.V1.3.0A_KiDS-1347_GAaP_Gaia.fits,KiDS,-0.04200160390291838,-0.04096660390291837,0.0517083730298701,0.0721771543120099,0.09370997693278849,0.11314375821492827
KIDS_351.6_-34.1,KIDS_351p6_m34p1_r_SDSS.V1.3.0A_KiDS-1347_GAaP_Gaia.fits,KiDS,-0.08732209948423977,-0.08732209948423977,0.0898672457559912,0.0858866940364273,0.17718934524023097,0.1732087935206671
KIDS_183.5_3.5,KIDS_183p5_3p5_r_SDSS.V1.3.0A_KiDS-1347_GAaP_Gaia.fits,KiDS,-0.1392691437437815,-0.1396011437437815,-0.0730624648161466,-0.0550339313944309,0.06620667892763489,0.08456721234935059
KIDS_226.0_0.5,KIDS_226p0_0p5_r_SDSS.V1.3.0A_KiDS-1347_GAaP_Gaia.fits,KiDS,0.06244498834285589,0.06423598834285588,0.1548014539962697,0.1607661432878699,0.09235646565341382,0.09653015494501402
KIDS_25.6_-31.2,KIDS_25p6_m31p2_r_SDSS.V1.3.0A_KiDS-1347_GAaP_Gaia.fits,KiDS,-0.04066111560494759,-0.039983115604947606,-0.0371978428383489,-0.0365814697089496,0.0034632727665986907,0.0034016458959980067
KIDS_47.2_-30.2,KIDS_47p2_m30p2_r_SDSS.V1.3.0A_KiDS-1347_GAaP_Gaia.fits,KiDS,0.1039721661746451,0.1043511661746451,0.0606553665890834,0.0796848775593151,-0.04331679958556169,-0.024666288615330004
KIDS_161.0_1.5,KIDS_161p0_1p5_r_SDSS.V1.3.0A_KiDS-1347_GAaP_Gaia.fits,KiDS,-0.053824539565529766,-0.05095153956552975,0.0472674959707708,0.069235007332188,0.10109203553630056,0.12018654689771775
KIDS_237.0_-0.5,KIDS_237p0_m0p5_r_SDSS.V1.3.0A_KiDS-1347_GAaP_Gaia.fits,KiDS,0.014731047466281746,0.015127047466281726,0.0793800849168386,0.0794409230277204,0.06464903745055685,0.06431387556143868
KIDS_350.9_-29.2,KIDS_350p9_m29p2_r_SDSS.V1.3.0A_KiDS-1347_GAaP_Gaia.fits,KiDS,0.05474328271750051,0.0573832827175005,0.2007515443912225,0.2211858669498356,0.146008261673722,0.16380258423233512
KIDS_203.6_-3.5,KIDS_203p6_m3p5_r_SDSS.V1.3.0A_KiDS-1347_GAaP_Gaia.fits,KiDS,0.032744213704226206,0.033682213704226215,0.0972210195805225,0.1090772241009971,0.06447680587629628,0.07539501039677088
KIDS_53.5_-33.1,KIDS_53p5_m33p1_r_SDSS.V1.3.0A_KiDS-1347_GAaP_Gaia.fits,KiDS,0.00909674021337084,0.011110740213370843,0.0506320865440009,0.0528624975461491,0.04153534633063006,0.04175175733277826
KIDS_34.8_-34.1,KIDS_34p8_m34p1_r_SDSS.V1.3.0A_KiDS-1347_GAaP_Gaia.fits,KiDS,0.021011719096808407,0.021191719096808406,0.2228782324668595,0.2468933621262188,0.2018665133700511,0.22570164302941037
KIDS_201.6_2.5,KIDS_201p6_2p5_r_SDSS.V1.3.0A_KiDS-1347_GAaP_Gaia.fits,KiDS,-0.06913782855618933,-0.06913782855618933,-0.010035664084103,0.0088173811717404,0.05910216447208633,0.07795520972792973
KIDS_131.0_1.5,KIDS_131p0_1p5_r_SDSS.V1.3.0A_KiDS-1347_GAaP_Gaia.fits,KiDS,0.06005085725818177,0.06019685725818176,0.0833209395167496,0.0906942277581572,0.02327008225856783,0.030497370499975446
KIDS_12.7_-30.2,KIDS_12p7_m30p2_r_SDSS.V1.3.0A_KiDS-1347_GAaP_Gaia.fits,KiDS,-0.08956056302929574,-0.08882656302929579,0.1128108645865756,0.1120461343677244,0.20237142761587135,0.20087269739702018
KIDS_232.6_2.5,KIDS_232p6_2p5_r_SDSS.V1.3.0A_KiDS-1347_GAaP_Gaia.fits,KiDS,-0.2052808129168673,-0.20426681291686735,-0.1032953529105354,-0.1027090109812772,0.10198546000633191,0.10155780193559015
KIDS_355.5_-27.2,KIDS_355p5_m27p2_r_SDSS.V1.3.0A_KiDS-1347_GAaP_Gaia.fits,KiDS,-0.09687398717596235,-0.09687398717596235,0.0331570309272695,0.0516225920894587,0.13003101810323187,0.14849657926542104
KIDS_52.2_-26.2,KIDS_52p2_m26p2_r_SDSS.V1.3.0A_KiDS-1347_GAaP_Gaia.fits,KiDS,-0.06605501263044589,-0.06409001263044589,0.1127106664854841,0.12619647304939,0.17876567911593,0.1902864856798359
KIDS_170.0_-0.5,KIDS_170p0_m0p5_r_SDSS.V1.3.0A_KiDS-1347_GAaP_Gaia.fits,KiDS,-0.045703645098399,-0.04116364509839901,0.0594582225035262,0.0547958076925314,0.1051618676019252,0.0959594527909304
KIDS_12.4_-28.2,KIDS_12p4_m28p2_r_SDSS.V1.3.0A_KiDS-1347_GAaP_Gaia.fits,KiDS,0.06835112633401194,0.06927412633401193,0.211374721921935,0.1978671837392216,0.14302359558792305,0.12859305740520965
KIDS_336.2_-33.1,KIDS_336p2_m33p1_r_SDSS.V1.3.0A_KiDS-1347_GAaP_Gaia.fits,KiDS,0.061259343146886754,0.06128434314688675,0.1045516229807416,0.1091249825552481,0.04329227983385484,0.047840639408361356
KIDS_330.4_-29.2,KIDS_330p4_m29p2_r_SDSS.V1.3.0A_KiDS-1347_GAaP_Gaia.fits,KiDS,0.015509748748856314,0.016743748748856313,0.1387707771924615,0.1355661973632271,0.12326102844360519,0.11882244861437077
KIDS_130.4_2.5,KIDS_130p4_2p5_r_SDSS.V1.3.0A_KiDS-1347_GAaP_Gaia.fits,KiDS,0.05190238159540026,0.054418381595400266,0.0229530647746729,0.0329387211121963,-0.02894931682072736,-0.021479660483203968
KIDS_221.0_-0.5,KIDS_221p0_m0p5_r_SDSS.V1.3.0A_KiDS-1347_GAaP_Gaia.fits,KiDS,0.07779905320804394,0.07783405320804394,0.1375334149162621,0.1366217134127532,0.05973436170821815,0.058787660204709255
KIDS_31.8_-32.1,KIDS_31p8_m32p1_r_SDSS.V1.3.0A_KiDS-1347_GAaP_Gaia.fits,KiDS,-0.07280551557699724,-0.07122451557699724,0.1650062098324063,0.1536118797633074,0.23781172540940354,0.22483639534030464
KIDS_10.6_-32.1,KIDS_10p6_m32p1_r_SDSS.V1.3.0A_KiDS-1347_GAaP_Gaia.fits,KiDS,-0.007805309262779031,-0.005331309262779027,0.1225830511529333,0.1355775259738748,0.13038836041571233,0.14090883523665382
KIDS_169.0_-1.5,KIDS_169p0_m1p5_r_SDSS.V1.3.0A_KiDS-1347_GAaP_Gaia.fits,KiDS,-0.2324580698364793,-0.22633806983647928,-0.1087919247592522,-0.1079325942373753,0.12366614507722709,0.11840547559910397
KIDS_161.0_0.5,KIDS_161p0_0p5_r_SDSS.V1.3.0A_KiDS-1347_GAaP_Gaia.fits,KiDS,-0.02385348931798484,-0.021711489317984833,0.0595665569387264,0.0616036234187029,0.08342004625671123,0.08331511273668774
KIDS_338.4_-34.1,KIDS_338p4_m34p1_r_SDSS.V1.3.0A_KiDS-1347_GAaP_Gaia.fits,KiDS,0.06343873044028378,0.06325173044028379,0.1381440091568263,0.140687521568544,0.0747052787165425,0.07743579112826021
KIDS_197.0_0.5,KIDS_197p0_0p5_r_SDSS.V1.3.0A_KiDS-1347_GAaP_Gaia.fits,KiDS,-0.03734985535340382,-0.038166855353403834,0.0763904584750073,0.0877209365976012,0.11374031382841113,0.12588779195100502
KIDS_162.5_-3.5,KIDS_162p5_m3p5_r_SDSS.V1.3.0A_KiDS-1347_GAaP_Gaia.fits,KiDS,-0.15960152286560206,-0.15960152286560206,-0.1107443706299255,-0.1075749725985438,0.04885715223567656,0.052026550267058255
KIDS_139.4_2.5,KIDS_139p4_2p5_r_SDSS.V1.3.0A_KiDS-1347_GAaP_Gaia.fits,KiDS,-0.033591616817890885,-0.03267161681789088,0.0236390217345585,0.0264515166811677,0.057230638552449385,0.05912313349905858
KIDS_168.0_-0.5,KIDS_168p0_m0p5_r_SDSS.V1.3.0A_KiDS-1347_GAaP_Gaia.fits,KiDS,-0.04406308896548272,-0.04361408896548272,0.0919663651433626,0.0969453538927457,0.13602945410884532,0.1405594428582284
KIDS_46.3_-33.1,KIDS_46p3_m33p1_r_SDSS.V1.3.0A_KiDS-1347_GAaP_Gaia.fits,KiDS,-0.011884068848186324,-0.01129706884818632,0.078863278013088,0.0981863643971133,0.09074734686127432,0.10948343324529962
KIDS_182.0_0.5,KIDS_182p0_0p5_r_SDSS.V1.3.0A_KiDS-1347_GAaP_Gaia.fits,KiDS,0.060878119830407286,0.06014011983040728,0.1205219961877375,0.1327880329225819,0.05964387635733021,0.07264791309217461
KIDS_333.2_-31.2,KIDS_333p2_m31p2_r_SDSS.V1.3.0A_KiDS-1347_GAaP_Gaia.fits,KiDS,0.060596284909708795,0.061763284909708796,0.1407498953721863,0.1390580843370242,0.0801536104624775,0.07729479942731542
KIDS_206.0_-0.5,KIDS_206p0_m0p5_r_SDSS.V1.3.0A_KiDS-1347_GAaP_Gaia.fits,KiDS,-0.01987555369486771,-0.019505553694867714,0.0845523444296977,0.0971541563826853,0.1044278981245654,0.11665971007755302
KIDS_213.6_-3.5,KIDS_213p6_m3p5_r_SDSS.V1.3.0A_KiDS-1347_GAaP_Gaia.fits,KiDS,-0.09277136236224151,-0.09271836236224151,-0.0153352991813658,-0.0121926945745093,0.07743606318087572,0.08052566778773221
KIDS_216.0_1.5,KIDS_216p0_1p5_r_SDSS.V1.3.0A_KiDS-1347_GAaP_Gaia.fits,KiDS,-0.040679781246659025,-0.03985678124665901,0.005842432578048,0.0025433743560902,0.046522213824707025,0.04240015560274921
KIDS_28.5_-29.2,KIDS_28p5_m29p2_r_SDSS.V1.3.0A_KiDS-1347_GAaP_Gaia.fits,KiDS,-0.06696227611618868,-0.06688127611618869,0.1888609050966114,0.1952351650283462,0.2558231812128001,0.2621164411445349
KIDS_331.2_-34.1,KIDS_331p2_m34p1_r_SDSS.V1.3.0A_KiDS-1347_GAaP_Gaia.fits,KiDS,-0.07286665689209976,-0.07255265689209975,-0.0266284887105739,-0.0342094643916622,0.04623816818152586,0.03834319250043755
KIDS_189.5_-2.5,KIDS_189p5_m2p5_r_SDSS.V1.3.0A_KiDS-1347_GAaP_Gaia.fits,KiDS,-0.07493975580607734,-0.07392375580607738,0.0406991821530763,0.047813208450779,0.11563893795915364,0.12173696425685637
KIDS_43.7_-30.2,KIDS_43p7_m30p2_r_SDSS.V1.3.0A_KiDS-1347_GAaP_Gaia.fits,KiDS,0.022720544569648504,0.02181854456964849,0.1074608968226653,0.0490943226108868,0.08474035225301679,0.027275778041238312
KIDS_21.2_-32.1,KIDS_21p2_m32p1_r_SDSS.V1.3.0A_KiDS-1347_GAaP_Gaia.fits,KiDS,0.04926059511157574,0.05158559511157573,0.1314581811071968,0.148365842165922,0.08219758599562105,0.09678024705434626
KIDS_43.1_-31.2,KIDS_43p1_m31p2_r_SDSS.V1.3.0A_KiDS-1347_GAaP_Gaia.fits,KiDS,-0.019290260084658187,-0.019290260084658187,0.1549021014462323,0.1699840964951415,0.17419236153089046,0.18927435657979969
KIDS_218.0_1.5,KIDS_218p0_1p5_r_SDSS.V1.3.0A_KiDS-1347_GAaP_Gaia.fits,KiDS,0.006351806131901394,0.006250806131901404,0.0056845389731413,0.0124621421259176,-0.0006672671587600945,0.006211335994016196
KIDS_45.1_-33.1,KIDS_45p1_m33p1_r_SDSS.V1.3.0A_KiDS-1347_GAaP_Gaia.fits,KiDS,0.0730474224416537,0.0743574224416537,0.1936843686737805,0.1851033933153911,0.1206369462321268,0.1107459708737374
KIDS_44.9_-30.2,KIDS_44p9_m30p2_r_SDSS.V1.3.0A_KiDS-1347_GAaP_Gaia.fits,KiDS,0.025066463700611483,0.025164463700611484,0.2125714568451767,0.2066507615840818,0.1875049931445652,0.18148629788347032
KIDS_158.4_3.5,KIDS_158p4_3p5_r_SDSS.V1.3.0A_KiDS-1347_GAaP_Gaia.fits,KiDS,-0.1351639416052555,-0.1345509416052555,0.0371891466304085,0.0367573901850619,0.172353088235664,0.1713083317903174
KIDS_31.4_-27.2,KIDS_31p4_m27p2_r_SDSS.V1.3.0A_KiDS-1347_GAaP_Gaia.fits,KiDS,-0.09156028088648316,-0.08640028088648316,-0.050775925234262,-0.0351756346705587,0.04078435565222116,0.05122464621592446
KIDS_179.5_2.5,KIDS_179p5_2p5_r_SDSS.V1.3.0A_KiDS-1347_GAaP_Gaia.fits,KiDS,0.08966766700578602,0.08990766700578601,0.0916085335046909,0.1047448507501027,0.001940866498904889,0.014837183744316695
KIDS_186.0_1.5,KIDS_186p0_1p5_r_SDSS.V1.3.0A_KiDS-1347_GAaP_Gaia.fits,KiDS,0.05581359460229488,0.058426594602294886,0.1418438147285873,0.1471136396028502,0.08603022012629241,0.08868704500055533
KIDS_177.0_-0.5,KIDS_177p0_m0p5_r_SDSS.V1.3.0A_KiDS-1347_GAaP_Gaia.fits,KiDS,0.05373737921515941,0.05567537921515942,0.1191344595536204,0.1079035983747048,0.06539708033846098,0.052228219159545376
KIDS_224.0_1.5,KIDS_224p0_1p5_r_SDSS.V1.3.0A_KiDS-1347_GAaP_Gaia.fits,KiDS,0.08108526191604867,0.08131926191604869,0.1711744661484159,0.1683272814961749,0.09008920423236721,0.08700801958012622
KIDS_140.4_2.5,KIDS_140p4_2p5_r_SDSS.V1.3.0A_KiDS-1347_GAaP_Gaia.fits,KiDS,0.03757246069934423,0.03646846069934423,0.0819998634264959,0.0926038937122185,0.04442740272715167,0.05613543301287427
KIDS_340.5_-35.1,KIDS_340p5_m35p1_r_SDSS.V1.3.0A_KiDS-1347_GAaP_Gaia.fits,KiDS,-0.048900450790203775,-0.04799745079020376,0.0101759750290084,0.0150640488549779,0.05907642581921217,0.06306149964518167
KIDS_178.5_-3.5,KIDS_178p5_m3p5_r_SDSS.V1.3.0A_KiDS-1347_GAaP_Gaia.fits,KiDS,0.07347542309781101,0.072554423097811,0.1371778353208426,0.1349720186252595,0.0637024122230316,0.06241759552744851
KIDS_177.5_2.5,KIDS_177p5_2p5_r_SDSS.V1.3.0A_KiDS-1347_GAaP_Gaia.fits,KiDS,0.02492979837656248,0.02571179837656247,0.0247416459347806,0.0513516377660776,-0.0001881524417818789,0.025639839389515133
KIDS_51.3_-29.2,KIDS_51p3_m29p2_r_SDSS.V1.3.0A_KiDS-1347_GAaP_Gaia.fits,KiDS,-0.0656386039049752,-0.0641756039049752,0.0670971627548051,0.0968105004271701,0.1327357666597803,0.1609861043321453
KIDS_194.5_-3.5,KIDS_194p5_m3p5_r_SDSS.V1.3.0A_KiDS-1347_GAaP_Gaia.fits,KiDS,0.0754553639485623,0.0856713639485623,0.1288947145010784,0.1236365268858629,0.0534393505525161,0.037965162937300595
KIDS_48.9_-31.2,KIDS_48p9_m31p2_r_SDSS.V1.3.0A_KiDS-1347_GAaP_Gaia.fits,KiDS,0.13854173592949182,0.1385447359294918,0.3499524351533545,0.3539527752857757,0.21141069922386269,0.2154080393562839
KIDS_0.0_-27.2,KIDS_0p0_m27p2_r_SDSS.V1.3.0A_KiDS-1347_GAaP_Gaia.fits,KiDS,-0.09296229479526949,-0.09206729479526948,0.0422102293345627,0.0448294070440574,0.1351725241298322,0.1368967018393269
KIDS_18.6_-31.2,KIDS_18p6_m31p2_r_SDSS.V1.3.0A_KiDS-1347_GAaP_Gaia.fits,KiDS,-0.08204501931854466,-0.07749101931854466,-0.0575910747161678,-0.0511074646665107,0.024453944602376862,0.026383554652033958
KIDS_49.9_-33.1,KIDS_49p9_m33p1_r_SDSS.V1.3.0A_KiDS-1347_GAaP_Gaia.fits,KiDS,0.12534347592972683,0.12534347592972683,0.3050453342857678,0.3119859927981397,0.17970185835604097,0.18664251686841288
KIDZ_32.6_-4.6,OMEGACAM_32p7_m4p6_r_SDSS.V1.2.0A_KiDS-1347_GAaP_Gaia.fits,KiDZ,-0.059216506437870436,-0.0589025064378704,-0.0212083413532618,-0.008741909740326,0.038008165084608636,0.0501605966975444
KIDS_336.3_-28.2,KIDS_336p3_m28p2_r_SDSS.V1.3.0A_KiDS-1347_GAaP_Gaia.fits,KiDS,-0.039198190048545495,-0.03722419004854552,-0.0302689385231489,-0.0222910164040754,0.008929251525396593,0.01493317364447012
KIDS_355.2_-34.1,KIDS_355p2_m34p1_r_SDSS.V1.3.0A_KiDS-1347_GAaP_Gaia.fits,KiDS,-0.02189181946402853,-0.021700819464028534,0.0684859392886214,0.0607836114031352,0.09037775875264993,0.08248443086716373
KIDS_339.3_-30.2,KIDS_339p3_m30p2_r_SDSS.V1.3.0A_KiDS-1347_GAaP_Gaia.fits,KiDS,-0.19675019895009718,-0.19563019895009723,-0.1705017840482434,-0.1609634405966002,0.026248414901853784,0.03466675835349703
KIDS_17.8_-33.1,KIDS_17p8_m33p1_r_SDSS.V1.3.0A_KiDS-1347_GAaP_Gaia.fits,KiDS,-0.0359963098266588,-0.038156309826658824,0.1215137601724254,0.1114553673794818,0.1575100699990842,0.14961167720614063
KIDS_9.7_-35.1,KIDS_9p7_m35p1_r_SDSS.V1.3.0A_KiDS-1347_GAaP_Gaia.fits,KiDS,-0.3920394868403413,-0.3894804868403413,-0.2790301593622435,-0.2726607711106078,0.11300932747809778,0.11681971572973349
KIDS_2.3_-29.2,KIDS_2p3_m29p2_r_SDSS.V1.3.0A_KiDS-1347_GAaP_Gaia.fits,KiDS,0.039007134553647155,0.04011413455364715,0.0659199500860279,0.061522423150179,0.026912815532380743,0.02140828859653185
KIDS_48.2_-27.2,KIDS_48p2_m27p2_r_SDSS.V1.3.0A_KiDS-1347_GAaP_Gaia.fits,KiDS,0.04070830849669407,0.03866230849669408,0.1277778620610966,0.1234155584138175,0.08706955356440252,0.08475324991712342
KIDS_158.4_-2.5,KIDS_158p4_m2p5_r_SDSS.V1.3.0A_KiDS-1347_GAaP_Gaia.fits,KiDS,-0.1760917994596551,-0.17304679945965515,-0.0963256306687233,-0.0869847703127692,0.07976616879093182,0.08606202914688595
KIDS_353.0_-31.2,KIDS_353p0_m31p2_r_SDSS.V1.3.0A_KiDS-1347_GAaP_Gaia.fits,KiDS,-0.0007678975107675845,0.0016861024892324133,0.0128163666431092,0.0193700870785821,0.013584264153876785,0.017683984589349687
KIDS_188.0_1.5,KIDS_188p0_1p5_r_SDSS.V1.3.0A_KiDS-1347_GAaP_Gaia.fits,KiDS,-0.03475457138103702,-0.03414657138103702,-0.007964067871654,-0.0010799069641892,0.02679050350938302,0.03306666441684782
KIDS_161.0_-1.5,KIDS_161p0_m1p5_r_SDSS.V1.3.0A_KiDS-1347_GAaP_Gaia.fits,KiDS,-0.06779267636168904,-0.06600967636168903,0.0634674782328214,0.067768242076081,0.13126015459451043,0.13377791843777004
KIDS_223.0_1.5,KIDS_223p0_1p5_r_SDSS.V1.3.0A_KiDS-1347_GAaP_Gaia.fits,KiDS,-0.03940544838286156,-0.037146448382861574,-0.0705342545634667,-0.0770215808294233,-0.031128806180605137,-0.039875132446561726
KIDS_22.1_-31.2,KIDS_22p1_m31p2_r_SDSS.V1.3.0A_KiDS-1347_GAaP_Gaia.fits,KiDS,-0.2651496108479312,-0.2653766108479312,-0.1992687470693001,-0.17168428125944,0.06588086377863112,0.09369232958849119
KIDS_162.0_1.5,KIDS_162p0_1p5_r_SDSS.V1.3.0A_KiDS-1347_GAaP_Gaia.fits,KiDS,-0.05721967585943791,-0.0563486758594379,0.0168731803515123,0.0346012000497633,0.07409285621095021,0.0909498759092012
KIDS_342.7_-30.2,KIDS_342p7_m30p2_r_SDSS.V1.3.0A_KiDS-1347_GAaP_Gaia.fits,KiDS,0.05035654080008368,0.04860054080008367,0.0274747657978178,0.0212649138436737,-0.02288177500226588,-0.02733562695640997
KIDS_134.0_-0.5,KIDS_134p0_m0p5_r_SDSS.V1.3.0A_KiDS-1347_GAaP_Gaia.fits,KiDS,-0.06265511652708308,-0.06228711652708305,-0.0790082137960786,-0.0698279440461524,-0.016353097268995517,-0.007540827519069357
KIDS_14.6_-35.1,KIDS_14p6_m35p1_r_SDSS.V1.3.0A_KiDS-1347_GAaP_Gaia.fits,KiDS,0.03580132067059379,0.03680032067059379,0.1795487106533786,0.1726614778662712,0.1437473899827848,0.1358611571956774
KIDS_31.5_-31.2,KIDS_31p5_m31p2_r_SDSS.V1.3.0A_KiDS-1347_GAaP_Gaia.fits,KiDS,-0.07036369320243122,-0.06792569320243122,0.2055438975913632,0.2022359558736918,0.27590759079379445,0.27016164907612306
KIDS_50.5_-27.2,KIDS_50p5_m27p2_r_SDSS.V1.3.0A_KiDS-1347_GAaP_Gaia.fits,KiDS,-0.003785037590653517,-0.0038200375906535106,0.1871126783458845,0.1909011597213791,0.190897715936538,0.19472119731203263
KIDS_156.0_-1.5,KIDS_156p0_m1p5_r_SDSS.V1.3.0A_KiDS-1347_GAaP_Gaia.fits,KiDS,-0.030330915226175287,-0.029274915226175285,-0.0156465348697512,0.0007189220273863,0.014684380356424089,0.029993837253561584
KIDS_231.0_-1.5,KIDS_231p0_m1p5_r_SDSS.V1.3.0A_KiDS-1347_GAaP_Gaia.fits,KiDS,-0.02294402725090501,-0.022578027250905033,-0.0143254005743439,-0.0132458912641829,0.00861862667656111,0.009332135986722133
KIDS_38.4_-34.1,KIDS_38p4_m34p1_r_SDSS.V1.3.0A_KiDS-1347_GAaP_Gaia.fits,KiDS,-0.04876513533604385,-0.044591135336043836,0.1123063235081149,0.1345408748484434,0.16107145884415874,0.17913201018448724
KIDS_206.6_-3.5,KIDS_206p6_m3p5_r_SDSS.V1.3.0A_KiDS-1347_GAaP_Gaia.fits,KiDS,0.0569263987238752,0.059485398723875205,0.1450966758131848,0.1469511286310258,0.0881702770893096,0.0874657299071506
KIDS_29.2_-35.1,KIDS_29p2_m35p1_r_SDSS.V1.3.0A_KiDS-1347_GAaP_Gaia.fits,KiDS,-0.10672497699780262,-0.1017459769978026,0.1254242159521515,0.1172501522049362,0.23214919294995412,0.2189961292027388
KIDS_138.0_0.5,KIDS_138p0_0p5_r_SDSS.V1.3.0A_KiDS-1347_GAaP_Gaia.fits,KiDS,0.01426514271059233,0.01540814271059232,-0.0063849875411937,-0.0079885659613209,-0.02065013025178603,-0.02339670867191322
KIDS_52.7_-27.2,KIDS_52p7_m27p2_r_SDSS.V1.3.0A_KiDS-1347_GAaP_Gaia.fits,KiDS,-0.05640772555649262,-0.054931725556492644,0.1279744675901259,0.1324346857001594,0.18438219314661852,0.18736641125665204
KIDS_15.8_-28.2,KIDS_15p8_m28p2_r_SDSS.V1.3.0A_KiDS-1347_GAaP_Gaia.fits,KiDS,-0.09422199898153966,-0.09202499898153965,0.0726209553697177,0.0802428804444507,0.16684295435125734,0.17226787942599037
KIDS_220.6_-3.5,KIDS_220p6_m3p5_r_SDSS.V1.3.0A_KiDS-1347_GAaP_Gaia.fits,KiDS,0.034715099933258206,0.035435099933258205,0.0996468248497388,0.1065260738691541,0.0649317249164806,0.07109097393589589
KIDS_344.6_-33.1,KIDS_344p6_m33p1_r_SDSS.V1.3.0A_KiDS-1347_GAaP_Gaia.fits,KiDS,0.07095727637799189,0.0721022763779919,0.1550835923039485,0.1507409142273383,0.08412631592595661,0.0786386378493464
KIDS_356.4_-35.1,KIDS_356p4_m35p1_r_SDSS.V1.3.0A_KiDS-1347_GAaP_Gaia.fits,KiDS,0.05787664719623526,0.05816764719623526,0.1692138762753216,0.1451219136412734,0.11133722907908636,0.08695426644503812
KIDS_225.0_0.5,KIDS_225p0_0p5_r_SDSS.V1.3.0A_KiDS-1347_GAaP_Gaia.fits,KiDS,0.0036264411158556525,0.0038694411158556596,0.067815409502939,0.0638349651773591,0.06418896838708335,0.059965524061503434
KIDS_130.0_1.5,KIDS_130p0_1p5_r_SDSS.V1.3.0A_KiDS-1347_GAaP_Gaia.fits,KiDS,0.0586243118613488,0.0592583118613488,0.1252546066488752,0.1221820274935407,0.06663029478752638,0.0629237156321919
KIDS_177.0_0.5,KIDS_177p0_0p5_r_SDSS.V1.3.0A_KiDS-1347_GAaP_Gaia.fits,KiDS,0.07229567923092153,0.07358067923092154,0.1012687804294484,0.097731575259144,0.028973101198526863,0.024150896028222457
KIDS_26.4_-34.1,KIDS_26p4_m34p1_r_SDSS.V1.3.0A_KiDS-1347_GAaP_Gaia.fits,KiDS,-0.10890261112746388,-0.10890261112746388,0.0723842021753211,0.0784394388856346,0.18128681330278498,0.18734205001309848
KIDS_195.0_1.5,KIDS_195p0_1p5_r_SDSS.V1.3.0A_KiDS-1347_GAaP_Gaia.fits,KiDS,-0.22488669673809195,-0.22480669673809198,-0.1430796813765251,-0.1307153472823865,0.08180701536156684,0.09409134945570546
KIDS_225.0_1.5,KIDS_225p0_1p5_r_SDSS.V1.3.0A_KiDS-1347_GAaP_Gaia.fits,KiDS,-0.1851539587794818,-0.18444595877948175,-0.1160928202812434,-0.1155779338680879,0.06906113849823839,0.06886802491139385
KIDS_165.0_1.5,KIDS_165p0_1p5_r_SDSS.V1.3.0A_KiDS-1347_GAaP_Gaia.fits,KiDS,-0.03937235493492927,-0.027326354934929284,0.1190681040178621,0.114432009616984,0.15844045895279135,0.1417583645519133
KIDS_9.1_-29.2,KIDS_9p1_m29p2_r_SDSS.V1.3.0A_KiDS-1347_GAaP_Gaia.fits,KiDS,-0.077322017913692,-0.07809301791369203,0.0032373515093484,0.0040473962141158,0.0805593694230404,0.08214041412780783
KIDS_26.8_-35.1,KIDS_26p8_m35p1_r_SDSS.V1.3.0A_KiDS-1347_GAaP_Gaia.fits,KiDS,-0.14562946016276204,-0.14562946016276204,-0.0591308275775103,-0.0573161012992698,0.08649863258525174,0.08831335886349224
KIDS_212.6_-2.5,KIDS_212p6_m2p5_r_SDSS.V1.3.0A_KiDS-1347_GAaP_Gaia.fits,KiDS,0.021241470777851865,0.021241470777851865,0.1064031336301973,0.1083856440760178,0.08516166285234543,0.08714417329816594
KIDS_343.4_-33.1,KIDS_343p4_m33p1_r_SDSS.V1.3.0A_KiDS-1347_GAaP_Gaia.fits,KiDS,0.08024879317519287,0.08138479317519287,0.144715424105002,0.1416075481981359,0.06446663092980912,0.060222755022943025
KIDS_4.7_-32.1,KIDS_4p7_m32p1_r_SDSS.V1.3.0A_KiDS-1347_GAaP_Gaia.fits,KiDS,0.028492917167545637,0.03186491716754564,0.133440969077984,0.1446847845054792,0.10494805191043836,0.11281986733793356
KIDS_206.6_2.5,KIDS_206p6_2p5_r_SDSS.V1.3.0A_KiDS-1347_GAaP_Gaia.fits,KiDS,-0.1977816081232349,-0.19775360812323492,-0.0449012997567152,-0.0700008069635484,0.1528803083665197,0.1277528011596865
KIDS_45.4_-31.2,KIDS_45p4_m31p2_r_SDSS.V1.3.0A_KiDS-1347_GAaP_Gaia.fits,KiDS,0.08130306346800183,0.08233606346800183,0.2206930618691827,0.224840674066841,0.13938999840118088,0.14250461059883918
KIDS_40.6_-28.2,KIDS_40p6_m28p2_r_SDSS.V1.3.0A_KiDS-1347_GAaP_Gaia.fits,KiDS,-0.2429262869549623,-0.2449982869549623,-0.0136754375274748,-0.0088324341184813,0.2292508494274875,0.236165852836481
KIDS_170.5_-3.5,KIDS_170p5_m3p5_r_SDSS.V1.3.0A_KiDS-1347_GAaP_Gaia.fits,KiDS,-0.08225880974461977,-0.08143980974461978,0.0328827068886713,0.0423809585472957,0.11514151663329107,0.12382076829191549
KIDS_330.8_-35.1,KIDS_330p8_m35p1_r_SDSS.V1.3.0A_KiDS-1347_GAaP_Gaia.fits,KiDS,-0.06318850672237372,-0.061602506722373745,0.0138971263315912,0.0048039199475766,0.07708563305396492,0.06640642666995035
KIDS_53.0_-28.2,KIDS_53p0_m28p2_r_SDSS.V1.3.0A_KiDS-1347_GAaP_Gaia.fits,KiDS,-0.06243822534757512,-0.06443222534757512,0.1067088205003417,0.096410951244293,0.16914704584791682,0.16084317659186811
KIDS_131.0_-1.5,KIDS_131p0_m1p5_r_SDSS.V1.3.0A_KiDS-1347_GAaP_Gaia.fits,KiDS,0.04171268888763869,0.04178868888763869,0.0081574512594648,0.0192494689514261,-0.03355523762817389,-0.02253921993621259
KIDS_23.8_-33.1,KIDS_23p8_m33p1_r_SDSS.V1.3.0A_KiDS-1347_GAaP_Gaia.fits,KiDS,0.061824276541749185,0.061981276541749175,0.1250089521736928,0.1219608083094915,0.0631846756319436,0.05997953176774233
KIDS_52.9_-30.2,KIDS_52p9_m30p2_r_SDSS.V1.3.0A_KiDS-1347_GAaP_Gaia.fits,KiDS,-0.05146037354834454,-0.05146037354834454,0.1288100504567701,0.1417638683519429,0.18027042400511464,0.19322424190028745
KIDS_222.0_1.5,KIDS_222p0_1p5_r_SDSS.V1.3.0A_KiDS-1347_GAaP_Gaia.fits,KiDS,0.0882503177092363,0.08867631770923631,0.1318994368505531,0.1498578789045104,0.043649119141316806,0.0611815611952741
KIDS_208.6_3.5,KIDS_208p6_3p5_r_SDSS.V1.3.0A_KiDS-1347_GAaP_Gaia.fits,KiDS,0.010912324207152851,0.01540732420715285,0.1007734773453787,0.0980624080535688,0.08986115313822585,0.08265508384641596
KIDS_0.0_-34.1,KIDS_0p0_m34p1_r_SDSS.V1.3.0A_KiDS-1347_GAaP_Gaia.fits,KiDS,-0.04365563949525028,-0.04318163949525025,-0.0669248201708196,-0.045310963873611,-0.023269180675569323,-0.0021293243783607474
KIDS_353.1_-30.2,KIDS_353p1_m30p2_r_SDSS.V1.3.0A_KiDS-1347_GAaP_Gaia.fits,KiDS,-0.03192365294521876,-0.030315652945218763,0.0892262995092922,0.0805116061668111,0.12114995245451096,0.11082725911202987
KIDS_208.6_-3.5,KIDS_208p6_m3p5_r_SDSS.V1.3.0A_KiDS-1347_GAaP_Gaia.fits,KiDS,-0.11098667681830085,-0.11080967681830081,-0.0391139917475197,-0.0434441646565794,0.07187268507078115,0.0673655121617214
KIDZ_151.1_2.0,OMEGACAM_151p1_2p0_r_SDSS.V1.2.0A_KiDS-1347_GAaP_Gaia.fits,KiDZ,-0.2506393996393156,-0.24995839963931557,-0.1508850333606035,-0.1224996475357923,0.09975436627871209,0.12745875210352325
KIDS_232.0_-0.5,KIDS_232p0_m0p5_r_SDSS.V1.3.0A_KiDS-1347_GAaP_Gaia.fits,KiDS,0.062631214174471,0.064435214174471,0.0541378061600403,0.0571746145093461,-0.0084934080144307,-0.007260599665124899
KIDZ_333.9_0.9,OMEGACAM_334p0_0p9_r_SDSS.V1.2.0A_KiDS-1347_GAaP_Gaia.fits,KiDZ,0.08197086480783453,0.08258186480783453,0.0807694580184065,0.0865699868633806,-0.001201406789428025,0.003988122055546078
KIDS_342.1_-27.2,KIDS_342p1_m27p2_r_SDSS.V1.3.0A_KiDS-1347_GAaP_Gaia.fits,KiDS,-0.006720510776580119,-0.007745510776580117,0.0978627590231489,0.0914301845862449,0.10458326979972901,0.09917569536282501
KIDS_331.5_-33.1,KIDS_331p5_m33p1_r_SDSS.V1.3.0A_KiDS-1347_GAaP_Gaia.fits,KiDS,0.012539717124175925,0.016315717124175927,0.1135770410271548,0.1161485791304069,0.10103732390297887,0.09983286200623097
KIDS_349.9_-27.2,KIDS_349p9_m27p2_r_SDSS.V1.3.0A_KiDS-1347_GAaP_Gaia.fits,KiDS,-0.09807753334127053,-0.09807753334127053,-0.0383155030191321,-0.034427607703208,0.059762030322138435,0.06364992563806254
KIDS_221.6_2.5,KIDS_221p6_2p5_r_SDSS.V1.3.0A_KiDS-1347_GAaP_Gaia.fits,KiDS,0.023760165824597196,0.02414116582459719,0.0502787069178251,0.056338148053695,0.026518541093227904,0.03219698222909781
KIDS_159.0_-0.5,KIDS_159p0_m0p5_r_SDSS.V1.3.0A_KiDS-1347_GAaP_Gaia.fits,KiDS,-0.044729611522959095,-0.044729611522959095,0.1115721313110952,0.1208114989285067,0.1563017428340543,0.1655411104514658
KIDS_197.5_3.5,KIDS_197p5_3p5_r_SDSS.V1.3.0A_KiDS-1347_GAaP_Gaia.fits,KiDS,0.03949993574577218,0.04046893574577218,0.109306395572086,0.1003194824928686,0.06980645982631382,0.05985054674709642
KIDS_32.2_-30.2,KIDS_32p2_m30p2_r_SDSS.V1.3.0A_KiDS-1347_GAaP_Gaia.fits,KiDS,-0.11703067452410051,-0.1157966745241005,0.0645786598321439,0.0461742842682467,0.18160933435624443,0.16197095879234719
KIDS_343.7_-31.2,KIDS_343p7_m31p2_r_SDSS.V1.3.0A_KiDS-1347_GAaP_Gaia.fits,KiDS,0.04716614617844224,0.04867914617844224,0.0862922485159219,0.0885487202290832,0.039126102337479665,0.039869574050640955
KIDS_47.8_-26.2,KIDS_47p8_m26p2_r_SDSS.V1.3.0A_KiDS-1347_GAaP_Gaia.fits,KiDS,-0.20738028730254024,-0.20738028730254024,-0.0504644195371075,-0.0435280608459437,0.15691586776543273,0.16385222645659653
KIDS_42.2_-29.2,KIDS_42p2_m29p2_r_SDSS.V1.3.0A_KiDS-1347_GAaP_Gaia.fits,KiDS,-0.17924808670926748,-0.1787990867092675,-0.0848268163864424,-0.0834466442383236,0.09442127032282507,0.0953524424709439
KIDS_184.5_2.5,KIDS_184p5_2p5_r_SDSS.V1.3.0A_KiDS-1347_GAaP_Gaia.fits,KiDS,0.08094605578381289,0.0810890557838129,0.1179153295329959,0.1312828675584044,0.036969273749183004,0.05019381177459151
KIDS_6.9_-30.2,KIDS_6p9_m30p2_r_SDSS.V1.3.0A_KiDS-1347_GAaP_Gaia.fits,KiDS,0.025396100191206222,0.025396100191206222,0.1295149898156206,0.1331643033244244,0.10411888962441437,0.10776820313321817
KIDS_208.0_-0.5,KIDS_208p0_m0p5_r_SDSS.V1.3.0A_KiDS-1347_GAaP_Gaia.fits,KiDS,-0.11789351778290444,-0.11830051778290443,-0.0350145274248919,-0.0333794427608154,0.08287899035801254,0.08492107502208904
KIDS_217.0_-0.5,KIDS_217p0_m0p5_r_SDSS.V1.3.0A_KiDS-1347_GAaP_Gaia.fits,KiDS,-0.07089813439044315,-0.06984913439044313,0.0082573264935327,0.012235871507544,0.07915546088397585,0.08208500589798713
KIDS_52.9_-32.1,KIDS_52p9_m32p1_r_SDSS.V1.3.0A_KiDS-1347_GAaP_Gaia.fits,KiDS,-0.03994680590720537,-0.03877980590720534,0.0959530206215958,0.0882449352414983,0.13589982652880117,0.12702474114870366
KIDS_351.0_-27.2,KIDS_351p0_m27p2_r_SDSS.V1.3.0A_KiDS-1347_GAaP_Gaia.fits,KiDS,-0.11444097879360574,-0.11342897879360572,-0.010797885556264,-0.0154039812633517,0.10364309323734174,0.09802499753025402
KIDS_358.8_-33.1,KIDS_358p8_m33p1_r_SDSS.V1.3.0A_KiDS-1347_GAaP_Gaia.fits,KiDS,0.091437775905491,0.09218377590549101,0.1657758855859643,0.1604762199643303,0.07433810968047329,0.0682924440588393
KIDS_348.3_-31.2,KIDS_348p3_m31p2_r_SDSS.V1.3.0A_KiDS-1347_GAaP_Gaia.fits,KiDS,0.0643538940753607,0.06487389407536069,-0.0446012366150035,-0.0377470716532601,-0.1089551306903642,-0.10262096572862078
KIDS_29.9_-30.2,KIDS_29p9_m30p2_r_SDSS.V1.3.0A_KiDS-1347_GAaP_Gaia.fits,KiDS,-0.0660342515633088,-0.06278225156330877,-0.0338472141870336,-0.0398292437096341,0.03218703737627521,0.02295300785367467
KIDS_1.2_-35.1,KIDS_1p2_m35p1_r_SDSS.V1.3.0A_KiDS-1347_GAaP_Gaia.fits,KiDS,-0.10893661359295134,-0.10701661359295134,-0.0196036748713804,-0.0088624490334254,0.08933293872157094,0.09815416455952594
KIDS_174.0_1.5,KIDS_174p0_1p5_r_SDSS.V1.3.0A_KiDS-1347_GAaP_Gaia.fits,KiDS,0.020059918640636304,0.020602918640636306,-0.0215659159961726,0.0112244082304274,-0.041625834636808905,-0.009378510410208906
KIDS_351.5_-35.1,KIDS_351p5_m35p1_r_SDSS.V1.3.0A_KiDS-1347_GAaP_Gaia.fits,KiDS,0.005326928315036644,0.005326928315036644,0.0526685870189908,0.0554226100717273,0.047341658703954154,0.05009568175669066
KIDS_186.5_-2.5,KIDS_186p5_m2p5_r_SDSS.V1.3.0A_KiDS-1347_GAaP_Gaia.fits,KiDS,0.03213713808940376,0.03308113808940376,0.1199996152586669,0.1288583132433747,0.08786247716926314,0.09577717515397095
KIDS_37.7_-35.1,KIDS_37p7_m35p1_r_SDSS.V1.3.0A_KiDS-1347_GAaP_Gaia.fits,KiDS,-0.1316476911421012,-0.13174469114210122,-0.0005733527400657,-0.0147419728552602,0.1310743384020355,0.11700271828684101
KIDS_347.2_-31.2,KIDS_347p2_m31p2_r_SDSS.V1.3.0A_KiDS-1347_GAaP_Gaia.fits,KiDS,0.02374642762556764,0.024084427625567645,0.1401300436772046,0.1366633284186424,0.11638361605163697,0.11257890079307475
KIDS_175.0_-1.5,KIDS_175p0_m1p5_r_SDSS.V1.3.0A_KiDS-1347_GAaP_Gaia.fits,KiDS,0.0006773584219119944,0.002543358421911987,0.0859095292625733,0.090312581516896,0.0852321708406613,0.08776922309498401
KIDS_211.0_-0.5,KIDS_211p0_m0p5_r_SDSS.V1.3.0A_KiDS-1347_GAaP_Gaia.fits,KiDS,0.0709478907703909,0.07156389077039088,0.1416730598970526,0.1498951384386457,0.07072516912666169,0.0783312476682548
KIDS_355.5_-28.2,KIDS_355p5_m28p2_r_SDSS.V1.3.0A_KiDS-1347_GAaP_Gaia.fits,KiDS,-0.05699675306762175,-0.05840875306762175,0.0693928251885276,0.0737383012035004,0.12638957825614935,0.13214705427112217
KIDS_222.0_-1.5,KIDS_222p0_m1p5_r_SDSS.V1.3.0A_KiDS-1347_GAaP_Gaia.fits,KiDS,0.06499577322940632,0.06651077322940631,0.1408304836871954,0.1393916950472768,0.07583471045778907,0.0728809218178705
KIDS_335.0_-33.1,KIDS_335p0_m33p1_r_SDSS.V1.3.0A_KiDS-1347_GAaP_Gaia.fits,KiDS,0.046869049945465674,0.04915104994546567,0.0954007093436294,0.0973947147317529,0.04853165939816373,0.04824366478628723
KIDS_28.8_-30.2,KIDS_28p8_m30p2_r_SDSS.V1.3.0A_KiDS-1347_GAaP_Gaia.fits,KiDS,-0.027097025044254083,-0.02688302504425409,0.1288955317590414,0.1446913141946751,0.1559925568032955,0.17157433923892917
KIDS_340.0_-32.1,KIDS_340p0_m32p1_r_SDSS.V1.3.0A_KiDS-1347_GAaP_Gaia.fits,KiDS,0.06810265386203627,0.06844365386203628,0.1189070416173472,0.1166591782888028,0.05080438775531093,0.04821552442676652
KIDS_50.4_-34.1,KIDS_50p4_m34p1_r_SDSS.V1.3.0A_KiDS-1347_GAaP_Gaia.fits,KiDS,0.006630964585468441,0.007263964585468435,0.1369438803338533,0.1416481359918994,0.13031291574838486,0.13438417140643097
KIDS_231.0_-0.5,KIDS_231p0_m0p5_r_SDSS.V1.3.0A_KiDS-1347_GAaP_Gaia.fits,KiDS,0.0833652298221869,0.08432622982218689,0.0839349210963781,0.091138519088148,0.0005696912741911947,0.006812289265961113
KIDS_218.0_-0.5,KIDS_218p0_m0p5_r_SDSS.V1.3.0A_KiDS-1347_GAaP_Gaia.fits,KiDS,0.06392754789817666,0.06464854789817666,0.1446802608497877,0.1479849625876779,0.08075271295161103,0.08333641468950125
KIDS_204.0_1.5,KIDS_204p0_1p5_r_SDSS.V1.3.0A_KiDS-1347_GAaP_Gaia.fits,KiDS,-0.11068505698023759,-0.11068505698023759,0.012815314924187,0.0345443956561589,0.12350037190442459,0.14522945263639647
KIDS_129.0_1.5,KIDS_129p0_1p5_r_SDSS.V1.3.0A_KiDS-1347_GAaP_Gaia.fits,KiDS,0.043951414037799244,0.04430141403779925,0.063698614126808,0.0632768391821265,0.01974720008900875,0.01897542514432725
KIDS_185.0_-0.5,KIDS_185p0_m0p5_r_SDSS.V1.3.0A_KiDS-1347_GAaP_Gaia.fits,KiDS,0.0865550230222728,0.0883460230222728,0.1768914381643054,0.1846857270897174,0.09033641514203258,0.09633970406744459
KIDS_10.9_-35.1,KIDS_10p9_m35p1_r_SDSS.V1.3.0A_KiDS-1347_GAaP_Gaia.fits,KiDS,-0.11684622334297506,-0.11607022334297507,-0.0863068510058179,-0.063622167920228,0.03053937233715716,0.05244805542274707
KIDS_39.6_-31.2,KIDS_39p6_m31p2_r_SDSS.V1.3.0A_KiDS-1347_GAaP_Gaia.fits,KiDS,0.045727870357642544,0.046411870357642535,0.2189151875110878,0.2184672849764697,0.17318731715344526,0.17205541461882717
KIDS_187.5_-2.5,KIDS_187p5_m2p5_r_SDSS.V1.3.0A_KiDS-1347_GAaP_Gaia.fits,KiDS,0.03577362751052693,0.03613762751052692,0.0729546991028759,0.0874450885837565,0.03718107159234897,0.05130746107322959
KIDS_182.5_3.5,KIDS_182p5_3p5_r_SDSS.V1.3.0A_KiDS-1347_GAaP_Gaia.fits,KiDS,0.03985628201475932,0.03985628201475932,0.093861408237162,0.0978038064744864,0.05400512622240269,0.05794752445972708
KIDS_168.5_-3.5,KIDS_168p5_m3p5_r_SDSS.V1.3.0A_KiDS-1347_GAaP_Gaia.fits,KiDS,-0.11808241983945955,-0.11494841983945955,0.0154144501471748,0.0193001781365366,0.13349686998663435,0.13424859797599614
KIDS_342.9_-29.2,KIDS_342p9_m29p2_r_SDSS.V1.3.0A_KiDS-1347_GAaP_Gaia.fits,KiDS,4.04543783064093e-06,0.004240045437830645,0.0331524664637219,0.0374338171067134,0.03314842102589126,0.03319377166888276
KIDS_49.4_-32.1,KIDS_49p4_m32p1_r_SDSS.V1.3.0A_KiDS-1347_GAaP_Gaia.fits,KiDS,0.05244592281316625,0.05248592281316625,0.1801896628275853,0.1818228901706249,0.12774374001441907,0.12933696735745864
KIDS_184.0_0.5,KIDS_184p0_0p5_r_SDSS.V1.3.0A_KiDS-1347_GAaP_Gaia.fits,KiDS,0.0788509352216009,0.0789619352216009,0.1377193683222623,0.1623101689237387,0.05886843310066141,0.0833482337021378
KIDS_354.2_-31.2,KIDS_354p2_m31p2_r_SDSS.V1.3.0A_KiDS-1347_GAaP_Gaia.fits,KiDS,0.03222970163166017,0.032266701631660163,0.1323282809629264,0.1319933341378485,0.10009857933126623,0.09972663250618834
KIDS_176.0_-0.5,KIDS_176p0_m0p5_r_SDSS.V1.3.0A_KiDS-1347_GAaP_Gaia.fits,KiDS,0.06516850503726584,0.06514450503726585,0.0484764041921315,0.0586862100378501,-0.016692100845134346,-0.006458294999415748
KIDS_52.4_-31.2,KIDS_52p4_m31p2_r_SDSS.V1.3.0A_KiDS-1347_GAaP_Gaia.fits,KiDS,0.0253780460295365,0.024916046029536495,0.1959836283656559,0.1895184574942749,0.1706055823361194,0.16460241146473842
KIDS_45.9_-32.1,KIDS_45p9_m32p1_r_SDSS.V1.3.0A_KiDS-1347_GAaP_Gaia.fits,KiDS,0.023693680313648435,0.02383768031364844,0.193320483601517,0.1972655164190879,0.16962680328786855,0.17342783610543946
KIDS_190.5_3.5,KIDS_190p5_3p5_r_SDSS.V1.3.0A_KiDS-1347_GAaP_Gaia.fits,KiDS,0.019905048647814005,0.02036604864781401,0.1061995608165995,0.1146403305822021,0.08629451216878549,0.0942742819343881
KIDS_36.1_-31.2,KIDS_36p1_m31p2_r_SDSS.V1.3.0A_KiDS-1347_GAaP_Gaia.fits,KiDS,-0.058559031579692916,-0.058559031579692916,0.083938159353371,0.1054913101628577,0.1424971909330639,0.16405034174255062
KIDS_50.0_-26.2,KIDS_50p0_m26p2_r_SDSS.V1.3.0A_KiDS-1347_GAaP_Gaia.fits,KiDS,0.04551026603308804,0.045540266033088035,0.2312884237293258,0.2439971445789284,0.18577815769623773,0.19845687854584038
KIDS_53.5_-29.2,KIDS_53p5_m29p2_r_SDSS.V1.3.0A_KiDS-1347_GAaP_Gaia.fits,KiDS,-0.04018658032961822,-0.03997958032961821,0.1709927043772668,0.182963449090325,0.21117928470688502,0.2229430294199432
KIDS_172.5_3.5,KIDS_172p5_3p5_r_SDSS.V1.3.0A_KiDS-1347_GAaP_Gaia.fits,KiDS,0.031906959513215365,0.03192495951321537,0.0983648518245179,0.1121307696325532,0.06645789231130253,0.08020581011933783
KIDS_49.5_-30.2,KIDS_49p5_m30p2_r_SDSS.V1.3.0A_KiDS-1347_GAaP_Gaia.fits,KiDS,-0.05403082069162948,-0.04628582069162948,0.0932006475868641,0.1053853793423898,0.1472314682784936,0.1516712000340193
KIDS_166.0_1.5,KIDS_166p0_1p5_r_SDSS.V1.3.0A_KiDS-1347_GAaP_Gaia.fits,KiDS,-0.04734456749005697,-0.046108567490056956,0.0560081999970249,0.058086755201564,0.10335276748708187,0.10419532269162096
KIDS_217.6_3.5,KIDS_217p6_3p5_r_SDSS.V1.3.0A_KiDS-1347_GAaP_Gaia.fits,KiDS,-0.07625124985257561,-0.07711824985257562,0.0079945361736346,0.0166198003387318,0.08424578602621022,0.09373805019130742
KIDS_21.4_-28.2,KIDS_21p4_m28p2_r_SDSS.V1.3.0A_KiDS-1347_GAaP_Gaia.fits,KiDS,-0.04549582667586208,-0.04234382667586209,0.0190417960732237,0.017425422087553,0.06453762274908578,0.05976924876341509
KIDS_339.8_-33.1,KIDS_339p8_m33p1_r_SDSS.V1.3.0A_KiDS-1347_GAaP_Gaia.fits,KiDS,0.08734854495992657,0.08714254495992657,0.1162651217886699,0.1260942988567518,0.028916576828743337,0.03895175389682523
KIDS_27.6_-34.1,KIDS_27p6_m34p1_r_SDSS.V1.3.0A_KiDS-1347_GAaP_Gaia.fits,KiDS,-0.020462949684044995,-0.020462949684044995,99.0,0.0034313203172348,99.02046294968405,0.023894270001279794
KIDS_166.0_0.5,KIDS_166p0_0p5_r_SDSS.V1.3.0A_KiDS-1347_GAaP_Gaia.fits,KiDS,-0.04189672581086648,-0.04131372581086648,0.0125341593704267,0.0344933240882709,0.05443088518129318,0.07580704989913739
KIDS_212.0_-0.5,KIDS_212p0_m0p5_r_SDSS.V1.3.0A_KiDS-1347_GAaP_Gaia.fits,KiDS,0.02036791400466896,0.027617914004668967,0.0532788248979913,0.0638274441563043,0.03291091089332234,0.03620953015163533
KIDS_346.8_-34.1,KIDS_346p8_m34p1_r_SDSS.V1.3.0A_KiDS-1347_GAaP_Gaia.fits,KiDS,0.044335974638921416,0.04467897463892141,0.1353893910791883,0.150632282734728,0.09105341644026688,0.1059533080958066
KIDS_132.0_-1.5,KIDS_132p0_m1p5_r_SDSS.V1.3.0A_KiDS-1347_GAaP_Gaia.fits,KiDS,0.046117962133009185,0.04648196213300919,0.0159882316943223,0.0153870272285808,-0.030129730438686886,-0.03109493490442839
KIDS_333.6_-34.1,KIDS_333p6_m34p1_r_SDSS.V1.3.0A_KiDS-1347_GAaP_Gaia.fits,KiDS,-0.07225090313496516,-0.07176990313496517,-0.0550801997347408,-0.0486704441266657,0.017170703400224356,0.023099459008299475
KIDS_169.5_-3.5,KIDS_169p5_m3p5_r_SDSS.V1.3.0A_KiDS-1347_GAaP_Gaia.fits,KiDS,-0.11470818644519118,-0.11392618644519117,0.0311588801806377,0.0364769243920529,0.14586706662582888,0.15040311083724406
KIDS_10.1_-27.2,KIDS_10p1_m27p2_r_SDSS.V1.3.0A_KiDS-1347_GAaP_Gaia.fits,KiDS,0.043584028755334875,0.043584028755334875,0.1150350667061553,0.1216337539355057,0.07145103795082043,0.07804972518017082
KIDS_346.5_-28.2,KIDS_346p5_m28p2_r_SDSS.V1.3.0A_KiDS-1347_GAaP_Gaia.fits,KiDS,0.030816323850201333,0.032422323850201336,0.1264574044432387,0.1247675333172625,0.09564108059303736,0.09234520946706115
KIDS_35.3_-35.1,KIDS_35p3_m35p1_r_SDSS.V1.3.0A_KiDS-1347_GAaP_Gaia.fits,KiDS,0.031357242634167906,0.031357242634167906,0.2360367210433009,0.2127341147737945,0.20467947840913298,0.1813768721396266
KIDS_353.9_-35.1,KIDS_353p9_m35p1_r_SDSS.V1.3.0A_KiDS-1347_GAaP_Gaia.fits,KiDS,-0.08485298298279695,-0.08369698298279693,0.019440530753776,0.0332674292711291,0.10429351373657295,0.11696441225392604
KIDS_204.6_3.5,KIDS_204p6_3p5_r_SDSS.V1.3.0A_KiDS-1347_GAaP_Gaia.fits,KiDS,0.03029689679456904,0.03226289679456905,0.0780480483297245,0.0910969808051825,0.04775115153515547,0.05883408401061345
KIDS_330.8_-27.2,KIDS_330p8_m27p2_r_SDSS.V1.3.0A_KiDS-1347_GAaP_Gaia.fits,KiDS,-0.06364635684631706,-0.06243835684631707,-0.0143833328963617,-0.0150511718023645,0.04926302394995536,0.047387185043952576
KIDS_335.3_-27.2,KIDS_335p3_m27p2_r_SDSS.V1.3.0A_KiDS-1347_GAaP_Gaia.fits,KiDS,-0.005278326290495294,-0.005278326290495294,0.0368153699769022,0.0444378318329563,0.04209369626739749,0.04971615812345159
KIDS_198.0_-1.5,KIDS_198p0_m1p5_r_SDSS.V1.3.0A_KiDS-1347_GAaP_Gaia.fits,KiDS,-0.12951713041168872,-0.12855413041168873,-0.0467269613479591,-0.0356396049631304,0.08279016906372962,0.09291452544855833
KIDS_196.0_-0.5,KIDS_196p0_m0p5_r_SDSS.V1.3.0A_KiDS-1347_GAaP_Gaia.fits,KiDS,-0.19642876312568144,-0.19568776312568145,-0.0890287620561565,-0.0945891811076439,0.10740000106952495,0.10109858201803755
KIDS_51.1_-26.2,KIDS_51p1_m26p2_r_SDSS.V1.3.0A_KiDS-1347_GAaP_Gaia.fits,KiDS,-0.06933478918986966,-0.06935878918986968,0.1742423511429318,0.1894053136925819,0.24357714033280145,0.25876410288245155
KIDS_193.5_2.5,KIDS_193p5_2p5_r_SDSS.V1.3.0A_KiDS-1347_GAaP_Gaia.fits,KiDS,0.04134946502440539,0.04326246502440539,0.1065457138537482,0.1041129429137731,0.0651962488293428,0.06085047788936771
KIDS_162.5_-2.5,KIDS_162p5_m2p5_r_SDSS.V1.3.0A_KiDS-1347_GAaP_Gaia.fits,KiDS,-0.1310152779316536,-0.1310152779316536,-0.0345743934541563,-0.042863204650848,0.0964408844774973,0.0881520732808056
KIDS_352.9_-32.1,KIDS_352p9_m32p1_r_SDSS.V1.3.0A_KiDS-1347_GAaP_Gaia.fits,KiDS,0.037967105030690125,0.038771105030690124,0.0959203217089527,0.0992749754849119,0.05795321667826258,0.06050387045422178
KIDS_8.4_-34.1,KIDS_8p4_m34p1_r_SDSS.V1.3.0A_KiDS-1347_GAaP_Gaia.fits,KiDS,0.08724093036533431,0.08766793036533432,0.1984274885942282,0.2110124964165,0.1111865582288939,0.12334456605116567
KIDS_141.0_-1.5,KIDS_141p0_m1p5_r_SDSS.V1.3.0A_KiDS-1347_GAaP_Gaia.fits,KiDS,0.02757190739248523,0.02786290739248523,0.1125561421893526,0.1164230174860989,0.08498423479686737,0.08856011009361367
KIDS_173.0_-1.5,KIDS_173p0_m1p5_r_SDSS.V1.3.0A_KiDS-1347_GAaP_Gaia.fits,KiDS,0.06659517843699253,0.06724717843699254,0.1457843160861515,0.1525797385410753,0.07918913764915897,0.08533256010408274
KIDS_137.0_0.5,KIDS_137p0_0p5_r_SDSS.V1.3.0A_KiDS-1347_GAaP_Gaia.fits,KiDS,0.10122312044707273,0.10210012044707273,0.1487196009906961,0.1517939763975772,0.04749648054362336,0.04969385595050446
KIDS_31.2_-34.1,KIDS_31p2_m34p1_r_SDSS.V1.3.0A_KiDS-1347_GAaP_Gaia.fits,KiDS,-0.019440999386415178,-0.019739999386415172,0.0767819813076456,0.0956377308920826,0.09622298069406078,0.11537773027849778
KIDS_209.6_-3.5,KIDS_209p6_m3p5_r_SDSS.V1.3.0A_KiDS-1347_GAaP_Gaia.fits,KiDS,0.04697179345357459,0.04752179345357459,0.1631337648333832,0.1350044167618818,0.11616197137980862,0.08748262330830721
KIDS_162.5_2.5,KIDS_162p5_2p5_r_SDSS.V1.3.0A_KiDS-1347_GAaP_Gaia.fits,KiDS,-0.17583860770300422,-0.1747976077030042,-0.0580765473763713,-0.0477563447681458,0.11776206032663292,0.1270412629348584
KIDS_198.6_-2.5,KIDS_198p6_m2p5_r_SDSS.V1.3.0A_KiDS-1347_GAaP_Gaia.fits,KiDS,0.020045873389879926,0.01960687338987993,0.1057093877809486,0.0965395175353112,0.08566351439106867,0.07693264414543127
KIDS_332.9_-28.2,KIDS_332p9_m28p2_r_SDSS.V1.3.0A_KiDS-1347_GAaP_Gaia.fits,KiDS,-0.08850202466096882,-0.08541402466096881,-0.040097465797445,-0.0288810690843046,0.04840455886352382,0.05653295557666421
KIDS_196.0_-1.5,KIDS_196p0_m1p5_r_SDSS.V1.3.0A_KiDS-1347_GAaP_Gaia.fits,KiDS,-0.09109726650434133,-0.08859226650434135,-0.0333115568685929,-0.0298055097431118,0.05778570963574843,0.05878675676122955
KIDS_174.0_0.5,KIDS_174p0_0p5_r_SDSS.V1.3.0A_KiDS-1347_GAaP_Gaia.fits,KiDS,0.09790838809851879,0.09740838809851879,0.0923300437182542,0.0901920711903736,-0.005578344380264583,-0.0072163169081451844
KIDS_337.4_-33.1,KIDS_337p4_m33p1_r_SDSS.V1.3.0A_KiDS-1347_GAaP_Gaia.fits,KiDS,0.03072439110423808,0.03091439110423809,0.0474525834694206,0.0481382377004585,0.01672819236518252,0.017223846596220407
KIDS_172.0_0.5,KIDS_172p0_0p5_r_SDSS.V1.3.0A_KiDS-1347_GAaP_Gaia.fits,KiDS,0.058810433765033,0.060875433765032995,0.1636661241843627,0.1888240054118944,0.10485569041932968,0.1279485716468614
KIDS_170.0_0.5,KIDS_170p0_0p5_r_SDSS.V1.3.0A_KiDS-1347_GAaP_Gaia.fits,KiDS,-0.02531978365351481,-0.022484783653514806,0.0666561394250404,0.0693341648706235,0.0919759230785552,0.0918189485241383
KIDS_160.0_-1.5,KIDS_160p0_m1p5_r_SDSS.V1.3.0A_KiDS-1347_GAaP_Gaia.fits,KiDS,-0.06364664635943706,-0.06320464635943707,0.1148302429151559,0.1170145984426582,0.17847688927459296,0.18021924480209528
KIDS_33.9_-28.2,KIDS_33p9_m28p2_r_SDSS.V1.3.0A_KiDS-1347_GAaP_Gaia.fits,KiDS,-0.20335296663142918,-0.20322096663142916,-0.0155421964972687,-0.0338026641288832,0.18781077013416048,0.16941830250254597
KIDS_356.5_-30.2,KIDS_356p5_m30p2_r_SDSS.V1.3.0A_KiDS-1347_GAaP_Gaia.fits,KiDS,-0.050891219310727986,-0.04767221931072799,0.0584970310556108,0.0659255859549205,0.10938825036633879,0.11359780526564849
KIDS_136.0_1.5,KIDS_136p0_1p5_r_SDSS.V1.3.0A_KiDS-1347_GAaP_Gaia.fits,KiDS,0.02576986015997454,0.02571586015997454,0.1289758134644008,0.1429454863927925,0.10320595330442625,0.11722962623281796
KIDS_202.0_-1.5,KIDS_202p0_m1p5_r_SDSS.V1.3.0A_KiDS-1347_GAaP_Gaia.fits,KiDS,-0.11191526115133363,-0.11191526115133363,-0.0402937600857693,-0.0405385592081731,0.07162150106556434,0.07137670194316054
KIDZ_33.6_-4.6,OMEGACAM_33p7_m4p6_r_SDSS.V1.2.0A_KiDS-1347_GAaP_Gaia.fits,KiDZ,-0.060820183114281,-0.058992183114281005,0.1558322087683109,0.1495129394259638,0.2166523918825919,0.2085051225402448
KIDS_355.3_-32.1,KIDS_355p3_m32p1_r_SDSS.V1.3.0A_KiDS-1347_GAaP_Gaia.fits,KiDS,0.0307896475960351,0.0310966475960351,0.118061756944292,0.1017692808635516,0.0872721093482569,0.0706726332675165
KIDS_207.0_0.5,KIDS_207p0_0p5_r_SDSS.V1.3.0A_KiDS-1347_GAaP_Gaia.fits,KiDS,0.004871018543503511,0.004746018543503511,0.0770634306211998,0.0838621211868942,0.07219241207769629,0.0791161026433907
KIDS_351.8_-32.1,KIDS_351p8_m32p1_r_SDSS.V1.3.0A_KiDS-1347_GAaP_Gaia.fits,KiDS,0.05901301916137701,0.05934501916137701,0.0831284080864932,0.0761210590020612,0.024115388925116193,0.016776039840684195
KIDS_201.6_-3.5,KIDS_201p6_m3p5_r_SDSS.V1.3.0A_KiDS-1347_GAaP_Gaia.fits,KiDS,-0.1029234951874412,-0.0992854951874412,0.0027648490410821,0.015330455139525,0.1056883442285233,0.1146159503269662
KIDS_176.5_2.5,KIDS_176p5_2p5_r_SDSS.V1.3.0A_KiDS-1347_GAaP_Gaia.fits,KiDS,0.11445999723906117,0.11590899723906117,0.1679079604405532,0.1683645971034061,0.05344796320149203,0.05245559986434492
KIDS_13.4_-35.1,KIDS_13p4_m35p1_r_SDSS.V1.3.0A_KiDS-1347_GAaP_Gaia.fits,KiDS,-0.0274425105300118,-0.027783510530011796,0.0849122308921981,0.1010590123136006,0.1123547414222099,0.1288425228436124
KIDS_204.0_-1.5,KIDS_204p0_m1p5_r_SDSS.V1.3.0A_KiDS-1347_GAaP_Gaia.fits,KiDS,-0.05477077442828027,-0.05477077442828027,-0.0258125276289758,-0.0157756250923879,0.028958246799304466,0.03899514933589236
KIDS_334.2_-27.2,KIDS_334p2_m27p2_r_SDSS.V1.3.0A_KiDS-1347_GAaP_Gaia.fits,KiDS,0.08270591634763975,0.08235691634763975,0.1334776173476516,0.1410885793031235,0.05077170100001184,0.05873166295548374
KIDS_177.0_-1.5,KIDS_177p0_m1p5_r_SDSS.V1.3.0A_KiDS-1347_GAaP_Gaia.fits,KiDS,-0.01337525701275219,-0.00127525701275219,0.0420414642680215,0.0563373201340726,0.05541672128077369,0.05761257714682479
KIDS_358.8_-30.2,KIDS_358p8_m30p2_r_SDSS.V1.3.0A_KiDS-1347_GAaP_Gaia.fits,KiDS,-0.07457413714226332,-0.07403713714226332,-0.0344346452050517,-0.0206573418609266,0.04013949193721163,0.05337979528133671
KIDS_3.4_-27.2,KIDS_3p4_m27p2_r_SDSS.V1.3.0A_KiDS-1347_GAaP_Gaia.fits,KiDS,-0.12254284338609625,-0.11930084338609628,-0.0213221161558727,-0.0137615576428469,0.10122072723022355,0.10553928574324939
KIDS_210.0_1.5,KIDS_210p0_1p5_r_SDSS.V1.3.0A_KiDS-1347_GAaP_Gaia.fits,KiDS,0.10988068382743538,0.11251668382743538,0.1873527775230018,0.1919064571968763,0.07747209369556643,0.07938977336944092
KIDS_193.0_0.5,KIDS_193p0_0p5_r_SDSS.V1.3.0A_KiDS-1347_GAaP_Gaia.fits,KiDS,0.03346554255313133,0.03375554255313133,0.126862838411358,0.1259129305750032,0.09339729585822668,0.09215738802187186
KIDS_158.4_-3.5,KIDS_158p4_m3p5_r_SDSS.V1.3.0A_KiDS-1347_GAaP_Gaia.fits,KiDS,-0.09912417277749555,-0.09457817277749556,0.03079253613436,0.0317228407463745,0.12991670891185556,0.12630101352387005
KIDS_169.0_1.5,KIDS_169p0_1p5_r_SDSS.V1.3.0A_KiDS-1347_GAaP_Gaia.fits,KiDS,-0.028022816891574792,-0.02666181689157479,-0.0150132003052494,0.013326177579478,0.013009616586325393,0.03998799447105279
KIDS_175.5_2.5,KIDS_175p5_2p5_r_SDSS.V1.3.0A_KiDS-1347_GAaP_Gaia.fits,KiDS,-0.044252493004309085,-0.0436004930043091,-0.0607972783749959,-0.0497027019468031,-0.016544785370686814,-0.006102208942494004
KIDS_214.0_-0.5,KIDS_214p0_m0p5_r_SDSS.V1.3.0A_KiDS-1347_GAaP_Gaia.fits,KiDS,-0.03814910698110091,-0.0374741069811009,0.0311574997905163,0.0300670026407337,0.06930660677161721,0.0675411096218346
KIDS_160.0_1.5,KIDS_160p0_1p5_r_SDSS.V1.3.0A_KiDS-1347_GAaP_Gaia.fits,KiDS,-0.049244027067792934,-0.0482700270677929,0.1237300055971649,0.131474507037619,0.17297403266495784,0.1797445341054119
KIDS_331.8_-28.2,KIDS_331p8_m28p2_r_SDSS.V1.3.0A_KiDS-1347_GAaP_Gaia.fits,KiDS,-0.09503091875388944,-0.0939059187538894,-0.0103295564249125,-0.013672826138388,0.08470136232897695,0.0802330926155014
KIDS_28.8_-34.1,KIDS_28p8_m34p1_r_SDSS.V1.3.0A_KiDS-1347_GAaP_Gaia.fits,KiDS,-0.12886691686439322,-0.1285499168643932,0.0550186411887424,0.0682083854953476,0.1838855580531356,0.19675830235974082
KIDS_24.8_-28.2,KIDS_24p8_m28p2_r_SDSS.V1.3.0A_KiDS-1347_GAaP_Gaia.fits,KiDS,0.03877238332397995,0.04014638332397995,0.2012580779340378,0.2255673489988326,0.16248569461005785,0.18542096567485267
KIDS_139.0_-0.5,KIDS_139p0_m0p5_r_SDSS.V1.3.0A_KiDS-1347_GAaP_Gaia.fits,KiDS,0.058151850319663356,0.058151850319663356,0.1530182926553523,0.1362885186176621,0.09486644233568894,0.07813666829799876
KIDS_357.6_-34.1,KIDS_357p6_m34p1_r_SDSS.V1.3.0A_KiDS-1347_GAaP_Gaia.fits,KiDS,-0.024544523485231368,-0.024544523485231368,0.0439224435327297,0.0497561389294724,0.06846696701796107,0.07430066241470376
KIDS_32.5_-27.2,KIDS_32p5_m27p2_r_SDSS.V1.3.0A_KiDS-1347_GAaP_Gaia.fits,KiDS,-0.10636451688940876,-0.10320251688940876,-0.0756925126391547,-0.0634419084754395,0.030672004250254056,0.039760608413969264
KIDS_340.2_-31.2,KIDS_340p2_m31p2_r_SDSS.V1.3.0A_KiDS-1347_GAaP_Gaia.fits,KiDS,0.06906906375217216,0.06906906375217216,0.1625925337620453,0.1570315550816588,0.09352347000987314,0.08796249132948665
KIDS_5.9_-32.1,KIDS_5p9_m32p1_r_SDSS.V1.3.0A_KiDS-1347_GAaP_Gaia.fits,KiDS,0.0745071342130482,0.07599713421304821,0.1293567646564447,0.1448556511185582,0.05484963044339648,0.06885851690550998
KIDS_32.9_-32.1,KIDS_32p9_m32p1_r_SDSS.V1.3.0A_KiDS-1347_GAaP_Gaia.fits,KiDS,0.0829648019949202,0.08305780199492022,0.1848313075329991,0.1943378773974233,0.10186650553807888,0.11128007540250309
KIDS_349.3_-33.1,KIDS_349p3_m33p1_r_SDSS.V1.3.0A_KiDS-1347_GAaP_Gaia.fits,KiDS,0.05639630382762857,0.053735303827628575,0.0739780579536158,0.084484535174733,0.017581754125987226,0.03074923134710443
KIDS_165.0_-1.5,KIDS_165p0_m1p5_r_SDSS.V1.3.0A_KiDS-1347_GAaP_Gaia.fits,KiDS,0.03822128606464183,0.03858428606464183,0.161388455114507,0.1770977618523403,0.12316716904986517,0.13851347578769846
KIDS_195.0_-0.5,KIDS_195p0_m0p5_r_SDSS.V1.3.0A_KiDS-1347_GAaP_Gaia.fits,KiDS,-0.023331180309119376,-0.02058918030911938,0.061043670435256,0.0586784938543167,0.08437485074437537,0.07926767416343608
KIDS_25.9_-32.1,KIDS_25p9_m32p1_r_SDSS.V1.3.0A_KiDS-1347_GAaP_Gaia.fits,KiDS,-0.08044173614160152,-0.08281973614160157,0.0732581064922371,0.066849192999821,0.15369984263383862,0.14966892914142257
KIDS_219.6_-3.5,KIDS_219p6_m3p5_r_SDSS.V1.3.0A_KiDS-1347_GAaP_Gaia.fits,KiDS,0.005923990204744087,0.00765599020474407,0.1085646745656508,0.1144524181989735,0.10264068436090672,0.10679642799422943
KIDS_357.7_-28.2,KIDS_357p7_m28p2_r_SDSS.V1.3.0A_KiDS-1347_GAaP_Gaia.fits,KiDS,0.0944788268834955,0.09762682688349548,0.0782407092607053,0.0991786732219354,-0.016238117622790205,0.0015518463384399106
KIDS_190.0_1.5,KIDS_190p0_1p5_r_SDSS.V1.3.0A_KiDS-1347_GAaP_Gaia.fits,KiDS,-0.22008750620506654,-0.22015650620506652,-0.1539751339782848,-0.1636019239804292,0.06611237222678173,0.05655458222463733
KIDS_156.0_1.5,KIDS_156p0_1p5_r_SDSS.V1.3.0A_KiDS-1347_GAaP_Gaia.fits,KiDS,-0.04958897353572936,-0.049835973535729355,0.0968649541987001,0.0983161815836212,0.14645392773442945,0.14815215511935054
KIDS_330.3_-33.1,KIDS_330p3_m33p1_r_SDSS.V1.3.0A_KiDS-1347_GAaP_Gaia.fits,KiDS,0.04897299778960445,0.05127199778960446,0.1339894629370954,0.1341097272667638,0.08501646514749095,0.08283772947715934
KIDS_0.0_-33.1,KIDS_0p0_m33p1_r_SDSS.V1.3.0A_KiDS-1347_GAaP_Gaia.fits,KiDS,0.0024269529652147515,0.0034689529652147666,0.1243709889868291,0.1353523986088859,0.12194403602161435,0.13188344564367113
KIDS_211.6_3.5,KIDS_211p6_3p5_r_SDSS.V1.3.0A_KiDS-1347_GAaP_Gaia.fits,KiDS,0.06051603105019405,0.06073303105019404,0.1292787058213756,0.1277936894238075,0.06876267477118156,0.06706065837361347
KIDS_132.0_-0.5,KIDS_132p0_m0p5_r_SDSS.V1.3.0A_KiDS-1347_GAaP_Gaia.fits,KiDS,0.07263173951370276,0.07176073951370276,0.0263619580734391,0.0208127880624681,-0.04626978144026366,-0.050947951451234666
KIDS_188.0_-1.5,KIDS_188p0_m1p5_r_SDSS.V1.3.0A_KiDS-1347_GAaP_Gaia.fits,KiDS,0.24870226500650153,0.2547522650065015,0.3829420943215703,0.3847809132113491,0.13423982931506875,0.1300286482048476
KIDS_344.1_-29.2,KIDS_344p1_m29p2_r_SDSS.V1.3.0A_KiDS-1347_GAaP_Gaia.fits,KiDS,-0.006979772578072488,-0.006979772578072488,-0.0221227965304119,-0.0213378264831107,-0.01514302395233941,-0.014358053905038214
KIDS_163.5_3.5,KIDS_163p5_3p5_r_SDSS.V1.3.0A_KiDS-1347_GAaP_Gaia.fits,KiDS,-0.09903459717062632,-0.09978559717062632,0.1055254761621711,0.1251158058042619,0.2045600733327974,0.22490140297488823
KIDS_204.0_0.5,KIDS_204p0_0p5_r_SDSS.V1.3.0A_KiDS-1347_GAaP_Gaia.fits,KiDS,0.06775931505176346,0.06897031505176346,0.0849696479600417,0.0794734067119453,0.01721033290827824,0.010503091660181846
KIDS_219.0_-0.5,KIDS_219p0_m0p5_r_SDSS.V1.3.0A_KiDS-1347_GAaP_Gaia.fits,KiDS,0.05425894222344082,0.05618694222344082,0.0309352789730931,0.0294085538113554,-0.02332366325034772,-0.026778388412085418
KIDS_335.8_-30.2,KIDS_335p8_m30p2_r_SDSS.V1.3.0A_KiDS-1347_GAaP_Gaia.fits,KiDS,-0.024282020395092585,-0.023264020395092594,0.0107157969168747,0.0156221919117748,0.034997817311967286,0.038886212306867396
KIDS_215.0_1.5,KIDS_215p0_1p5_r_SDSS.V1.3.0A_KiDS-1347_GAaP_Gaia.fits,KiDS,0.07857026005641625,0.07528526005641625,0.1413017956837731,0.1347988069788377,0.06273153562735685,0.059513546922421445
KIDS_167.5_-2.5,KIDS_167p5_m2p5_r_SDSS.V1.3.0A_KiDS-1347_GAaP_Gaia.fits,KiDS,-0.19226394799820531,-0.18613794799820524,-0.1178351694218042,-0.1087703048951281,0.07442877857640111,0.07736764310307714
KIDS_26.5_-30.2,KIDS_26p5_m30p2_r_SDSS.V1.3.0A_KiDS-1347_GAaP_Gaia.fits,KiDS,-0.021220693676753513,-0.016408693676753516,0.0796051352872615,0.0703252818805022,0.10082582896401501,0.08673397555725572
KIDS_5.6_-28.2,KIDS_5p6_m28p2_r_SDSS.V1.3.0A_KiDS-1347_GAaP_Gaia.fits,KiDS,-0.05878996784467075,-0.056253967844670766,-0.0591879571715328,-0.0405406222479154,-0.0003979893268620527,0.015713345596755364
KIDS_338.7_-27.2,KIDS_338p7_m27p2_r_SDSS.V1.3.0A_KiDS-1347_GAaP_Gaia.fits,KiDS,-0.05899772157442987,-0.057485721574429854,-0.0251067815784182,-0.013813102949436,0.03389093999601167,0.04367261862499386
KIDS_203.6_-2.5,KIDS_203p6_m2p5_r_SDSS.V1.3.0A_KiDS-1347_GAaP_Gaia.fits,KiDS,-0.11521118101519709,-0.11392818101519711,0.0538174163073841,0.0506521959400979,0.1690285973225812,0.164580376955295
KIDS_169.5_-2.5,KIDS_169p5_m2p5_r_SDSS.V1.3.0A_KiDS-1347_GAaP_Gaia.fits,KiDS,-0.08669093412710727,-0.08580393412710727,0.0129998028368377,0.021951341877744,0.09969073696394497,0.10775527600485127
KIDS_333.5_-30.2,KIDS_333p5_m30p2_r_SDSS.V1.3.0A_KiDS-1347_GAaP_Gaia.fits,KiDS,-0.012829217842687562,-0.012322217842687569,0.0340628426144445,0.0500629204967914,0.04689206045713206,0.062385138339478965
KIDS_134.0_1.5,KIDS_134p0_1p5_r_SDSS.V1.3.0A_KiDS-1347_GAaP_Gaia.fits,KiDS,0.047113176468450084,0.04959817646845007,0.0780583181685149,0.0740182440056977,0.030945141700064814,0.024420067537247632
KIDS_332.4_-34.1,KIDS_332p4_m34p1_r_SDSS.V1.3.0A_KiDS-1347_GAaP_Gaia.fits,KiDS,-0.04904492472139946,-0.04597992472139947,0.0128020829430813,0.0088207274474482,0.06184700766448076,0.05480065216884768
KIDS_189.0_-0.5,KIDS_189p0_m0p5_r_SDSS.V1.3.0A_KiDS-1347_GAaP_Gaia.fits,KiDS,-0.019159563362245682,-0.017527563362245688,0.0651660480693651,0.0664834066591555,0.08432561143161078,0.08401097002140119
KIDS_198.6_2.5,KIDS_198p6_2p5_r_SDSS.V1.3.0A_KiDS-1347_GAaP_Gaia.fits,KiDS,0.04416893700357746,0.04455493700357746,0.0934008296675842,0.1039513035375566,0.04923189266400674,0.059396366533979145
KIDS_342.0_-34.1,KIDS_342p0_m34p1_r_SDSS.V1.3.0A_KiDS-1347_GAaP_Gaia.fits,KiDS,0.03170770389548305,0.03441170389548305,0.1151598428177918,0.1174813336072732,0.08345213892230875,0.08306962971179015
KIDS_20.0_-32.1,KIDS_20p0_m32p1_r_SDSS.V1.3.0A_KiDS-1347_GAaP_Gaia.fits,KiDS,0.03636440838722231,0.036355408387222315,0.2347031397653993,0.2376291362986947,0.19833873137817698,0.20127372791147238
KIDS_46.7_-26.2,KIDS_46p7_m26p2_r_SDSS.V1.3.0A_KiDS-1347_GAaP_Gaia.fits,KiDS,-0.016898070492309666,-0.013216070492309662,0.08107336769556,0.0799126786368841,0.09797143818786967,0.09312874912919376
KIDS_206.6_3.5,KIDS_206p6_3p5_r_SDSS.V1.3.0A_KiDS-1347_GAaP_Gaia.fits,KiDS,0.03119564040256656,0.03279964040256656,0.0926070789714818,0.0906033119198862,0.06141143856891523,0.05780367151731964
KIDS_19.1_-27.2,KIDS_19p1_m27p2_r_SDSS.V1.3.0A_KiDS-1347_GAaP_Gaia.fits,KiDS,0.029117674043982272,0.02937867404398227,0.0997742647455982,0.1115839257018091,0.07065659070161592,0.08220525165782683
KIDS_13.2_-34.1,KIDS_13p2_m34p1_r_SDSS.V1.3.0A_KiDS-1347_GAaP_Gaia.fits,KiDS,-1.0200901887023606,-1.0200901887023606,-0.8732432702786701,-0.8664413645855537,0.14684691842369046,0.15364882411680691
KIDS_186.0_0.5,KIDS_186p0_0p5_r_SDSS.V1.3.0A_KiDS-1347_GAaP_Gaia.fits,KiDS,0.01214849448238145,0.018672494482381452,0.0808384469968017,0.0944758084315726,0.06868995251442025,0.07580331394919115
KIDS_218.0_-1.5,KIDS_218p0_m1p5_r_SDSS.V1.3.0A_KiDS-1347_GAaP_Gaia.fits,KiDS,0.004471652493013317,0.005478652493013325,0.0932757603304606,0.0940859811764225,0.08880410783744729,0.08860732868340918
KIDS_38.9_-35.1,KIDS_38p9_m35p1_r_SDSS.V1.3.0A_KiDS-1347_GAaP_Gaia.fits,KiDS,-0.09191566708132856,-0.09012466708132857,-0.0016558692911926,-0.0131849781300897,0.09025979779013596,0.07693968895123887
KIDS_3.5_-31.2,KIDS_3p5_m31p2_r_SDSS.V1.3.0A_KiDS-1347_GAaP_Gaia.fits,KiDS,-0.021374012800929737,-0.020187012800929743,0.1674608628100711,0.1721685339565839,0.18883487561100085,0.19235554675751365
KIDS_133.0_0.5,KIDS_133p0_0p5_r_SDSS.V1.3.0A_KiDS-1347_GAaP_Gaia.fits,KiDS,0.02138224042371943,0.021982240423719435,0.0495007835333532,0.0547149062245032,0.02811854310963377,0.03273266580078377
KIDS_33.6_-34.1,KIDS_33p6_m34p1_r_SDSS.V1.3.0A_KiDS-1347_GAaP_Gaia.fits,KiDS,-0.07427634371109207,-0.06581134371109207,0.0250250470738941,0.0392347688850293,0.09930139078498618,0.10504611259612137
KIDS_10.2_-28.2,KIDS_10p2_m28p2_r_SDSS.V1.3.0A_KiDS-1347_GAaP_Gaia.fits,KiDS,-0.15537689123040757,-0.15463089123040755,-0.1538138069714964,-0.1500223734600357,0.0015630842589111626,0.004608517770371856
KIDS_159.4_2.5,KIDS_159p4_2p5_r_SDSS.V1.3.0A_KiDS-1347_GAaP_Gaia.fits,KiDS,-0.12784837536004667,-0.12571637536004665,-0.0165520674601599,-0.0110163594355182,0.11129630789988677,0.11470001592452846
KIDS_44.0_-28.2,KIDS_44p0_m28p2_r_SDSS.V1.3.0A_KiDS-1347_GAaP_Gaia.fits,KiDS,-0.023080467554747894,-0.022398467554747892,0.1050497265999199,0.106790983254648,0.1281301941546678,0.1291894508093959
KIDS_342.4_-32.1,KIDS_342p4_m32p1_r_SDSS.V1.3.0A_KiDS-1347_GAaP_Gaia.fits,KiDS,0.02896736753205721,0.03285336753205721,0.0936099055244411,0.095858338848159,0.06464253799238388,0.06300497131610179
KIDS_51.3_-31.2,KIDS_51p3_m31p2_r_SDSS.V1.3.0A_KiDS-1347_GAaP_Gaia.fits,KiDS,0.03999056965568139,0.04388356965568139,0.1317981823400485,0.1386480491105516,0.09180761268436712,0.09476447945487021
KIDS_12.3_-27.2,KIDS_12p3_m27p2_r_SDSS.V1.3.0A_KiDS-1347_GAaP_Gaia.fits,KiDS,-0.11305074791292424,-0.11147374791292425,-0.0616336459700235,-0.0506935140294831,0.05141710194290074,0.06078023388344115
KIDS_229.0_0.5,KIDS_229p0_0p5_r_SDSS.V1.3.0A_KiDS-1347_GAaP_Gaia.fits,KiDS,-0.03548374221672679,-0.03208074221672677,-0.0156022960934801,-0.0066234129515154,0.019881446123246688,0.02545732926521137
KIDS_140.0_1.5,KIDS_140p0_1p5_r_SDSS.V1.3.0A_KiDS-1347_GAaP_Gaia.fits,KiDS,0.04747582411850718,0.04779182411850718,0.1395982881344988,0.1400206637431086,0.09212246401599161,0.0922288396246014
KIDS_336.4_-27.2,KIDS_336p4_m27p2_r_SDSS.V1.3.0A_KiDS-1347_GAaP_Gaia.fits,KiDS,-0.008718014991170045,-0.0076420149911700375,0.0236352131784453,0.0116914317098891,0.03235322816961535,0.01933344670105914
KIDS_222.0_0.5,KIDS_222p0_0p5_r_SDSS.V1.3.0A_KiDS-1347_GAaP_Gaia.fits,KiDS,0.026794240444953515,0.026421240444953517,0.0462119261579411,0.0569224421610195,0.019417685712987583,0.030501201716065983
KIDS_189.5_2.5,KIDS_189p5_2p5_r_SDSS.V1.3.0A_KiDS-1347_GAaP_Gaia.fits,KiDS,-0.11469443798742632,-0.11446843798742631,-0.0509576308164665,-0.0289341348180944,0.06373680717095981,0.08553430316933192
KIDS_202.6_3.5,KIDS_202p6_3p5_r_SDSS.V1.3.0A_KiDS-1347_GAaP_Gaia.fits,KiDS,0.03164689673616629,0.03161289673616628,0.1211203476739419,0.1220159177544744,0.08947345093777562,0.09040302101830812
KIDS_222.6_-2.5,KIDS_222p6_m2p5_r_SDSS.V1.3.0A_KiDS-1347_GAaP_Gaia.fits,KiDS,0.06630386150125349,0.06819386150125349,0.0971233489198378,0.1115510043198723,0.030819487418584313,0.04335714281861881
KIDS_51.6_-27.2,KIDS_51p6_m27p2_r_SDSS.V1.3.0A_KiDS-1347_GAaP_Gaia.fits,KiDS,-0.048031977357155586,-0.046595977357155566,0.223839406618336,0.2296067773166009,0.2718713839754916,0.27620275467375643
KIDS_235.0_1.5,KIDS_235p0_1p5_r_SDSS.V1.3.0A_KiDS-1347_GAaP_Gaia.fits,KiDS,-0.24666571597205114,-0.24537071597205115,-0.1765802330359298,-0.1784362620895277,0.07008548293612135,0.06693445388252345
KIDS_134.0_-1.5,KIDS_134p0_m1p5_r_SDSS.V1.3.0A_KiDS-1347_GAaP_Gaia.fits,KiDS,0.047584204123488474,0.04760320412348847,0.0351858247885619,0.0419048805954259,-0.012398379334926574,-0.005698323528062571
KIDS_34.5_-30.2,KIDS_34p5_m30p2_r_SDSS.V1.3.0A_KiDS-1347_GAaP_Gaia.fits,KiDS,-0.0035081209324801382,-0.00224712093248014,0.1519501525975705,0.1597432169570766,0.15545827353005065,0.16199033788955675
KIDS_231.6_2.5,KIDS_231p6_2p5_r_SDSS.V1.3.0A_KiDS-1347_GAaP_Gaia.fits,KiDS,-0.04662437442862047,-0.046160374428620504,-0.0165846438142077,-0.0164032943320539,0.030039730614412768,0.029757080096566604
KIDS_203.6_3.5,KIDS_203p6_3p5_r_SDSS.V1.3.0A_KiDS-1347_GAaP_Gaia.fits,KiDS,0.011900844012036893,0.013373844012036895,0.1184979739485591,0.1319906439263975,0.1065971299365222,0.11861679991436061
KIDS_198.6_-3.5,KIDS_198p6_m3p5_r_SDSS.V1.3.0A_KiDS-1347_GAaP_Gaia.fits,KiDS,0.029839635375423473,0.029839635375423473,0.0384568321535067,0.0416405660171464,0.008617196778083223,0.011800930641722926
KIDS_230.0_-1.5,KIDS_230p0_m1p5_r_SDSS.V1.3.0A_KiDS-1347_GAaP_Gaia.fits,KiDS,-0.004062696704570143,-0.006569696704570152,-0.015890398250837,-0.0119054785149271,-0.011827701546266858,-0.005335781810356948
KIDS_334.8_-34.1,KIDS_334p8_m34p1_r_SDSS.V1.3.0A_KiDS-1347_GAaP_Gaia.fits,KiDS,-0.05035366228205915,-0.04921066228205917,0.0032235821878106,-0.0040016947762955,0.05357724446986975,0.04520896750576367
KIDS_209.6_-2.5,KIDS_209p6_m2p5_r_SDSS.V1.3.0A_KiDS-1347_GAaP_Gaia.fits,KiDS,0.021175043821358486,0.021319043821358477,0.124281329812372,0.1115250208069722,0.10310628599101351,0.09020597698561372
KIDS_20.7_-30.2,KIDS_20p7_m30p2_r_SDSS.V1.3.0A_KiDS-1347_GAaP_Gaia.fits,KiDS,0.06402143517912982,0.06528143517912982,0.0930365304789305,0.1026520092596783,0.029015095299800675,0.037370574080548474
KIDS_212.6_3.5,KIDS_212p6_3p5_r_SDSS.V1.3.0A_KiDS-1347_GAaP_Gaia.fits,KiDS,-0.02056217115407892,-0.01941017115407892,0.0420896982921438,0.0515056773221871,0.06265186944622272,0.07091584847626603
KIDS_195.5_2.5,KIDS_195p5_2p5_r_SDSS.V1.3.0A_KiDS-1347_GAaP_Gaia.fits,KiDS,0.06067473552808268,0.06254673552808268,0.1196563734234983,0.1187650754892285,0.05898163789541562,0.05621833996114582
KIDS_194.0_0.5,KIDS_194p0_0p5_r_SDSS.V1.3.0A_KiDS-1347_GAaP_Gaia.fits,KiDS,-0.05526020328400322,-0.053371203284003216,0.0231579584269504,0.0109036659418374,0.07841816171095362,0.06427486922584061
KIDS_22.4_-27.2,KIDS_22p4_m27p2_r_SDSS.V1.3.0A_KiDS-1347_GAaP_Gaia.fits,KiDS,-0.13118585128793187,-0.13379785128793187,0.0582726949128371,0.0885885089740265,0.18945854620076896,0.22238636026195835
KIDS_219.6_2.5,KIDS_219p6_2p5_r_SDSS.V1.3.0A_KiDS-1347_GAaP_Gaia.fits,KiDS,0.3919261742942839,0.3956911742942839,0.4254318877907466,0.4431215733557947,0.0335057134964627,0.04743039906151081
KIDS_47.5_-33.1,KIDS_47p5_m33p1_r_SDSS.V1.3.0A_KiDS-1347_GAaP_Gaia.fits,KiDS,-0.005312250163786322,-0.004341250163786323,0.0491477414742695,0.0574445186578509,0.05445999163805582,0.06178576882163722
KIDS_352.8_-34.1,KIDS_352p8_m34p1_r_SDSS.V1.3.0A_KiDS-1347_GAaP_Gaia.fits,KiDS,-0.0012848158644085117,-0.00048381586440851554,0.0141385056698632,0.0179168825753584,0.015423321534271712,0.018400698439766914
KIDS_227.0_-1.5,KIDS_227p0_m1p5_r_SDSS.V1.3.0A_KiDS-1347_GAaP_Gaia.fits,KiDS,-0.049184708891791995,-0.048234708891792016,0.0028276948659729,0.0054821967703681,0.0520124037577649,0.053716905662160114
KIDS_170.5_-2.5,KIDS_170p5_m2p5_r_SDSS.V1.3.0A_KiDS-1347_GAaP_Gaia.fits,KiDS,-0.1169659943775248,-0.11383699437752481,-0.0072680309025065,-0.001958840872936,0.10969796347501831,0.11187815350458881
KIDS_350.7_-31.2,KIDS_350p7_m31p2_r_SDSS.V1.3.0A_KiDS-1347_GAaP_Gaia.fits,KiDS,0.06694346241901464,0.06725746241901465,0.1077280705040392,0.121101155211011,0.04078460808502456,0.053843692791996356
KIDS_171.5_-3.5,KIDS_171p5_m3p5_r_SDSS.V1.3.0A_KiDS-1347_GAaP_Gaia.fits,KiDS,-0.1890490208287293,-0.18898102082872928,-0.0473496566685067,-0.0433444453124851,0.1416993641602226,0.14563657551624418
KIDS_41.9_-31.2,KIDS_41p9_m31p2_r_SDSS.V1.3.0A_KiDS-1347_GAaP_Gaia.fits,KiDS,-0.010151167581148576,-0.009982167581148574,0.2328278468794802,0.2129192014678591,0.24297901446062875,0.22290136904900765
KIDS_223.6_-3.5,KIDS_223p6_m3p5_r_SDSS.V1.3.0A_KiDS-1347_GAaP_Gaia.fits,KiDS,0.06286956809812187,0.06439856809812187,0.0627810735605201,0.0696290493963209,-8.849453760177706e-05,0.00523048129819903
KIDS_41.8_-28.2,KIDS_41p8_m28p2_r_SDSS.V1.3.0A_KiDS-1347_GAaP_Gaia.fits,KiDS,-0.21090585740658577,-0.21223585740658577,-0.0496020390113605,-0.0410945451154763,0.16130381839522526,0.17114131229110946
KIDS_355.2_-33.1,KIDS_355p2_m33p1_r_SDSS.V1.3.0A_KiDS-1347_GAaP_Gaia.fits,KiDS,0.07296935051225631,0.07396835051225631,0.1775242369607884,0.1739416402125737,0.10455488644853209,0.09997328970031738
KIDS_52.8_-34.1,KIDS_52p8_m34p1_r_SDSS.V1.3.0A_KiDS-1347_GAaP_Gaia.fits,KiDS,-0.02059461920069519,-0.01873761920069518,0.0666016372138605,0.0799243631948739,0.0871962564145557,0.09866198239556907
KIDS_208.0_1.5,KIDS_208p0_1p5_r_SDSS.V1.3.0A_KiDS-1347_GAaP_Gaia.fits,KiDS,-0.11476945840304717,-0.11222945840304718,0.0195428330235675,0.0164408178619945,0.13431229142661466,0.12867027626504168
KIDS_337.9_-31.2,KIDS_337p9_m31p2_r_SDSS.V1.3.0A_KiDS-1347_GAaP_Gaia.fits,KiDS,0.0005127222742157822,0.0008747222742157834,0.0026076686341891,0.0135190572990015,0.002094946359973318,0.012644335024785716
KIDS_329.7_-27.2,KIDS_329p7_m27p2_r_SDSS.V1.3.0A_KiDS-1347_GAaP_Gaia.fits,KiDS,0.04739736875732337,0.04688036875732337,0.1544435506919327,0.1537106572427179,0.10704618193460932,0.10683028848539453
KIDS_9.0_-28.2,KIDS_9p0_m28p2_r_SDSS.V1.3.0A_KiDS-1347_GAaP_Gaia.fits,KiDS,0.05745967996398933,0.05764767996398934,0.4475563011927351,0.5060932450966125,0.3900966212287458,0.4484455651326231
KIDS_337.0_-30.2,KIDS_337p0_m30p2_r_SDSS.V1.3.0A_KiDS-1347_GAaP_Gaia.fits,KiDS,0.008030116244580138,0.005267116244580122,0.0699599551867256,0.0744616485110397,0.06192983894214546,0.06919453226645958
KIDS_1.2_-34.1,KIDS_1p2_m34p1_r_SDSS.V1.3.0A_KiDS-1347_GAaP_Gaia.fits,KiDS,0.009763550307501576,0.00852255030750157,0.0805880988496027,0.088503370555869,0.07082454854210113,0.07998082024836743
KIDS_228.0_0.5,KIDS_228p0_0p5_r_SDSS.V1.3.0A_KiDS-1347_GAaP_Gaia.fits,KiDS,0.08371341926506405,0.08301941926506405,0.1218767573535948,0.1255185034428321,0.03816333808853074,0.04249908417776806
KIDS_41.4_-35.1,KIDS_41p4_m35p1_r_SDSS.V1.3.0A_KiDS-1347_GAaP_Gaia.fits,KiDS,-0.35894388007233613,-0.35761688007233605,-0.1896954928259742,-0.1978844468784145,0.16924838724636193,0.15973243319392155
KIDS_168.5_-2.5,KIDS_168p5_m2p5_r_SDSS.V1.3.0A_KiDS-1347_GAaP_Gaia.fits,KiDS,-0.12569762082641028,-0.12500162082641028,-0.0530189691826162,-0.0431460741370031,0.07267865164379408,0.08185554668940717
KIDS_349.2_-34.1,KIDS_349p2_m34p1_r_SDSS.V1.3.0A_KiDS-1347_GAaP_Gaia.fits,KiDS,0.013035327266791963,0.014305327266791956,0.1316457662114545,0.137252984597969,0.11861043894466253,0.12294765733117705
KIDZ_333.9_-0.1,OMEGACAM_334p0_m0p2_r_SDSS.V1.2.0A_KiDS-1347_GAaP_Gaia.fits,KiDZ,-0.05982739662349651,-0.05982739662349651,-0.0573366069090291,-0.0576016371944928,0.002490789714467409,0.0022257594290037083
KIDS_175.5_3.5,KIDS_175p5_3p5_r_SDSS.V1.3.0A_KiDS-1347_GAaP_Gaia.fits,KiDS,0.033307463817036864,0.03626146381703686,0.1196215782150408,0.1254268778713424,0.08631411439800393,0.08916541405430554
KIDS_20.2_-27.2,KIDS_20p2_m27p2_r_SDSS.V1.3.0A_KiDS-1347_GAaP_Gaia.fits,KiDS,-0.10414085228436878,-0.1034638522843688,-0.0532160469653338,-0.0485071706144525,0.05092480531903498,0.0549566816699163
KIDS_201.0_-0.5,KIDS_201p0_m0p5_r_SDSS.V1.3.0A_KiDS-1347_GAaP_Gaia.fits,KiDS,0.015205049407194665,0.014820049407194669,0.0986785038934034,0.1004842456324006,0.08347345448620873,0.08566419622520594
KIDS_8.5_-35.1,KIDS_8p5_m35p1_r_SDSS.V1.3.0A_KiDS-1347_GAaP_Gaia.fits,KiDS,-0.10657667617638861,-0.1063226761763886,0.0177615880505739,0.0224496711247498,0.12433826422696251,0.1287723473011384
KIDS_21.9_-30.2,KIDS_21p9_m30p2_r_SDSS.V1.3.0A_KiDS-1347_GAaP_Gaia.fits,KiDS,0.05316358791692742,0.05532458791692742,0.1426952718111308,0.1628932532009093,0.08953168389420339,0.10756866528398189
KIDS_220.6_-2.5,KIDS_220p6_m2p5_r_SDSS.V1.3.0A_KiDS-1347_GAaP_Gaia.fits,KiDS,0.0676831132396654,0.07012311323966543,0.1396807639786101,0.1288032760014956,0.0719976507389447,0.058680162761830176
KIDS_187.5_-3.5,KIDS_187p5_m3p5_r_SDSS.V1.3.0A_KiDS-1347_GAaP_Gaia.fits,KiDS,0.07280669015470284,0.07588869015470283,0.1890753325447734,0.2037710009720185,0.11626864239007056,0.12788231081731566
KIDS_181.0_-0.5,KIDS_181p0_m0p5_r_SDSS.V1.3.0A_KiDS-1347_GAaP_Gaia.fits,KiDS,0.010369618168326378,0.010183618168326386,0.0109278562437357,0.0187064726816255,0.000558238075409322,0.008522854513299115
KIDS_178.5_3.5,KIDS_178p5_3p5_r_SDSS.V1.3.0A_KiDS-1347_GAaP_Gaia.fits,KiDS,-0.19758350361701174,-0.19758350361701174,-0.1638178564821612,-0.1578575123064511,0.03376564713485053,0.03972599131056065
KIDS_25.8_-27.2,KIDS_25p8_m27p2_r_SDSS.V1.3.0A_KiDS-1347_GAaP_Gaia.fits,KiDS,0.02523422592039662,0.03028722592039662,0.1082547713414308,0.1073017590488111,0.08302054542103418,0.07701453312841448
KIDS_17.6_-32.1,KIDS_17p6_m32p1_r_SDSS.V1.3.0A_KiDS-1347_GAaP_Gaia.fits,KiDS,-0.04891398795328453,-0.04787298795328451,0.1149019297648206,0.1107323641582151,0.1638159177181051,0.15860535211149962
KIDS_352.1_-28.2,KIDS_352p1_m28p2_r_SDSS.V1.3.0A_KiDS-1347_GAaP_Gaia.fits,KiDS,-0.8486400110263671,-0.8486400110263671,-0.8400175955543828,-0.7034192883277639,0.00862241547198428,0.1452207226986032
KIDS_31.6_-28.2,KIDS_31p6_m28p2_r_SDSS.V1.3.0A_KiDS-1347_GAaP_Gaia.fits,KiDS,-0.18859899411892336,-0.18839699411892338,-0.1116719174168234,-0.1071353404000249,0.07692707670209996,0.08126165371889849
KIDS_41.2_-32.1,KIDS_41p2_m32p1_r_SDSS.V1.3.0A_KiDS-1347_GAaP_Gaia.fits,KiDS,0.1336359453166009,0.1341649453166009,0.3658491985978113,0.4311782688688887,0.2322132532812104,0.2970133235522878
KIDS_161.4_-2.5,KIDS_161p4_m2p5_r_SDSS.V1.3.0A_KiDS-1347_GAaP_Gaia.fits,KiDS,-0.08153752870847539,-0.07934652870847539,0.0423435728407441,0.0526521030541383,0.1238811015492195,0.13199863176261367
KIDS_177.5_3.5,KIDS_177p5_3p5_r_SDSS.V1.3.0A_KiDS-1347_GAaP_Gaia.fits,KiDS,-0.11315061606251589,-0.11287361606251586,-0.0610697086855868,-0.044478167947801,0.05208090737692909,0.06839544811471486
KIDS_357.6_-33.1,KIDS_357p6_m33p1_r_SDSS.V1.3.0A_KiDS-1347_GAaP_Gaia.fits,KiDS,0.06149584068128868,0.06185884068128868,0.047895980577574,0.047720685451403,-0.013599860103714681,-0.014138155229885686
KIDS_215.0_-0.5,KIDS_215p0_m0p5_r_SDSS.V1.3.0A_KiDS-1347_GAaP_Gaia.fits,KiDS,0.03325444340897851,0.03425944340897852,0.1586560081600448,0.1653056642818013,0.12540156475106629,0.13104622087282278
KIDS_220.0_-0.5,KIDS_220p0_m0p5_r_SDSS.V1.3.0A_KiDS-1347_GAaP_Gaia.fits,KiDS,0.048309626708192735,0.05011962670819274,0.0818246381737925,0.0889985315093262,0.033515011465599764,0.03887890480113346
KIDS_192.5_2.5,KIDS_192p5_2p5_r_SDSS.V1.3.0A_KiDS-1347_GAaP_Gaia.fits,KiDS,-0.1124740072938854,-0.10851200729388541,0.0129677221141728,0.0147417993827122,0.1254417294080582,0.1232538066765976
KIDS_164.5_2.5,KIDS_164p5_2p5_r_SDSS.V1.3.0A_KiDS-1347_GAaP_Gaia.fits,KiDS,-0.03899955927378085,-0.03983455927378085,0.1036046065101012,0.1077780103900252,0.14260416578388205,0.14761256966380604
KIDS_351.8_-31.2,KIDS_351p8_m31p2_r_SDSS.V1.3.0A_KiDS-1347_GAaP_Gaia.fits,KiDS,0.04571000884154198,0.04700100884154198,0.1421159519247569,0.1218190426178632,0.09640594308321493,0.07481803377632121
KIDS_234.0_1.5,KIDS_234p0_1p5_r_SDSS.V1.3.0A_KiDS-1347_GAaP_Gaia.fits,KiDS,-0.134197438405848,-0.13380243840584802,-0.0330718610939125,-0.0391607484663735,0.1011255773119355,0.09464168993947453
KIDS_36.5_-29.2,KIDS_36p5_m29p2_r_SDSS.V1.3.0A_KiDS-1347_GAaP_Gaia.fits,KiDS,-0.11494356148610504,-0.11682056148610506,0.0728748722948163,0.0716701498885356,0.18781843378092133,0.18849071137464066
KIDS_219.6_3.5,KIDS_219p6_3p5_r_SDSS.V1.3.0A_KiDS-1347_GAaP_Gaia.fits,KiDS,-0.07907006068968606,-0.07922206068968607,0.0324989265685717,0.0366964179986752,0.11156898725825776,0.11591847868836128
KIDS_343.9_-30.2,KIDS_343p9_m30p2_r_SDSS.V1.3.0A_KiDS-1347_GAaP_Gaia.fits,KiDS,-0.004925113646342336,-0.004495113646342336,-0.0163297611981878,0.0024691047673615,-0.011404647551845466,0.006964218413703836
KIDS_30.8_-29.2,KIDS_30p8_m29p2_r_SDSS.V1.3.0A_KiDS-1347_GAaP_Gaia.fits,KiDS,-0.09193372485505089,-0.09193372485505089,0.0814613580196966,0.1081419518623381,0.17339508287474747,0.200075676717389
KIDS_238.0_-1.5,KIDS_238p0_m1p5_r_SDSS.V1.3.0A_KiDS-1347_GAaP_Gaia.fits,KiDS,0.07484114356196156,0.07868014356196154,0.135000861689048,0.1406483652307411,0.06015971812708645,0.06196822166877955
KIDS_190.5_-3.5,KIDS_190p5_m3p5_r_SDSS.V1.3.0A_KiDS-1347_GAaP_Gaia.fits,KiDS,-0.08810940049612911,-0.08810940049612911,-0.0309533609025644,-0.0179214895305703,0.05715603959356472,0.07018791096555882
KIDS_29.1_-31.2,KIDS_29p1_m31p2_r_SDSS.V1.3.0A_KiDS-1347_GAaP_Gaia.fits,KiDS,-0.016166490149820273,-0.016891490149820262,0.1134331519539321,0.1272190499725771,0.12959964210375235,0.14411054012239738
KIDS_171.0_0.5,KIDS_171p0_0p5_r_SDSS.V1.3.0A_KiDS-1347_GAaP_Gaia.fits,KiDS,-0.014835867421615856,-0.014283867421615859,0.1395979773126145,0.1366681191975254,0.15443384473423036,0.15095198661914125
KIDS_173.5_3.5,KIDS_173p5_3p5_r_SDSS.V1.3.0A_KiDS-1347_GAaP_Gaia.fits,KiDS,-0.08631017948766903,-0.08829117948766904,-0.0739176543397437,-0.0649474192320767,0.012392525147925326,0.023343760255592344
KIDS_341.2_-32.1,KIDS_341p2_m32p1_r_SDSS.V1.3.0A_KiDS-1347_GAaP_Gaia.fits,KiDS,0.051926228956617096,0.0526212289566171,0.1008444421778217,0.0969784403946239,0.0489182132212046,0.044357211438006805
KIDS_204.0_-0.5,KIDS_204p0_m0p5_r_SDSS.V1.3.0A_KiDS-1347_GAaP_Gaia.fits,KiDS,-0.06815956828812933,-0.06910456828812933,0.1344095611136723,0.1752979041249253,0.20256912940180163,0.24440247241305463
KIDS_20.4_-34.1,KIDS_20p4_m34p1_r_SDSS.V1.3.0A_KiDS-1347_GAaP_Gaia.fits,KiDS,0.011534846449635316,0.013206846449635323,0.1046021950306327,0.1341945833648467,0.09306734858099738,0.12098773691521136
KIDS_138.4_2.5,KIDS_138p4_2p5_r_SDSS.V1.3.0A_KiDS-1347_GAaP_Gaia.fits,KiDS,-0.03511764146173166,-0.03182764146173164,-0.0084435069038879,0.0004457123941296,0.02667413455784376,0.03227335385586124
KIDS_211.0_-1.5,KIDS_211p0_m1p5_r_SDSS.V1.3.0A_KiDS-1347_GAaP_Gaia.fits,KiDS,0.031002661771881018,0.031105661771881024,0.1381092795003299,0.1474640488352785,0.10710661772844887,0.11635838706339748
KIDS_179.5_3.5,KIDS_179p5_3p5_r_SDSS.V1.3.0A_KiDS-1347_GAaP_Gaia.fits,KiDS,-0.09088534877590157,-0.08770434877590158,-0.0067159560739653,-0.0110482297508899,0.08416939270193627,0.07665611902501168
KIDS_40.4_-33.1,KIDS_40p4_m33p1_r_SDSS.V1.3.0A_KiDS-1347_GAaP_Gaia.fits,KiDS,0.016762321609500946,0.01709732160950095,0.0899856326284439,0.108443981791668,0.07322331101894296,0.09134666018216706
KIDS_49.3_-27.2,KIDS_49p3_m27p2_r_SDSS.V1.3.0A_KiDS-1347_GAaP_Gaia.fits,KiDS,-0.3513042369601972,-0.34895423696019723,-0.101533931492015,-0.0936949925064022,0.24977030546818219,0.255259244453795
KIDS_189.0_1.5,KIDS_189p0_1p5_r_SDSS.V1.3.0A_KiDS-1347_GAaP_Gaia.fits,KiDS,-0.251565093162632,-0.25034709316263204,-0.1485390628115244,-0.1485972699778247,0.10302603035110758,0.10174982318480735
KIDS_7.9_-28.2,KIDS_7p9_m28p2_r_SDSS.V1.3.0A_KiDS-1347_GAaP_Gaia.fits,KiDS,-0.0621496253679262,-0.0621496253679262,0.0842848868817935,0.0884972214876627,0.1464345122497197,0.1506468468555889
KIDS_217.6_-2.5,KIDS_217p6_m2p5_r_SDSS.V1.3.0A_KiDS-1347_GAaP_Gaia.fits,KiDS,0.050197871645638215,0.05033887164563822,0.1490667550114231,0.1427768806308611,0.0988688833657849,0.09243800898522289
KIDS_23.1_-35.1,KIDS_23p1_m35p1_r_SDSS.V1.3.0A_KiDS-1347_GAaP_Gaia.fits,KiDS,-0.107001056172942,-0.10651205617294204,-0.0734051405254514,-0.0434807930620625,0.03359591564749061,0.06303126311087955
KIDS_15.3_-32.1,KIDS_15p3_m32p1_r_SDSS.V1.3.0A_KiDS-1347_GAaP_Gaia.fits,KiDS,-0.15231251486657618,-0.15231251486657618,-0.0125454763791017,-0.0001538121718408,0.1397670384874745,0.1521587026947354
KIDS_340.8_-28.2,KIDS_340p8_m28p2_r_SDSS.V1.3.0A_KiDS-1347_GAaP_Gaia.fits,KiDS,-0.06384572071945477,-0.06402372071945475,0.0656065637822499,0.0721014368146235,0.12945228450170465,0.13612515753407825
KIDS_163.5_-3.5,KIDS_163p5_m3p5_r_SDSS.V1.3.0A_KiDS-1347_GAaP_Gaia.fits,KiDS,-0.20286957697688454,-0.20286957697688454,-0.0975528201708551,-0.0813364281094368,0.10531675680602944,0.12153314886744775
KIDS_10.5_-31.2,KIDS_10p5_m31p2_r_SDSS.V1.3.0A_KiDS-1347_GAaP_Gaia.fits,KiDS,-0.10128677801852662,-0.10118877801852663,0.0946146177262371,0.0973127811324729,0.19590139574476373,0.19850155915099954
KIDS_5.8_-30.2,KIDS_5p8_m30p2_r_SDSS.V1.3.0A_KiDS-1347_GAaP_Gaia.fits,KiDS,-0.028321806734022487,-0.028321806734022487,0.0428852637431018,0.0631457457349329,0.0712070704771243,0.09146755246895538
KIDS_213.0_-0.5,KIDS_213p0_m0p5_r_SDSS.V1.3.0A_KiDS-1347_GAaP_Gaia.fits,KiDS,-0.0026052132107922954,-0.0007152132107922926,0.1167569808609867,0.1212119063015718,0.11936219407177899,0.1219271195123641
KIDS_356.4_-33.1,KIDS_356p4_m33p1_r_SDSS.V1.3.0A_KiDS-1347_GAaP_Gaia.fits,KiDS,-0.022450173966851478,-0.021354173966851492,0.0904419190755934,0.0964445018227531,0.11289209304244488,0.1177986757896046
KIDS_356.5_-31.2,KIDS_356p5_m31p2_r_SDSS.V1.3.0A_KiDS-1347_GAaP_Gaia.fits,KiDS,-0.012971719994778821,-0.012243719994778815,0.1180953185621156,0.1255480689113159,0.13106703855689442,0.13779178890609473
KIDS_14.6_-27.2,KIDS_14p6_m27p2_r_SDSS.V1.3.0A_KiDS-1347_GAaP_Gaia.fits,KiDS,0.05606082596248272,0.05528682596248271,0.2072996392990538,0.1992526506169331,0.15123881333657108,0.14396582465445038
KIDS_25.2_-34.1,KIDS_25p2_m34p1_r_SDSS.V1.3.0A_KiDS-1347_GAaP_Gaia.fits,KiDS,-0.06918407178135072,-0.06652307178135072,-0.0298080416630939,-0.0198739419558883,0.03937603011825682,0.04664912982546242
KIDS_174.5_-2.5,KIDS_174p5_m2p5_r_SDSS.V1.3.0A_KiDS-1347_GAaP_Gaia.fits,KiDS,-0.10169667496192744,-0.09778467496192744,-0.0606025881313909,-0.0583251654310507,0.041094086830536544,0.03945950953087674
KIDS_174.5_2.5,KIDS_174p5_2p5_r_SDSS.V1.3.0A_KiDS-1347_GAaP_Gaia.fits,KiDS,0.06357808757794062,0.06362608757794061,0.0699484842526002,0.0717975156847279,0.006370396674659579,0.008171428106787296
KIDS_2.3_-31.2,KIDS_2p3_m31p2_r_SDSS.V1.3.0A_KiDS-1347_GAaP_Gaia.fits,KiDS,0.07580293413886954,0.07878093413886955,0.1355424484228909,0.137964443074138,0.059739514284021356,0.05918350893526844
KIDS_42.6_-30.2,KIDS_42p6_m30p2_r_SDSS.V1.3.0A_KiDS-1347_GAaP_Gaia.fits,KiDS,0.02485647772409752,0.025752477724097514,0.1360087159953289,0.1483237868883363,0.11115223827123139,0.12257130916423879
KIDS_46.0_-27.2,KIDS_46p0_m27p2_r_SDSS.V1.3.0A_KiDS-1347_GAaP_Gaia.fits,KiDS,-0.025280571217762254,-0.02518457121776224,0.2476761625844264,0.2654446463403391,0.27295673380218866,0.29062921755810134
KIDS_199.6_-3.5,KIDS_199p6_m3p5_r_SDSS.V1.3.0A_KiDS-1347_GAaP_Gaia.fits,KiDS,0.0009278849602750439,0.002535884960275042,0.1042488163335874,0.1057617635040181,0.10332093137331236,0.10322587854374306
KIDS_341.9_-28.2,KIDS_341p9_m28p2_r_SDSS.V1.3.0A_KiDS-1347_GAaP_Gaia.fits,KiDS,-0.04760245867136553,-0.047002458671365516,0.0402252754315907,0.0339817812761725,0.08782773410295623,0.080984239947538
KIDS_215.0_-1.5,KIDS_215p0_m1p5_r_SDSS.V1.3.0A_KiDS-1347_GAaP_Gaia.fits,KiDS,0.3723542793421153,0.3728262793421153,0.4590247654543652,0.4672042377676954,0.08667048611224992,0.09437795842558006
KIDS_354.1_-33.1,KIDS_354p1_m33p1_r_SDSS.V1.3.0A_KiDS-1347_GAaP_Gaia.fits,KiDS,0.044349519980604976,0.04938751998060498,0.161583237987186,0.1678567776860919,0.11723371800658101,0.11846925770548691
KIDS_49.2_-34.1,KIDS_49p2_m34p1_r_SDSS.V1.3.0A_KiDS-1347_GAaP_Gaia.fits,KiDS,0.11602937263742864,0.11616737263742864,0.2608527866229611,0.2770665498877341,0.14482341398553245,0.16089917725030545
KIDS_52.3_-33.1,KIDS_52p3_m33p1_r_SDSS.V1.3.0A_KiDS-1347_GAaP_Gaia.fits,KiDS,0.004385681800544702,0.006123681800544706,0.1688775958275084,0.1807185625382504,0.16449191402696367,0.17459488073770568
KIDS_357.7_-30.2,KIDS_357p7_m30p2_r_SDSS.V1.3.0A_KiDS-1347_GAaP_Gaia.fits,KiDS,-0.03575871591565241,-0.03595871591565239,0.0367771322606026,0.0520255960218933,0.07253584817625501,0.08798431193754569
KIDS_199.0_-0.5,KIDS_199p0_m0p5_r_SDSS.V1.3.0A_KiDS-1347_GAaP_Gaia.fits,KiDS,0.07168555039691077,0.07270455039691079,0.1462807773100813,0.1461128672698155,0.07459522691317053,0.07340831687290472
KIDS_166.0_-1.5,KIDS_166p0_m1p5_r_SDSS.V1.3.0A_KiDS-1347_GAaP_Gaia.fits,KiDS,-0.10570282520897759,-0.10202282520897757,0.0581405529519533,0.0628289574142148,0.1638433781609309,0.1648517826231924
KIDS_45.6_-26.2,KIDS_45p6_m26p2_r_SDSS.V1.3.0A_KiDS-1347_GAaP_Gaia.fits,KiDS,-0.013508083417119246,-0.013153083417119252,0.1393345442999989,0.1056640938951223,0.15284262771711815,0.11881717731224155
KIDS_172.0_-1.5,KIDS_172p0_m1p5_r_SDSS.V1.3.0A_KiDS-1347_GAaP_Gaia.fits,KiDS,0.023292254055205144,0.023314254055205152,0.0985305291849235,0.1263163482795244,0.07523827512971835,0.10300209422431925
KIDS_333.9_-33.1,KIDS_333p9_m33p1_r_SDSS.V1.3.0A_KiDS-1347_GAaP_Gaia.fits,KiDS,0.08253852077614769,0.08235752077614769,0.1472913730377412,0.1551296303555634,0.06475285226159351,0.07277210957941571
KIDS_230.0_0.5,KIDS_230p0_0p5_r_SDSS.V1.3.0A_KiDS-1347_GAaP_Gaia.fits,KiDS,0.05553159434797253,0.05553159434797253,0.0977160379202984,0.1014763610145896,0.04218444357232587,0.045944766666617065
KIDS_236.0_-1.5,KIDS_236p0_m1p5_r_SDSS.V1.3.0A_KiDS-1347_GAaP_Gaia.fits,KiDS,-0.032290479907601255,-0.03181247990760125,0.065168835469607,0.0699730947651609,0.09745931537720826,0.10178557467276216
KIDS_48.6_-35.1,KIDS_48p6_m35p1_r_SDSS.V1.3.0A_KiDS-1347_GAaP_Gaia.fits,KiDS,-0.054505022880960236,-0.05418702288096022,-0.0005911188975372,0.0190008220946133,0.05391390398342304,0.07318784497557353
KIDS_33.8_-31.2,KIDS_33p8_m31p2_r_SDSS.V1.3.0A_KiDS-1347_GAaP_Gaia.fits,KiDS,0.02143671512345033,0.025651715123450325,0.1516209171754454,0.1377914113151357,0.13018420205199507,0.11213969619168537
KIDS_179.0_-0.5,KIDS_179p0_m0p5_r_SDSS.V1.3.0A_KiDS-1347_GAaP_Gaia.fits,KiDS,0.0557749338076309,0.0584099338076309,0.0583988550492962,0.0653002628845832,0.0026239212416653,0.006890329076952299
KIDS_228.0_-0.5,KIDS_228p0_m0p5_r_SDSS.V1.3.0A_KiDS-1347_GAaP_Gaia.fits,KiDS,0.05430724739643228,0.05425224739643228,0.1738823454528297,0.1787691705485758,0.11957509805639743,0.12451692315214352
KIDS_180.0_1.5,KIDS_180p0_1p5_r_SDSS.V1.3.0A_KiDS-1347_GAaP_Gaia.fits,KiDS,0.057674224951417594,0.061913224951417586,0.1465368219641084,0.1523167985637347,0.0888625970126908,0.09040357361231711
KIDS_46.6_-31.2,KIDS_46p6_m31p2_r_SDSS.V1.3.0A_KiDS-1347_GAaP_Gaia.fits,KiDS,0.026820967934502213,0.029311967934502206,0.1825226822263815,0.1963875786298261,0.1557017142918793,0.1670756106953239
KIDS_357.6_-32.1,KIDS_357p6_m32p1_r_SDSS.V1.3.0A_KiDS-1347_GAaP_Gaia.fits,KiDS,0.052132502037552174,0.052299502037552174,0.1294449586806906,0.1266149211461089,0.07731245664313843,0.07431541910855671
KIDS_226.0_-1.5,KIDS_226p0_m1p5_r_SDSS.V1.3.0A_KiDS-1347_GAaP_Gaia.fits,KiDS,-0.07093866707180571,-0.0708386670718057,-0.0001039080383224,0.0056563697151575,0.07083475903348331,0.07649503678696319
KIDS_235.0_0.5,KIDS_235p0_0p5_r_SDSS.V1.3.0A_KiDS-1347_GAaP_Gaia.fits,KiDS,0.04801930539614249,0.0481683053961425,0.1379450335644043,0.1414621422578144,0.0899257281682618,0.09329383686167189
KIDS_214.0_1.5,KIDS_214p0_1p5_r_SDSS.V1.3.0A_KiDS-1347_GAaP_Gaia.fits,KiDS,0.04119428999048884,0.04119428999048884,0.1570101961005782,0.1631252305792095,0.11581590611008936,0.12193094058872066
KIDS_7.1_-33.1,KIDS_7p1_m33p1_r_SDSS.V1.3.0A_KiDS-1347_GAaP_Gaia.fits,KiDS,-0.00486994390160668,-0.0044939439016066784,0.0416124066633095,0.0562864662979346,0.04648235056491618,0.06078041019954128
KIDS_51.9_-28.2,KIDS_51p9_m28p2_r_SDSS.V1.3.0A_KiDS-1347_GAaP_Gaia.fits,KiDS,-0.016355917101247147,-0.015397917101247147,0.1618291041128753,0.1544440544388457,0.17818502121412244,0.16984197154009284
KIDS_230.6_2.5,KIDS_230p6_2p5_r_SDSS.V1.3.0A_KiDS-1347_GAaP_Gaia.fits,KiDS,-0.06040196168518189,-0.058409961685181894,-0.0115867621959492,-0.0096722739360088,0.048815199489232686,0.04873768774917309
KIDS_188.5_2.5,KIDS_188p5_2p5_r_SDSS.V1.3.0A_KiDS-1347_GAaP_Gaia.fits,KiDS,-0.1215989497303934,-0.12186694973039339,-0.0947439843763471,-0.0821905479095045,0.0268549653540463,0.039676401820888885
KIDS_335.3_-32.1,KIDS_335p3_m32p1_r_SDSS.V1.3.0A_KiDS-1347_GAaP_Gaia.fits,KiDS,0.08734948295386691,0.0884914829538669,0.1426416365431084,0.1469253623844825,0.0552921535892415,0.05843387943061561
KIDS_338.8_-32.1,KIDS_338p8_m32p1_r_SDSS.V1.3.0A_KiDS-1347_GAaP_Gaia.fits,KiDS,0.04997989627873367,0.05013589627873367,0.0987245331065069,0.1044294269048126,0.04874463682777323,0.05429353062607894
KIDS_47.4_-35.1,KIDS_47p4_m35p1_r_SDSS.V1.3.0A_KiDS-1347_GAaP_Gaia.fits,KiDS,-0.05425133894977588,-0.05111333894977588,-0.001820747210896,-0.0095860966492575,0.05243059173887988,0.04152724230051838
KIDS_349.5_-31.2,KIDS_349p5_m31p2_r_SDSS.V1.3.0A_KiDS-1347_GAaP_Gaia.fits,KiDS,0.044941954325038364,0.04376995432503836,0.0607581022694278,0.078830015866812,0.015816147944389437,0.03506006154177364
KIDS_188.5_-2.5,KIDS_188p5_m2p5_r_SDSS.V1.3.0A_KiDS-1347_GAaP_Gaia.fits,KiDS,0.06373236171091395,0.06496536171091397,0.1969091338097875,0.1897180007860348,0.13317677209887355,0.12475263907512082
KIDS_162.0_-0.5,KIDS_162p0_m0p5_r_SDSS.V1.3.0A_KiDS-1347_GAaP_Gaia.fits,KiDS,0.01872853584203095,0.019193535842030943,0.1520464906942569,0.1567681239186844,0.13331795485222597,0.13757458807665346
KIDS_160.0_-0.5,KIDS_160p0_m0p5_r_SDSS.V1.3.0A_KiDS-1347_GAaP_Gaia.fits,KiDS,-0.053284848346238645,-0.053284848346238645,0.2371787919840584,0.2979165912610055,0.29046364033029703,0.35120143960724415
KIDS_35.6_-33.1,KIDS_35p6_m33p1_r_SDSS.V1.3.0A_KiDS-1347_GAaP_Gaia.fits,KiDS,0.07882113503850292,0.07906313503850294,0.1947935496444346,0.217388849433618,0.11597241460593168,0.13832571439511504
KIDS_165.5_-3.5,KIDS_165p5_m3p5_r_SDSS.V1.3.0A_KiDS-1347_GAaP_Gaia.fits,KiDS,-0.14910455668639358,-0.14910455668639358,-0.0302857735579272,-0.018477528641288,0.11881878312846639,0.1306270280451056
KIDS_133.4_2.5,KIDS_133p4_2p5_r_SDSS.V1.3.0A_KiDS-1347_GAaP_Gaia.fits,KiDS,0.035589959377088504,0.035589959377088504,0.0434965945053009,0.0484448988476093,0.007906635128212394,0.012854939470520799
KIDS_206.6_-2.5,KIDS_206p6_m2p5_r_SDSS.V1.3.0A_KiDS-1347_GAaP_Gaia.fits,KiDS,0.09459275660508307,0.09842075660508307,0.1542383363376093,0.1539120820267946,0.05964557973252624,0.055491325421711535
KIDS_353.2_-29.2,KIDS_353p2_m29p2_r_SDSS.V1.3.0A_KiDS-1347_GAaP_Gaia.fits,KiDS,-0.06567807298051301,-0.06311307298051302,0.0196882805910878,0.0322639498867134,0.0853663535716008,0.09537702286722642
KIDS_175.0_-0.5,KIDS_175p0_m0p5_r_SDSS.V1.3.0A_KiDS-1347_GAaP_Gaia.fits,KiDS,0.015986777100241878,0.015442777100241889,0.1363061377770906,0.157009209040414,0.12031936067684873,0.1415664319401721
KIDS_184.0_1.5,KIDS_184p0_1p5_r_SDSS.V1.3.0A_KiDS-1347_GAaP_Gaia.fits,KiDS,0.08140835873075665,0.08017135873075665,0.1090906092023848,0.1145562545752055,0.027682250471628145,0.03438489584444886
KIDS_157.0_0.5,KIDS_157p0_0p5_r_SDSS.V1.3.0A_KiDS-1347_GAaP_Gaia.fits,KiDS,-0.005270568486718447,-0.005230568486718448,0.145729960711597,0.1547614762436295,0.15100052919831544,0.15999204473034795
KIDS_134.4_2.5,KIDS_134p4_2p5_r_SDSS.V1.3.0A_KiDS-1347_GAaP_Gaia.fits,KiDS,0.08006256478604164,0.07940256478604163,0.1388301073167719,0.1403794513181598,0.05876754253073026,0.06097688653211816
KIDS_9.6_-34.1,KIDS_9p6_m34p1_r_SDSS.V1.3.0A_KiDS-1347_GAaP_Gaia.fits,KiDS,-1.0181740217744377,-1.0181740217744377,-0.8299787072709203,-0.7941691721490083,0.18819531450351745,0.22400484962542944
KIDS_4.5_-27.2,KIDS_4p5_m27p2_r_SDSS.V1.3.0A_KiDS-1347_GAaP_Gaia.fits,KiDS,-0.10069349208694844,-0.10069349208694844,0.0244079241514826,0.0227777070855248,0.12510141623843105,0.12347119917247325
KIDS_32.7_-28.2,KIDS_32p7_m28p2_r_SDSS.V1.3.0A_KiDS-1347_GAaP_Gaia.fits,KiDS,-0.10446966304163632,-0.10446966304163632,-0.0333031103627134,-0.0281980371332499,0.07116655267892293,0.07627162590838643
KIDS_199.0_1.5,KIDS_199p0_1p5_r_SDSS.V1.3.0A_KiDS-1347_GAaP_Gaia.fits,KiDS,0.11459889129733394,0.11503789129733394,0.2248945952456401,0.22612851444643,0.11029570394830615,0.11109062314909607
KIDS_187.5_2.5,KIDS_187p5_2p5_r_SDSS.V1.3.0A_KiDS-1347_GAaP_Gaia.fits,KiDS,0.04436904492902107,0.04436904492902107,0.0839846161102519,0.0850252756853839,0.03961557118123083,0.04065623075636283
KIDS_30.3_-31.2,KIDS_30p3_m31p2_r_SDSS.V1.3.0A_KiDS-1347_GAaP_Gaia.fits,KiDS,-0.040148577978088934,-0.04095657797808894,0.0869477521579315,0.0858262973528931,0.12709633013602045,0.12678287533098204
KIDS_337.4_-28.2,KIDS_337p4_m28p2_r_SDSS.V1.3.0A_KiDS-1347_GAaP_Gaia.fits,KiDS,-0.029497309064338534,-0.029084309064338537,0.0061571955346257,-0.0014581853483342,0.035654504598964236,0.027626123716004338
KIDS_236.0_0.5,KIDS_236p0_0p5_r_SDSS.V1.3.0A_KiDS-1347_GAaP_Gaia.fits,KiDS,-0.12845558468880905,-0.12887158468880902,-0.0050607728972022,-0.0058500607727896,0.12339481179160684,0.12302152391601942
KIDS_232.0_0.5,KIDS_232p0_0p5_r_SDSS.V1.3.0A_KiDS-1347_GAaP_Gaia.fits,KiDS,-0.002416491384601177,0.0012955086153988299,0.0321275667793973,0.0356492706687789,0.03454405816399848,0.03435376205338007
KIDS_344.2_-28.2,KIDS_344p2_m28p2_r_SDSS.V1.3.0A_KiDS-1347_GAaP_Gaia.fits,KiDS,-0.057863196093579955,-0.056209196093579966,-0.0046537737840624,-0.0002530511972602,0.05320942230951756,0.05595614489631977
KIDS_132.4_2.5,KIDS_132p4_2p5_r_SDSS.V1.3.0A_KiDS-1347_GAaP_Gaia.fits,KiDS,0.07399845981004896,0.07525045981004896,0.0447605037127814,0.0489453081587358,-0.029237956097267558,-0.026305151651313162
KIDS_12.2_-35.1,KIDS_12p2_m35p1_r_SDSS.V1.3.0A_KiDS-1347_GAaP_Gaia.fits,KiDS,0.11874497931363119,0.11965597931363119,0.1414135855879892,0.2027204434233656,0.022668606274358002,0.0830644641097344
KIDS_354.1_-32.1,KIDS_354p1_m32p1_r_SDSS.V1.3.0A_KiDS-1347_GAaP_Gaia.fits,KiDS,0.06865813675206381,0.0679311367520638,0.1426933760827733,0.1427984210109638,0.07403523933070949,0.07486728425889999
KIDS_161.4_2.5,KIDS_161p4_2p5_r_SDSS.V1.3.0A_KiDS-1347_GAaP_Gaia.fits,KiDS,-0.07189936230404956,-0.07244936230404955,0.037463125026983,0.0608569429524256,0.10936248733103256,0.13330630525647516
KIDZ_34.6_-4.6,OMEGACAM_34p6_m4p6_r_SDSS.V1.2.0A_KiDS-1347_GAaP_Gaia.fits,KiDZ,-0.08183606205237101,-0.08087306205237102,0.1571859537506534,0.1736238687857717,0.2390220158030244,0.25449693083814273
KIDS_200.0_-1.5,KIDS_200p0_m1p5_r_SDSS.V1.3.0A_KiDS-1347_GAaP_Gaia.fits,KiDS,-0.07818664990261698,-0.07751464990261697,0.0045179474829911,0.0023144810984206,0.08270459738560808,0.07982913100103757
KIDS_189.5_-3.5,KIDS_189p5_m3p5_r_SDSS.V1.3.0A_KiDS-1347_GAaP_Gaia.fits,KiDS,-0.011349210921726194,-0.010530210921726194,0.1538309482699599,0.160385209809215,0.1651801591916861,0.17091542073094118
KIDS_331.5_-29.2,KIDS_331p5_m29p2_r_SDSS.V1.3.0A_KiDS-1347_GAaP_Gaia.fits,KiDS,-0.061169260695784794,-0.06252626069578479,0.086568018143994,0.0874364246642101,0.14773727883977877,0.1499626853599949
DEEP0228,OMEGACAM_37p2_0p5_r_SDSS.V1.2.0A_KiDS-1347_GAaP_Gaia.fits,KiDZ,0.07149452441148132,0.07203952441148131,0.1931157776263126,0.2112818941953987,0.12162125321483128,0.13924236978391738
KIDS_212.0_-1.5,KIDS_212p0_m1p5_r_SDSS.V1.3.0A_KiDS-1347_GAaP_Gaia.fits,KiDS,0.028136731945732213,0.03883473194573221,0.0923228033413333,0.1039964561107589,0.06418607139560109,0.06516172416502669
KIDS_340.4_-30.2,KIDS_340p4_m30p2_r_SDSS.V1.3.0A_KiDS-1347_GAaP_Gaia.fits,KiDS,0.030854782089207777,0.03537778208920778,0.0747333607966677,0.0720642114745579,0.043878578707459925,0.03668642938535012
KIDS_218.6_3.5,KIDS_218p6_3p5_r_SDSS.V1.3.0A_KiDS-1347_GAaP_Gaia.fits,KiDS,-0.08034237525927945,-0.08171837525927944,-0.0070931827255034,-0.0176788510158186,0.07324919253377606,0.06403952424346085
KIDS_26.9_-27.2,KIDS_26p9_m27p2_r_SDSS.V1.3.0A_KiDS-1347_GAaP_Gaia.fits,KiDS,-0.11046317153639088,-0.1124371715363909,-0.0602701203847317,-0.0536361351884051,0.050193051151659174,0.05880103634798581
KIDS_169.0_0.5,KIDS_169p0_0p5_r_SDSS.V1.3.0A_KiDS-1347_GAaP_Gaia.fits,KiDS,-0.016692828295471335,-0.01568782829547133,0.0396242292483279,0.0552752647318398,0.05631705754379923,0.07096309302731113
KIDS_341.4_-31.2,KIDS_341p4_m31p2_r_SDSS.V1.3.0A_KiDS-1347_GAaP_Gaia.fits,KiDS,0.0636757637455499,0.0660607637455499,0.1079139572766152,0.1156360083068892,0.0442381935310653,0.0495752445613393
KIDS_2.3_-30.2,KIDS_2p3_m30p2_r_SDSS.V1.3.0A_KiDS-1347_GAaP_Gaia.fits,KiDS,0.04055637115299639,0.04069637115299639,0.0791882383358041,0.0948192654833325,0.038631867182807714,0.05412289433033611
KIDS_213.0_0.5,KIDS_213p0_0p5_r_SDSS.V1.3.0A_KiDS-1347_GAaP_Gaia.fits,KiDS,-0.016405112514066164,-0.013615112514066163,0.065679047284362,0.0688862660181993,0.08208415979842816,0.08250137853226547
KIDS_42.0_-34.1,KIDS_42p0_m34p1_r_SDSS.V1.3.0A_KiDS-1347_GAaP_Gaia.fits,KiDS,0.01208971716286103,0.012736717162861025,0.0253581205633654,0.0331169148345494,0.01326840340050437,0.020380197671688374
KIDS_345.9_-32.1,KIDS_345p9_m32p1_r_SDSS.V1.3.0A_KiDS-1347_GAaP_Gaia.fits,KiDS,0.06469404325020531,0.06502304325020533,0.1121779240496615,0.1281716246412376,0.04748388079945619,0.06314858139103227
KIDS_39.1_-30.2,KIDS_39p1_m30p2_r_SDSS.V1.3.0A_KiDS-1347_GAaP_Gaia.fits,KiDS,-0.020670108679230387,-0.019063108679230376,0.0873372698359722,0.1087348158666332,0.10800737851520259,0.12779792454586358
KIDS_211.6_2.5,KIDS_211p6_2p5_r_SDSS.V1.3.0A_KiDS-1347_GAaP_Gaia.fits,KiDS,0.05548626812284458,0.055524268122844576,0.2129296678816413,0.2120268889446761,0.15744339975879673,0.15650262082183153
KIDS_157.4_2.5,KIDS_157p4_2p5_r_SDSS.V1.3.0A_KiDS-1347_GAaP_Gaia.fits,KiDS,-0.10382719160920037,-0.10367319160920038,-0.0445499321458896,-0.0471228735288395,0.05927725946331077,0.05655031808036088
KIDS_6.0_-34.1,KIDS_6p0_m34p1_r_SDSS.V1.3.0A_KiDS-1347_GAaP_Gaia.fits,KiDS,-0.04389349301032597,-0.043002493010325965,0.0623626096930364,0.0563011986054493,0.10625610270336236,0.09930369161577526
KIDS_234.7_2.5,KIDS_234p7_2p5_r_SDSS.V1.3.0A_KiDS-1347_GAaP_Gaia.fits,KiDS,-0.027879306189306896,-0.02465430618930689,0.0240163929346297,0.0280321209808755,0.0518956991239366,0.05268642717018239
KIDS_207.6_2.5,KIDS_207p6_2p5_r_SDSS.V1.3.0A_KiDS-1347_GAaP_Gaia.fits,KiDS,0.2883839532925362,0.28941995329253617,0.3536922365621644,0.3529702692672456,0.06530828326962823,0.06355031597470945
KIDS_353.3_-27.2,KIDS_353p3_m27p2_r_SDSS.V1.3.0A_KiDS-1347_GAaP_Gaia.fits,KiDS,-0.09573423111554305,-0.09546023111554305,0.0127985742499834,0.0252110528489787,0.10853280536552645,0.12067128396452176
KIDS_29.3_-28.2,KIDS_29p3_m28p2_r_SDSS.V1.3.0A_KiDS-1347_GAaP_Gaia.fits,KiDS,-0.09986765704090547,-0.09983065704090546,0.112775555737528,0.1042925693442428,0.21264321277843345,0.20412322638514827
KIDS_30.3_-27.2,KIDS_30p3_m27p2_r_SDSS.V1.3.0A_KiDS-1347_GAaP_Gaia.fits,KiDS,-0.11512863250027941,-0.11538263250027944,0.1286038222155974,0.105423842220153,0.24373245471587682,0.22080647472043244
KIDS_184.5_-2.5,KIDS_184p5_m2p5_r_SDSS.V1.3.0A_KiDS-1347_GAaP_Gaia.fits,KiDS,0.014480929230921535,0.014783929230921533,0.1295003269658049,0.1248296708443923,0.11501939773488337,0.11004574161347076
VVDSf02,OMEGACAM_36p7_m4p6_r_SDSS.V1.2.0A_KiDS-1347_GAaP_Gaia.fits,KiDZ,0.08033203826301517,0.08238203826301518,0.1776001648936619,0.1838036748054632,0.09726812663064673,0.10142163654244801
KIDS_196.5_-2.5,KIDS_196p5_m2p5_r_SDSS.V1.3.0A_KiDS-1347_GAaP_Gaia.fits,KiDS,0.27055132570828866,0.2769923257082887,0.2741468386307927,0.2845112255152454,0.0035955129225040405,0.0075188998069566915
KIDS_350.5_-33.1,KIDS_350p5_m33p1_r_SDSS.V1.3.0A_KiDS-1347_GAaP_Gaia.fits,KiDS,0.05582795798171842,0.060814957981718425,0.0482650810173576,0.0386142053540706,-0.0075628769643608165,-0.022200752627647827
KIDS_8.0_-29.2,KIDS_8p0_m29p2_r_SDSS.V1.3.0A_KiDS-1347_GAaP_Gaia.fits,KiDS,-0.15178526981011622,-0.14998326981011625,-0.0111560752792008,0.0103791782461931,0.14062919453091544,0.16036244805630936
KIDS_181.0_0.5,KIDS_181p0_0p5_r_SDSS.V1.3.0A_KiDS-1347_GAaP_Gaia.fits,KiDS,0.023314611566808918,0.02339961156680892,0.0558105473669689,0.0650605745965809,0.032495935800159984,0.041660963029771986
KIDS_156.4_3.5,KIDS_156p4_3p5_r_SDSS.V1.3.0A_KiDS-1347_GAaP_Gaia.fits,KiDS,0.046828980379705606,0.051670980379705606,0.1211195421656116,0.1185732211540251,0.074290561785906,0.0669022407743195
KIDS_10.7_-33.1,KIDS_10p7_m33p1_r_SDSS.V1.3.0A_KiDS-1347_GAaP_Gaia.fits,KiDS,-0.024107935986996912,-0.023627935986996917,0.1335861361726044,0.1281627534378882,0.1576940721596013,0.1517906894248851
KIDS_6.8_-29.2,KIDS_6p8_m29p2_r_SDSS.V1.3.0A_KiDS-1347_GAaP_Gaia.fits,KiDS,-0.09754893602093295,-0.09352693602093295,0.0867216133924383,0.0778565364232065,0.18427054941337123,0.17138347244413946
KIDS_179.5_-2.5,KIDS_179p5_m2p5_r_SDSS.V1.3.0A_KiDS-1347_GAaP_Gaia.fits,KiDS,0.03783532618822648,0.036804326188226474,0.0754751088213194,0.0695999070224919,0.03763978263309292,0.032795580834265425
KIDS_176.0_0.5,KIDS_176p0_0p5_r_SDSS.V1.3.0A_KiDS-1347_GAaP_Gaia.fits,KiDS,0.052189173477317975,0.05292617347731798,0.1186928561585517,0.1275650219591083,0.06650368268123372,0.07463884848179031
KIDS_13.5_-28.2,KIDS_13p5_m28p2_r_SDSS.V1.3.0A_KiDS-1347_GAaP_Gaia.fits,KiDS,0.12119059854681564,0.12119059854681564,0.1367089871595735,0.1397782821760392,0.015518388612757852,0.018587683629223542
KIDS_221.6_-2.5,KIDS_221p6_m2p5_r_SDSS.V1.3.0A_KiDS-1347_GAaP_Gaia.fits,KiDS,0.0698782336649663,0.0700212336649663,0.1184330425156618,0.1198260165749614,0.04855480885069549,0.0498047829099951
KIDS_339.6_-34.1,KIDS_339p6_m34p1_r_SDSS.V1.3.0A_KiDS-1347_GAaP_Gaia.fits,KiDS,-0.0721288283294069,-0.0724438283294069,-0.0501603952284456,-0.0491473161981891,0.021968433100961297,0.023296512131217806
KIDS_202.6_-3.5,KIDS_202p6_m3p5_r_SDSS.V1.3.0A_KiDS-1347_GAaP_Gaia.fits,KiDS,0.1065484904979195,0.10611649049791949,0.1831050065012068,0.1811179252096399,0.0765565160032873,0.07500143471172041
KIDS_191.5_3.5,KIDS_191p5_3p5_r_SDSS.V1.3.0A_KiDS-1347_GAaP_Gaia.fits,KiDS,-0.07296297021712159,-0.07296297021712159,-0.0593371548570099,-0.0555933076245952,0.01362581536011169,0.01736966259252639
KIDS_167.0_0.5,KIDS_167p0_0p5_r_SDSS.V1.3.0A_KiDS-1347_GAaP_Gaia.fits,KiDS,0.03708276149798305,0.03876976149798306,0.0988150896912314,0.0985651725002191,0.06173232819324835,0.05979541100223604
KIDS_3.6_-33.1,KIDS_3p6_m33p1_r_SDSS.V1.3.0A_KiDS-1347_GAaP_Gaia.fits,KiDS,0.06936377426417337,0.06987977426417337,0.1686802775632808,0.1836452654821367,0.09931650329910743,0.11376549121796332
KIDS_205.6_-3.5,KIDS_205p6_m3p5_r_SDSS.V1.3.0A_KiDS-1347_GAaP_Gaia.fits,KiDS,0.07430285193688736,0.07565785193688737,0.1079120764665622,0.1218802801149169,0.03360922452967484,0.04622242817802953
KIDS_196.5_3.5,KIDS_196p5_3p5_r_SDSS.V1.3.0A_KiDS-1347_GAaP_Gaia.fits,KiDS,-0.0844904402756628,-0.0838224402756628,-0.0446006685732427,-0.0396029810976228,0.0398897717024201,0.044219459178039995
KIDS_182.0_1.5,KIDS_182p0_1p5_r_SDSS.V1.3.0A_KiDS-1347_GAaP_Gaia.fits,KiDS,0.012171924618351135,0.013135924618351141,0.0531195276374949,0.0731921935554252,0.04094760301914376,0.06005626893707405
KIDS_233.0_-1.5,KIDS_233p0_m1p5_r_SDSS.V1.3.0A_KiDS-1347_GAaP_Gaia.fits,KiDS,-0.07575468855964251,-0.0756536885596425,0.0705247076309875,0.0720094662830989,0.14627939619063002,0.1476631548427414
KIDS_331.8_-32.1,KIDS_331p8_m32p1_r_SDSS.V1.3.0A_KiDS-1347_GAaP_Gaia.fits,KiDS,0.06777725516381307,0.06802925516381307,0.1963348523404306,0.1835670288665962,0.12855759717661752,0.11553777370278313
KIDS_179.0_0.5,KIDS_179p0_0p5_r_SDSS.V1.3.0A_KiDS-1347_GAaP_Gaia.fits,KiDS,0.03290979716420283,0.032036797164202824,0.0972035248476566,0.1054575721976329,0.06429372768345376,0.07342077503343007
KIDS_0.0_-35.1,KIDS_0p0_m35p1_r_SDSS.V1.3.0A_KiDS-1347_GAaP_Gaia.fits,KiDS,-0.17115455297842438,-0.17115455297842438,-0.0839436457486324,-0.0735140518016485,0.08721090722979198,0.09764050117677589
KIDS_171.0_-1.5,KIDS_171p0_m1p5_r_SDSS.V1.3.0A_KiDS-1347_GAaP_Gaia.fits,KiDS,-0.2021761768111107,-0.20168717681111067,-0.0142860249876847,-0.0008280835398391,0.187890151823426,0.20085909327127158
KIDS_156.4_-3.5,KIDS_156p4_m3p5_r_SDSS.V1.3.0A_KiDS-1347_GAaP_Gaia.fits,KiDS,-0.10984784464529349,-0.10688484464529346,-0.0161695764820252,-0.0001893521283215,0.09367826816326828,0.10669549251697197
KIDS_192.5_-2.5,KIDS_192p5_m2p5_r_SDSS.V1.3.0A_KiDS-1347_GAaP_Gaia.fits,KiDS,-0.22677206646270473,-0.22728306646270477,-0.0715215199794239,-0.0606620460142178,0.15525054648328085,0.16662102044848698
KIDS_222.6_2.5,KIDS_222p6_2p5_r_SDSS.V1.3.0A_KiDS-1347_GAaP_Gaia.fits,KiDS,0.07806386584382491,0.07802486584382493,0.1204937021033065,0.1219395395816942,0.04242983625948159,0.04391467373786928
KIDS_36.5_-35.1,KIDS_36p5_m35p1_r_SDSS.V1.3.0A_KiDS-1347_GAaP_Gaia.fits,KiDS,0.0838160759029589,0.0861950759029589,0.2008758870025795,0.1931552631426252,0.11705981109962059,0.10696018723966631
KIDS_45.0_-35.1,KIDS_45p0_m35p1_r_SDSS.V1.3.0A_KiDS-1347_GAaP_Gaia.fits,KiDS,-0.03370980141993249,-0.03146480141993249,0.0524948856343946,0.0490910270892626,0.08620468705432709,0.0805558285091951
KIDS_196.5_-3.5,KIDS_196p5_m3p5_r_SDSS.V1.3.0A_KiDS-1347_GAaP_Gaia.fits,KiDS,0.009375777378309288,0.009134777378309283,0.1754026371028945,0.1762587687591542,0.1660268597245852,0.1671239913808449
KIDS_164.0_1.5,KIDS_164p0_1p5_r_SDSS.V1.3.0A_KiDS-1347_GAaP_Gaia.fits,KiDS,0.040298439768980704,0.0391024397689807,0.0924755879441206,0.1103869821559539,0.052177148175139895,0.0712845423869732
KIDS_132.0_1.5,KIDS_132p0_1p5_r_SDSS.V1.3.0A_KiDS-1347_GAaP_Gaia.fits,KiDS,0.06675247282447477,0.06726947282447476,0.0793637385268682,0.0718686757399846,0.012611265702393432,0.004599202915509831
KIDS_166.5_-3.5,KIDS_166p5_m3p5_r_SDSS.V1.3.0A_KiDS-1347_GAaP_Gaia.fits,KiDS,-0.1293241927439733,-0.1276031927439733,-0.0182950586792073,-0.0102002142224019,0.111029134064766,0.1174029785215714
KIDS_346.2_-30.2,KIDS_346p2_m30p2_r_SDSS.V1.3.0A_KiDS-1347_GAaP_Gaia.fits,KiDS,-0.3000162933186251,-0.3000162933186251,-0.1687733299133433,-0.1619984628965406,0.13124296340528183,0.13801783042208451
KIDS_211.0_1.5,KIDS_211p0_1p5_r_SDSS.V1.3.0A_KiDS-1347_GAaP_Gaia.fits,KiDS,0.11004670024847871,0.11119870024847872,0.1846854772055009,0.1871210852878965,0.0746387769570222,0.07592238503941778
KIDS_185.5_3.5,KIDS_185p5_3p5_r_SDSS.V1.3.0A_KiDS-1347_GAaP_Gaia.fits,KiDS,-0.10383283914697988,-0.10644983914697989,-0.0648652431709148,-0.0713697200680709,0.038967595976065084,0.035080119078909
KIDS_184.5_3.5,KIDS_184p5_3p5_r_SDSS.V1.3.0A_KiDS-1347_GAaP_Gaia.fits,KiDS,-0.10037384481933723,-0.09861584481933724,-0.0226471022945021,-0.0090270592671649,0.07772674252483514,0.08958878555217234
KIDS_8.2_-32.1,KIDS_8p2_m32p1_r_SDSS.V1.3.0A_KiDS-1347_GAaP_Gaia.fits,KiDS,-0.059208746602848666,-0.05869474660284865,0.0188533528325937,0.0084369464756414,0.07806209943544237,0.06713169307849005
KIDS_15.9_-29.2,KIDS_15p9_m29p2_r_SDSS.V1.3.0A_KiDS-1347_GAaP_Gaia.fits,KiDS,-0.08526947367700335,-0.08802547367700334,0.0198575463953234,0.0596895700673056,0.10512702007232676,0.14771504374430894
KIDS_237.0_1.5,KIDS_237p0_1p5_r_SDSS.V1.3.0A_KiDS-1347_GAaP_Gaia.fits,KiDS,-0.03268493616960233,-0.03194193616960231,0.0817721994677712,0.0764899137596877,0.11445713563737353,0.10843184992929
KIDS_164.5_3.5,KIDS_164p5_3p5_r_SDSS.V1.3.0A_KiDS-1347_GAaP_Gaia.fits,KiDS,-0.22648297980101037,-0.22479097980101034,-0.1307178535295843,-0.1228523193007698,0.09576512627142608,0.10193866050024054
KIDS_202.0_0.5,KIDS_202p0_0p5_r_SDSS.V1.3.0A_KiDS-1347_GAaP_Gaia.fits,KiDS,0.027463690081163394,0.03022569008116338,0.0869641832227913,0.1051123640592174,0.059500493141627905,0.07488667397805401
KIDS_48.9_-26.2,KIDS_48p9_m26p2_r_SDSS.V1.3.0A_KiDS-1347_GAaP_Gaia.fits,KiDS,-0.1243671114097901,-0.1234291114097901,0.0302194351941209,0.0214497869447482,0.154586546603911,0.1448788983545383
KIDS_175.0_0.5,KIDS_175p0_0p5_r_SDSS.V1.3.0A_KiDS-1347_GAaP_Gaia.fits,KiDS,0.03094847367903772,0.03808347367903772,0.1185752071724052,0.108227761682939,0.08762673349336748,0.07014428800390128
KIDS_173.0_1.5,KIDS_173p0_1p5_r_SDSS.V1.3.0A_KiDS-1347_GAaP_Gaia.fits,KiDS,0.04328757220765039,0.049377572207650405,0.2014616988334289,0.1928514300087837,0.1581741266257785,0.14347385780113328
KIDS_172.0_1.5,KIDS_172p0_1p5_r_SDSS.V1.3.0A_KiDS-1347_GAaP_Gaia.fits,KiDS,0.047046728511002195,0.059185728511002206,0.1333893922359689,0.1270606912241212,0.08634266372496671,0.06787496271311899
KIDS_27.1_-32.1,KIDS_27p1_m32p1_r_SDSS.V1.3.0A_KiDS-1347_GAaP_Gaia.fits,KiDS,-0.23872601344623198,-0.23872601344623198,0.0664993704182219,0.0524472603804833,0.30522538386445386,0.29117327382671526
KIDS_157.4_-2.5,KIDS_157p4_m2p5_r_SDSS.V1.3.0A_KiDS-1347_GAaP_Gaia.fits,KiDS,-0.14673569537741363,-0.14673569537741363,-0.0775016042853519,-0.0759039731168141,0.06923409109206173,0.07083172226059953
KIDS_209.6_2.5,KIDS_209p6_2p5_r_SDSS.V1.3.0A_KiDS-1347_GAaP_Gaia.fits,KiDS,-0.06841908265538335,-0.06424108265538334,-0.0248624272993099,-0.0189685999795513,0.04355665535607345,0.04527248267583203
KIDS_165.0_-0.5,KIDS_165p0_m0p5_r_SDSS.V1.3.0A_KiDS-1347_GAaP_Gaia.fits,KiDS,-0.052806515027647216,-0.05194951502764719,0.01082902398378,0.0100261661939835,0.06363553901142721,0.06197568122163069
KIDS_341.6_-30.2,KIDS_341p6_m30p2_r_SDSS.V1.3.0A_KiDS-1347_GAaP_Gaia.fits,KiDS,0.04368829137961315,0.04638429137961314,0.0250784221064608,0.029207524829364,-0.01860986927315235,-0.01717676655024914
KIDS_19.2_-28.2,KIDS_19p2_m28p2_r_SDSS.V1.3.0A_KiDS-1347_GAaP_Gaia.fits,KiDS,-0.04901731814943261,-0.04729431814943261,0.3450209994939215,0.3334722568538538,0.3940383176433541,0.38076657500328637
KIDS_236.7_2.5,KIDS_236p7_2p5_r_SDSS.V1.3.0A_KiDS-1347_GAaP_Gaia.fits,KiDS,0.004000478176607716,0.003932478176607732,0.1235310909705283,0.1157949241067411,0.11953061279392059,0.11186244593013336
KIDS_187.0_1.5,KIDS_187p0_1p5_r_SDSS.V1.3.0A_KiDS-1347_GAaP_Gaia.fits,KiDS,0.04599368639622236,0.04729168639622235,0.0716107580527734,0.074429752185247,0.025617071656551034,0.027138065789024647
KIDS_29.7_-33.1,KIDS_29p7_m33p1_r_SDSS.V1.3.0A_KiDS-1347_GAaP_Gaia.fits,KiDS,-0.0547887550338477,-0.05534175503384772,0.125799593127567,0.1315033929594825,0.1805883481614147,0.1868451479933302
KIDS_167.5_-3.5,KIDS_167p5_m3p5_r_SDSS.V1.3.0A_KiDS-1347_GAaP_Gaia.fits,KiDS,-0.10772454002666867,-0.10768854002666867,0.0165522065297482,-0.0027754837970202,0.12427674655641688,0.10491305622964847
KIDS_208.6_2.5,KIDS_208p6_2p5_r_SDSS.V1.3.0A_KiDS-1347_GAaP_Gaia.fits,KiDS,-0.16676744575185956,-0.16680044575185957,-0.1403859603847525,-0.1355239627894131,0.02638148536710705,0.03127648296244648
KIDZ_333.5_1.9,OMEGACAM_333p5_1p9_r_SDSS.V1.2.0A_KiDS-1347_GAaP_Gaia.fits,KiDZ,-0.061164464461390816,-0.06220346446139083,-0.0104327698476163,-0.0053490776216647,0.05073169461377452,0.05685438683972613
KIDS_208.0_0.5,KIDS_208p0_0p5_r_SDSS.V1.3.0A_KiDS-1347_GAaP_Gaia.fits,KiDS,0.0589217940570592,0.0609357940570592,0.0757373120964153,0.0849228898562692,0.016815518039356096,0.023987095799209997
KIDS_167.0_-0.5,KIDS_167p0_m0p5_r_SDSS.V1.3.0A_KiDS-1347_GAaP_Gaia.fits,KiDS,-0.0598673141705566,-0.05918131417055658,0.0794629206834604,0.072995157553004,0.13933023485401702,0.13217647172356056
KIDS_184.5_-3.5,KIDS_184p5_m3p5_r_SDSS.V1.3.0A_KiDS-1347_GAaP_Gaia.fits,KiDS,0.053173126006161475,0.053382126006161476,0.1157957979842407,0.1251669144890212,0.06262267197807922,0.07178478848285973
KIDS_5.7_-29.2,KIDS_5p7_m29p2_r_SDSS.V1.3.0A_KiDS-1347_GAaP_Gaia.fits,KiDS,-0.04270011080002736,-0.04120711080002737,0.0983628148330083,0.0886410250123065,0.14106292563303566,0.12984813581233387
KIDS_138.0_-0.5,KIDS_138p0_m0p5_r_SDSS.V1.3.0A_KiDS-1347_GAaP_Gaia.fits,KiDS,0.05719087897769592,0.058026878977695914,0.0860307955505267,0.0982932231350747,0.028839916572830783,0.040266344157378786
KIDS_28.0_-31.2,KIDS_28p0_m31p2_r_SDSS.V1.3.0A_KiDS-1347_GAaP_Gaia.fits,KiDS,-0.08143279300850267,-0.08112579300850267,0.0482384511228231,0.0562656014381096,0.12967124413132577,0.13739139444661227
KIDS_33.4_-30.2,KIDS_33p4_m30p2_r_SDSS.V1.3.0A_KiDS-1347_GAaP_Gaia.fits,KiDS,-0.04362317671715485,-0.041852176717154854,0.1961839874018515,0.1998823457803034,0.23980716411900635,0.24173452249745825
KIDS_205.0_0.5,KIDS_205p0_0p5_r_SDSS.V1.3.0A_KiDS-1347_GAaP_Gaia.fits,KiDS,-0.033856608029160434,-0.03383760802916044,0.022279477633629,0.0253513651870681,0.05613608566278944,0.05918897321622854
KIDS_184.0_-1.5,KIDS_184p0_m1p5_r_SDSS.V1.3.0A_KiDS-1347_GAaP_Gaia.fits,KiDS,0.07093305574229536,0.07232205574229536,0.1317590136761677,0.128655169715958,0.060825957933872354,0.05633311397366264
KIDS_217.6_2.5,KIDS_217p6_2p5_r_SDSS.V1.3.0A_KiDS-1347_GAaP_Gaia.fits,KiDS,0.06248383350345003,0.06334583350345002,0.0929801061956211,0.099423166169578,0.03049627269217107,0.036077332666127976
KIDS_330.1_-30.2,KIDS_330p1_m30p2_r_SDSS.V1.3.0A_KiDS-1347_GAaP_Gaia.fits,KiDS,0.03568261003267312,0.03589861003267312,0.1047235292533491,0.1052914987504844,0.06904091922067598,0.06939288871781127
KIDS_171.5_2.5,KIDS_171p5_2p5_r_SDSS.V1.3.0A_KiDS-1347_GAaP_Gaia.fits,KiDS,-0.062142786600679095,-0.06190578660067911,0.0645998580759875,0.070385532826009,0.1267426446766666,0.1322913194266881
KIDS_227.0_-0.5,KIDS_227p0_m0p5_r_SDSS.V1.3.0A_KiDS-1347_GAaP_Gaia.fits,KiDS,0.0743705557265205,0.0753185557265205,0.131295415671458,0.1436758197470279,0.0569248599449375,0.06835726402050739
KIDS_165.0_0.5,KIDS_165p0_0p5_r_SDSS.V1.3.0A_KiDS-1347_GAaP_Gaia.fits,KiDS,-0.04278134264161937,-0.04363034264161936,0.0719313558092944,0.0787841878426114,0.11471269845091377,0.12241453048423076
KIDS_357.6_-35.1,KIDS_357p6_m35p1_r_SDSS.V1.3.0A_KiDS-1347_GAaP_Gaia.fits,KiDS,-0.11078869780797648,-0.10946969780797647,-0.0483824731840133,-0.040035051198155,0.06240622462396318,0.06943464660982146
KIDS_48.7_-33.1,KIDS_48p7_m33p1_r_SDSS.V1.3.0A_KiDS-1347_GAaP_Gaia.fits,KiDS,0.03614746846340028,0.03552346846340028,0.2115460835844542,0.2126314989277232,0.17539861512105392,0.17710803046432294
KIDS_51.1_-35.1,KIDS_51p1_m35p1_r_SDSS.V1.3.0A_KiDS-1347_GAaP_Gaia.fits,KiDS,-0.04709492102683216,-0.04851092102683216,0.040103735830417,0.0379040514411327,0.08719865685724916,0.08641497246796487
KIDS_217.0_0.5,KIDS_217p0_0p5_r_SDSS.V1.3.0A_KiDS-1347_GAaP_Gaia.fits,KiDS,-0.0375120570067857,-0.03711805700678569,0.0337341268378715,0.0281115375570193,0.0712461838446572,0.06522959456380499
KIDS_336.5_-32.1,KIDS_336p5_m32p1_r_SDSS.V1.3.0A_KiDS-1347_GAaP_Gaia.fits,KiDS,-0.017801887159181684,-0.017622887159181685,0.045863664087738,0.0421057956673409,0.0636655512469197,0.059728682826522585
KIDS_201.0_-1.5,KIDS_201p0_m1p5_r_SDSS.V1.3.0A_KiDS-1347_GAaP_Gaia.fits,KiDS,-0.09136719236362903,-0.09002119236362902,-0.0288217953668181,-0.0272376667970394,0.06254539699681093,0.06278352556658962
KIDZ_37.6_-4.6,OMEGACAM_37p7_m4p6_r_SDSS.V1.2.0A_KiDS-1347_GAaP_Gaia.fits,KiDZ,-0.06529275506554677,-0.06529275506554677,0.0701475583957917,0.0788938167673636,0.13544031346133847,0.14418657183291037
KIDS_224.0_-1.5,KIDS_224p0_m1p5_r_SDSS.V1.3.0A_KiDS-1347_GAaP_Gaia.fits,KiDS,0.03555597539154799,0.03721697539154799,0.0658574439021385,0.072406667019641,0.030301468510590512,0.03518969162809302
KIDS_209.0_-0.5,KIDS_209p0_m0p5_r_SDSS.V1.3.0A_KiDS-1347_GAaP_Gaia.fits,KiDS,-0.011200776060749956,-0.011566776060749961,0.060369618826626,0.0601795611673256,0.07157039488737596,0.07174633722807555
KIDS_218.6_2.5,KIDS_218p6_2p5_r_SDSS.V1.3.0A_KiDS-1347_GAaP_Gaia.fits,KiDS,0.0465426433633479,0.0456116433633479,0.1046672350389711,0.1068549284853971,0.0581245916756232,0.0612432851220492
KIDS_197.0_-1.5,KIDS_197p0_m1p5_r_SDSS.V1.3.0A_KiDS-1347_GAaP_Gaia.fits,KiDS,-0.0856069134489009,-0.08479191344890089,-0.0744292783446309,-0.0761021166442324,0.01117763510427,0.008689796804668484
KIDS_5.8_-31.2,KIDS_5p8_m31p2_r_SDSS.V1.3.0A_KiDS-1347_GAaP_Gaia.fits,KiDS,0.06274115117480757,0.05959615117480756,0.1231584149244285,0.1313626770788035,0.060417263749620934,0.07176652590399595
KIDS_19.6_-30.2,KIDS_19p6_m30p2_r_SDSS.V1.3.0A_KiDS-1347_GAaP_Gaia.fits,KiDS,-0.10663446791586728,-0.10646546791586728,-0.0375681950196192,-0.0359345315189535,0.06906627289624809,0.07053093639691378
KIDS_131.0_0.5,KIDS_131p0_0p5_r_SDSS.V1.3.0A_KiDS-1347_GAaP_Gaia.fits,KiDS,0.06434325923615633,0.06380525923615635,0.0208202191696735,0.0315252790204305,-0.04352304006648283,-0.03227998021572585
KIDS_214.0_-1.5,KIDS_214p0_m1p5_r_SDSS.V1.3.0A_KiDS-1347_GAaP_Gaia.fits,KiDS,-0.031128317558049207,-0.03061331755804919,0.0988904521809285,0.0877095509725284,0.1300187697389777,0.1183228685305776
KIDS_171.5_3.5,KIDS_171p5_3p5_r_SDSS.V1.3.0A_KiDS-1347_GAaP_Gaia.fits,KiDS,0.020381659846692504,0.0164656598466925,0.145281761690045,0.1553129434022953,0.1249001018433525,0.13884728355560277
KIDS_180.5_-3.5,KIDS_180p5_m3p5_r_SDSS.V1.3.0A_KiDS-1347_GAaP_Gaia.fits,KiDS,0.06320032506765677,0.06346532506765679,0.1058588743944015,0.1121089508193358,0.04265854932674473,0.04864362575167902
KIDS_50.1_-29.2,KIDS_50p1_m29p2_r_SDSS.V1.3.0A_KiDS-1347_GAaP_Gaia.fits,KiDS,0.056601726731541846,0.05658472673154186,0.2292156488829299,0.255681095672978,0.17261392215138804,0.19909636894143612
KIDS_138.0_1.5,KIDS_138p0_1p5_r_SDSS.V1.3.0A_KiDS-1347_GAaP_Gaia.fits,KiDS,0.04583679034309499,0.04656979034309499,0.051467972510905,0.0504561761480276,0.005631182167810007,0.0038863858049326128
KIDS_216.6_2.5,KIDS_216p6_2p5_r_SDSS.V1.3.0A_KiDS-1347_GAaP_Gaia.fits,KiDS,-0.03129015122147108,-0.03185715122147109,0.0369247576711929,0.0360951728539056,0.06821490889266399,0.06795232407537669
KIDS_201.0_0.5,KIDS_201p0_0p5_r_SDSS.V1.3.0A_KiDS-1347_GAaP_Gaia.fits,KiDS,0.05301501013543816,0.05517701013543816,0.1214557357791857,0.123376722103573,0.06844072564374754,0.06819971196813485
KIDS_237.7_2.5,KIDS_237p7_2p5_r_SDSS.V1.3.0A_KiDS-1347_GAaP_Gaia.fits,KiDS,0.02549984521572858,0.027133845215728578,0.126005156063223,0.1266111029090886,0.10050531084749441,0.09947725769336004
KIDS_36.8_-30.2,KIDS_36p8_m30p2_r_SDSS.V1.3.0A_KiDS-1347_GAaP_Gaia.fits,KiDS,0.03640016328585229,0.03627316328585229,0.2972548725283013,0.300987726722963,0.260854709242449,0.2647145634371107
KIDS_348.1_-33.1,KIDS_348p1_m33p1_r_SDSS.V1.3.0A_KiDS-1347_GAaP_Gaia.fits,KiDS,-0.03034046025204823,-0.030154460252048224,-0.0058083436666264,-0.0086102360393317,0.02453211658542183,0.021544224212716526
KIDS_201.6_3.5,KIDS_201p6_3p5_r_SDSS.V1.3.0A_KiDS-1347_GAaP_Gaia.fits,KiDS,0.0436235639609827,0.0436375639609827,0.0525828316697361,0.0566705787950977,0.008959267708753403,0.013033014834115002
KIDS_165.5_2.5,KIDS_165p5_2p5_r_SDSS.V1.3.0A_KiDS-1347_GAaP_Gaia.fits,KiDS,-0.09590835749036489,-0.09554435749036491,0.1387659880130699,0.1327213949916741,0.2346743455034348,0.228265752482039
KIDS_198.0_-0.5,KIDS_198p0_m0p5_r_SDSS.V1.3.0A_KiDS-1347_GAaP_Gaia.fits,KiDS,-0.01346034404956653,-0.01346034404956653,0.0869407123873143,0.0919431627253226,0.10040105643688083,0.10540350677488913
KIDS_199.6_2.5,KIDS_199p6_2p5_r_SDSS.V1.3.0A_KiDS-1347_GAaP_Gaia.fits,KiDS,-0.0877961095199685,-0.08522410951996853,-0.1182898160644505,-0.1096974673419353,-0.03049370654448201,-0.024473357821966774
KIDS_51.8_-32.1,KIDS_51p8_m32p1_r_SDSS.V1.3.0A_KiDS-1347_GAaP_Gaia.fits,KiDS,-0.04278182015885615,-0.04159182015885618,0.0628129177587891,0.0716027106388694,0.10559473791764525,0.11319453079772558
KIDS_223.6_-2.5,KIDS_223p6_m2p5_r_SDSS.V1.3.0A_KiDS-1347_GAaP_Gaia.fits,KiDS,0.09809187924177384,0.10283987924177385,0.1157006154600015,0.1209613188720495,0.017608736218227658,0.018121439630275654
KIDS_11.9_-33.1,KIDS_11p9_m33p1_r_SDSS.V1.3.0A_KiDS-1347_GAaP_Gaia.fits,KiDS,-0.13086437976762708,-0.13097237976762707,0.0605089139201074,0.0582623070410191,0.19137329368773448,0.18923468680864616
KIDS_3.6_-35.1,KIDS_3p6_m35p1_r_SDSS.V1.3.0A_KiDS-1347_GAaP_Gaia.fits,KiDS,-0.09378074053440036,-0.08879374053440037,-0.0146720880105545,0.0003989628405309,0.07910865252384586,0.08919270337493126
KIDS_43.2_-34.1,KIDS_43p2_m34p1_r_SDSS.V1.3.0A_KiDS-1347_GAaP_Gaia.fits,KiDS,0.046035421357325045,0.04800942135732505,0.1932608309816723,0.2048314773782817,0.14722540962434724,0.15682205602095664
KIDS_202.0_1.5,KIDS_202p0_1p5_r_SDSS.V1.3.0A_KiDS-1347_GAaP_Gaia.fits,KiDS,-0.08823783425478485,-0.08880483425478483,-0.0250464042974847,-0.0060222035343048,0.06319142995730015,0.08278263072048003
KIDS_183.0_-0.5,KIDS_183p0_m0p5_r_SDSS.V1.3.0A_KiDS-1347_GAaP_Gaia.fits,KiDS,0.011758103066564718,0.01339710306656472,0.0498256976778157,0.0548797997669847,0.038067594611250984,0.04148269670041998
KIDS_156.0_-0.5,KIDS_156p0_m0p5_r_SDSS.V1.3.0A_KiDS-1347_GAaP_Gaia.fits,KiDS,0.08589848228187372,0.0864874822818737,0.2467375202919437,0.253746875862513,0.16083903801007,0.1672593935806393
KIDS_37.6_-29.2,KIDS_37p6_m29p2_r_SDSS.V1.3.0A_KiDS-1347_GAaP_Gaia.fits,KiDS,-0.09377929314600889,-0.09301229314600887,0.0873080551940444,0.0872515168095035,0.1810873483400533,0.18026380995551236
KIDS_233.0_-0.5,KIDS_233p0_m0p5_r_SDSS.V1.3.0A_KiDS-1347_GAaP_Gaia.fits,KiDS,-0.016765490001235922,-0.01614949000123593,0.0488053813982051,0.0538480466493967,0.06557087139944102,0.06999753665063263
KIDS_28.2_-32.1,KIDS_28p2_m32p1_r_SDSS.V1.3.0A_KiDS-1347_GAaP_Gaia.fits,KiDS,-0.11277259408995438,-0.11196359408995438,-0.0483626902287359,-0.0298242515176777,0.06440990386121848,0.08213934257227667
KIDS_169.0_-0.5,KIDS_169p0_m0p5_r_SDSS.V1.3.0A_KiDS-1347_GAaP_Gaia.fits,KiDS,-0.06320391302572781,-0.0628899130257278,0.0817561240156787,0.0918857546610138,0.1449600370414065,0.1547756676867416
KIDS_48.3_-30.2,KIDS_48p3_m30p2_r_SDSS.V1.3.0A_KiDS-1347_GAaP_Gaia.fits,KiDS,0.07887622633122433,0.07933222633122433,0.2018104437001735,0.2187589352108095,0.12293421736894918,0.13942670887958517
KIDS_351.9_-30.2,KIDS_351p9_m30p2_r_SDSS.V1.3.0A_KiDS-1347_GAaP_Gaia.fits,KiDS,-0.00906194176633493,-0.010908941766334931,0.0014897721647679,0.0183439180476343,0.01055171393110283,0.02925285981396923
KIDS_358.8_-35.1,KIDS_358p8_m35p1_r_SDSS.V1.3.0A_KiDS-1347_GAaP_Gaia.fits,KiDS,-0.05197292601962222,-0.053817926019622236,0.022297749103981,0.0423080949890892,0.07427067512360322,0.09612602100871143
KIDS_24.5_-31.2,KIDS_24p5_m31p2_r_SDSS.V1.3.0A_KiDS-1347_GAaP_Gaia.fits,KiDS,-0.026257862887799452,-0.02439386288779946,0.0232785830246598,0.0437216931487587,0.04953644591245925,0.06811555603655817
KIDS_172.5_-2.5,KIDS_172p5_m2p5_r_SDSS.V1.3.0A_KiDS-1347_GAaP_Gaia.fits,KiDS,-0.0584259114014625,-0.057068911401462474,0.049103479110543,0.0543647523773783,0.1075293905120055,0.11143366377884077
KIDS_333.1_-27.2,KIDS_333p1_m27p2_r_SDSS.V1.3.0A_KiDS-1347_GAaP_Gaia.fits,KiDS,0.02565236959135045,0.02550136959135045,0.0977998284075711,0.0957763171215042,0.07214745881622064,0.07027494753015374
KIDS_195.5_-3.5,KIDS_195p5_m3p5_r_SDSS.V1.3.0A_KiDS-1347_GAaP_Gaia.fits,KiDS,0.025403889029803783,0.02675188902980377,0.0621898713571857,0.0585080224784181,0.036785982327381915,0.031756133448614325
KIDS_32.8_-35.1,KIDS_32p8_m35p1_r_SDSS.V1.3.0A_KiDS-1347_GAaP_Gaia.fits,KiDS,0.06626678307599207,0.06632178307599207,0.1172868307878501,0.1269797064334995,0.05102004771185803,0.06065792335750744
KIDS_2.4_-32.1,KIDS_2p4_m32p1_r_SDSS.V1.3.0A_KiDS-1347_GAaP_Gaia.fits,KiDS,0.030260701426328418,0.03215470142632841,0.1469409950244776,0.1628861602424034,0.11668029359814919,0.130731458816075
KIDS_192.0_-0.5,KIDS_192p0_m0p5_r_SDSS.V1.3.0A_KiDS-1347_GAaP_Gaia.fits,KiDS,-0.012011419852694216,-0.01096141985269422,0.0470965457059458,0.0556149068720663,0.059107965558640015,0.06657632672476052
KIDS_199.6_-2.5,KIDS_199p6_m2p5_r_SDSS.V1.3.0A_KiDS-1347_GAaP_Gaia.fits,KiDS,-0.09748256837582667,-0.09710456837582668,-0.0577832057997503,-0.035815458006563,0.03969936257607637,0.061289110369263676
KIDS_189.0_0.5,KIDS_189p0_0p5_r_SDSS.V1.3.0A_KiDS-1347_GAaP_Gaia.fits,KiDS,0.008935382891313015,0.010358382891313009,0.0434266865670488,0.0483518835812059,0.03449130367573579,0.03799350068989289
KIDS_184.0_-0.5,KIDS_184p0_m0p5_r_SDSS.V1.3.0A_KiDS-1347_GAaP_Gaia.fits,KiDS,0.039382787228306376,0.04101078722830638,0.0995581854535095,0.1192979753833864,0.060175398225203125,0.07828718815508003
KIDS_221.0_1.5,KIDS_221p0_1p5_r_SDSS.V1.3.0A_KiDS-1347_GAaP_Gaia.fits,KiDS,0.39071632270072154,0.39221832270072154,0.4617464362553015,0.4594374100472371,0.07103011355457994,0.06721908734651555
KIDS_213.6_-2.5,KIDS_213p6_m2p5_r_SDSS.V1.3.0A_KiDS-1347_GAaP_Gaia.fits,KiDS,-0.2364439285611206,-0.2364439285611206,-0.139645647112412,-0.1247291802731541,0.09679828144870858,0.11171474828796649
KIDS_11.7_-31.2,KIDS_11p7_m31p2_r_SDSS.V1.3.0A_KiDS-1347_GAaP_Gaia.fits,KiDS,-0.003479008877191589,-0.0033220088771915846,0.0861128669210721,0.0849911817389073,0.08959187579826369,0.08831319061609888
KIDS_220.6_3.5,KIDS_220p6_3p5_r_SDSS.V1.3.0A_KiDS-1347_GAaP_Gaia.fits,KiDS,-0.07917352347405429,-0.07778152347405429,-0.0145811258785724,-0.012802196971466,0.0645923975954819,0.06497932650258828
KIDS_203.6_2.5,KIDS_203p6_2p5_r_SDSS.V1.3.0A_KiDS-1347_GAaP_Gaia.fits,KiDS,-0.0882848120879002,-0.08716981208790023,0.0218796506405282,0.0169511432326468,0.1101644627284284,0.10412095532054702
KIDS_355.1_-35.1,KIDS_355p1_m35p1_r_SDSS.V1.3.0A_KiDS-1347_GAaP_Gaia.fits,KiDS,-0.051305834227131725,-0.05134783422713171,0.0450413074838869,0.0527470769119629,0.09634714171101863,0.10409491113909461
KIDS_160.4_2.5,KIDS_160p4_2p5_r_SDSS.V1.3.0A_KiDS-1347_GAaP_Gaia.fits,KiDS,-0.16809776537077023,-0.16267376537077025,-0.0515795941773708,-0.0423313370107176,0.11651817119339944,0.12034242836005266
KIDS_14.7_-28.2,KIDS_14p7_m28p2_r_SDSS.V1.3.0A_KiDS-1347_GAaP_Gaia.fits,KiDS,-0.08660929123604238,-0.08598829123604237,-0.0211679349071275,-0.0254661317155071,0.06544135632891489,0.060522159520535274
KIDS_192.0_0.5,KIDS_192p0_0p5_r_SDSS.V1.3.0A_KiDS-1347_GAaP_Gaia.fits,KiDS,0.06430869070460518,0.06605869070460518,0.0714068811976775,0.0852176265242627,0.007098190493072323,0.01915893581965751
KIDS_203.0_-1.5,KIDS_203p0_m1p5_r_SDSS.V1.3.0A_KiDS-1347_GAaP_Gaia.fits,KiDS,-0.1684673616975267,-0.16543436169752676,-0.0075281848080424,0.0021340235613033,0.1609391768894843,0.16756838525883005
KIDS_219.6_-2.5,KIDS_219p6_m2p5_r_SDSS.V1.3.0A_KiDS-1347_GAaP_Gaia.fits,KiDS,0.02842594758294885,0.02878694758294885,0.0988599082808785,0.1120999671625954,0.07043396069792965,0.08331301957964656
KIDS_17.1_-29.2,KIDS_17p1_m29p2_r_SDSS.V1.3.0A_KiDS-1347_GAaP_Gaia.fits,KiDS,-0.049769001421775344,-0.05033800142177533,0.1723636852186073,0.182281609986992,0.22213268664038263,0.23261961140876733
KIDS_188.5_-3.5,KIDS_188p5_m3p5_r_SDSS.V1.3.0A_KiDS-1347_GAaP_Gaia.fits,KiDS,0.06186365791409084,0.06573265791409083,0.1558260491133657,0.1671642606667559,0.09396239119927485,0.10143160275266508
KIDS_211.6_-2.5,KIDS_211p6_m2p5_r_SDSS.V1.3.0A_KiDS-1347_GAaP_Gaia.fits,KiDS,0.048993787608921216,0.049020787608921215,0.1476904737493025,0.1476791515146307,0.09869668614038128,0.09865836390570949
KIDS_135.0_1.5,KIDS_135p0_1p5_r_SDSS.V1.3.0A_KiDS-1347_GAaP_Gaia.fits,KiDS,-0.06820840139938536,-0.06785740139938534,0.0010415657180901,0.0155037250058835,0.06924996711747546,0.08336112640526884
KIDS_186.0_-1.5,KIDS_186p0_m1p5_r_SDSS.V1.3.0A_KiDS-1347_GAaP_Gaia.fits,KiDS,0.047715635595993136,0.04966863559599313,0.0982841572365564,0.1045125016582039,0.05056852164056326,0.05484386606221077
KIDS_197.5_2.5,KIDS_197p5_2p5_r_SDSS.V1.3.0A_KiDS-1347_GAaP_Gaia.fits,KiDS,-0.09067029667729823,-0.09086229667729825,0.0231187737473751,0.0281900111662594,0.11378907042467333,0.11905230784355765
KIDS_36.8_-33.1,KIDS_36p8_m33p1_r_SDSS.V1.3.0A_KiDS-1347_GAaP_Gaia.fits,KiDS,-0.0074001535728252105,-0.006325153572825204,0.0525660623989663,0.0471292608646044,0.05996621597179151,0.053454414437429605
KIDS_183.5_2.5,KIDS_183p5_2p5_r_SDSS.V1.3.0A_KiDS-1347_GAaP_Gaia.fits,KiDS,-0.09232209917081904,-0.09148209917081904,-0.050166723578328,-0.0398127817276861,0.042155375592491044,0.05166931744313294
KIDS_192.0_-1.5,KIDS_192p0_m1p5_r_SDSS.V1.3.0A_KiDS-1347_GAaP_Gaia.fits,KiDS,-0.11840964582500194,-0.1214776458250019,-0.0721153272102001,-0.0687989592977955,0.046294318614801835,0.05267868652720639
KIDS_39.5_-28.2,KIDS_39p5_m28p2_r_SDSS.V1.3.0A_KiDS-1347_GAaP_Gaia.fits,KiDS,-0.06578902893127886,-0.06561002893127885,0.1419367526414782,0.1468211080161999,0.20772578157275706,0.21243113694747875
KIDS_225.6_2.5,KIDS_225p6_2p5_r_SDSS.V1.3.0A_KiDS-1347_GAaP_Gaia.fits,KiDS,0.08431065716634753,0.08612865716634752,0.1606648540957148,0.151937101518114,0.07635419692936726,0.06580844435176647
KIDS_352.9_-33.1,KIDS_352p9_m33p1_r_SDSS.V1.3.0A_KiDS-1347_GAaP_Gaia.fits,KiDS,0.041092944760416174,0.041092944760416174,0.102580218299864,0.113871853800508,0.06148727353944782,0.07277890904009182
KIDS_12.0_-34.1,KIDS_12p0_m34p1_r_SDSS.V1.3.0A_KiDS-1347_GAaP_Gaia.fits,KiDS,-0.11568951638465899,-0.112894516384659,-0.0013933400733118,0.0229071570191066,0.1142961763113472,0.1358016734037656
KIDS_48.5_-28.2,KIDS_48p5_m28p2_r_SDSS.V1.3.0A_KiDS-1347_GAaP_Gaia.fits,KiDS,-0.012949310931221703,-0.011431310931221697,0.1314800598913081,0.143542861376145,0.1444293708225298,0.1549741723073667
KIDS_345.6_-34.1,KIDS_345p6_m34p1_r_SDSS.V1.3.0A_KiDS-1347_GAaP_Gaia.fits,KiDS,0.08896936012994643,0.09145936012994642,0.1916714418918472,0.1921914911074195,0.10270208176190078,0.10073213097747309
KIDS_164.0_-0.5,KIDS_164p0_m0p5_r_SDSS.V1.3.0A_KiDS-1347_GAaP_Gaia.fits,KiDS,-0.04155957331779589,-0.04035857331779588,0.0467101621057939,0.0489045824091712,0.08826973542358979,0.08926315572696708
KIDS_3.4_-28.2,KIDS_3p4_m28p2_r_SDSS.V1.3.0A_KiDS-1347_GAaP_Gaia.fits,KiDS,0.10234337326796925,0.10379437326796925,0.1800373283763925,0.1820855436461834,0.07769395510842325,0.07829117037821415
KIDS_218.6_-2.5,KIDS_218p6_m2p5_r_SDSS.V1.3.0A_KiDS-1347_GAaP_Gaia.fits,KiDS,0.03575029023582049,0.03516829023582049,0.1205200481699003,0.1293585478995508,0.08476975793407981,0.09419025766373032
KIDS_206.0_-1.5,KIDS_206p0_m1p5_r_SDSS.V1.3.0A_KiDS-1347_GAaP_Gaia.fits,KiDS,-0.0365784878574372,-0.035383487857437196,-0.0247913339294496,-0.0095024959896311,0.011787153927987598,0.025880991867806097
KIDS_338.6_-33.1,KIDS_338p6_m33p1_r_SDSS.V1.3.0A_KiDS-1347_GAaP_Gaia.fits,KiDS,0.07365992650403892,0.07671792650403893,0.1963669428174777,0.1881591927685539,0.12270701631343879,0.11144126626451496
KIDS_139.0_0.5,KIDS_139p0_0p5_r_SDSS.V1.3.0A_KiDS-1347_GAaP_Gaia.fits,KiDS,0.07244675918856805,0.07489375918856803,0.0614585166940679,0.0695208964065869,-0.010988242494500151,-0.005372862781981125
KIDS_209.0_-1.5,KIDS_209p0_m1p5_r_SDSS.V1.3.0A_KiDS-1347_GAaP_Gaia.fits,KiDS,-0.09051368658941683,-0.09132768658941684,0.0584456454870246,0.0559688415499807,0.14895933207644144,0.14729652813939753
KIDS_14.3_-33.1,KIDS_14p3_m33p1_r_SDSS.V1.3.0A_KiDS-1347_GAaP_Gaia.fits,KiDS,-0.02548601456095881,-0.02548601456095881,0.0816098641894236,0.0963700842144665,0.10709587875038241,0.1218560987754253
KIDS_31.9_-29.2,KIDS_31p9_m29p2_r_SDSS.V1.3.0A_KiDS-1347_GAaP_Gaia.fits,KiDS,-0.043049042653587916,-0.043049042653587916,0.1314463633052121,0.1351145836995672,0.1744954059588,0.1781636263531551
KIDS_6.1_-35.1,KIDS_6p1_m35p1_r_SDSS.V1.3.0A_KiDS-1347_GAaP_Gaia.fits,KiDS,0.0694095648379175,0.06980056483791751,0.2536609083816074,0.2962773377102028,0.18425134354368988,0.2264767728722853
KIDS_202.0_-0.5,KIDS_202p0_m0p5_r_SDSS.V1.3.0A_KiDS-1347_GAaP_Gaia.fits,KiDS,0.18126980014358926,0.18133580014358924,0.246315226619646,0.2626002057493787,0.06504542647605674,0.08126440560578946
KIDS_30.9_-33.1,KIDS_30p9_m33p1_r_SDSS.V1.3.0A_KiDS-1347_GAaP_Gaia.fits,KiDS,0.025623598032662676,0.027234598032662677,0.1662610255629525,0.1633957726809353,0.14063742753028982,0.13616117464827263
KIDS_207.6_-2.5,KIDS_207p6_m2p5_r_SDSS.V1.3.0A_KiDS-1347_GAaP_Gaia.fits,KiDS,-0.2084100363713244,-0.2043980363713244,-0.1514503452018413,-0.1494651819926754,0.0569596911694831,0.054932854378649004
KIDS_157.4_-3.5,KIDS_157p4_m3p5_r_SDSS.V1.3.0A_KiDS-1347_GAaP_Gaia.fits,KiDS,-0.12300371584075673,-0.12279471584075671,-0.0125649405241742,-0.0115267711153742,0.11043877531658253,0.11126794472538251
KIDS_14.1_-32.1,KIDS_14p1_m32p1_r_SDSS.V1.3.0A_KiDS-1347_GAaP_Gaia.fits,KiDS,-0.032595986001976385,-0.03352598600197637,0.1229201302452718,0.1125666568228473,0.1555161162472482,0.14609264282482368
KIDS_234.0_0.5,KIDS_234p0_0p5_r_SDSS.V1.3.0A_KiDS-1347_GAaP_Gaia.fits,KiDS,-0.14536844751476427,-0.14512144751476427,-0.0589987318467601,-0.0596361186459082,0.08636971566800417,0.08548532886885607
KIDS_348.6_-29.2,KIDS_348p6_m29p2_r_SDSS.V1.3.0A_KiDS-1347_GAaP_Gaia.fits,KiDS,-0.08594279207848496,-0.08459979207848495,0.0858913069372425,0.0943554051867779,0.17183409901572747,0.17895519726526285
KIDS_20.5_-29.2,KIDS_20p5_m29p2_r_SDSS.V1.3.0A_KiDS-1347_GAaP_Gaia.fits,KiDS,-0.021404146009148195,-0.024805146009148196,0.1714463559076954,0.1788906677783421,0.1928505019168436,0.2036958137874903
KIDS_338.1_-30.2,KIDS_338p1_m30p2_r_SDSS.V1.3.0A_KiDS-1347_GAaP_Gaia.fits,KiDS,-0.19455073197619835,-0.1943497319761984,-0.1813641906985994,-0.1831786009968427,0.01318654127759894,0.011171130979355709
KIDS_226.0_-0.5,KIDS_226p0_m0p5_r_SDSS.V1.3.0A_KiDS-1347_GAaP_Gaia.fits,KiDS,-0.02306407243971409,-0.022830072439714078,0.0609752569392009,0.0546634157399734,0.08403932937891499,0.07749348817968749
KIDS_206.0_1.5,KIDS_206p0_1p5_r_SDSS.V1.3.0A_KiDS-1347_GAaP_Gaia.fits,KiDS,-0.06656239413360868,-0.06700439413360867,0.0391580148487564,0.034899465581933,0.10572040898236508,0.10190385971554167
KIDS_220.6_2.5,KIDS_220p6_2p5_r_SDSS.V1.3.0A_KiDS-1347_GAaP_Gaia.fits,KiDS,0.1148869884738545,0.11788498847385448,0.1495568234857914,0.1512690282663527,0.034669835011936906,0.03338403979249821
KIDS_202.6_-2.5,KIDS_202p6_m2p5_r_SDSS.V1.3.0A_KiDS-1347_GAaP_Gaia.fits,KiDS,0.07969388003540981,0.07969388003540981,0.1530009840137171,0.1697206481269341,0.07330710397830728,0.0900267680915243
KIDS_203.0_1.5,KIDS_203p0_1p5_r_SDSS.V1.3.0A_KiDS-1347_GAaP_Gaia.fits,KiDS,-0.08342179399455388,-0.08342179399455388,-0.0218420098468171,-0.0168550411964525,0.06157978414773678,0.06656675279810137
KIDS_349.7_-29.2,KIDS_349p7_m29p2_r_SDSS.V1.3.0A_KiDS-1347_GAaP_Gaia.fits,KiDS,0.0220550815594332,0.023913081559433197,0.1528426398129292,0.154764267913117,0.130787558253496,0.1308511863536838
KIDS_197.0_-0.5,KIDS_197p0_m0p5_r_SDSS.V1.3.0A_KiDS-1347_GAaP_Gaia.fits,KiDS,0.12031453780134356,0.12121453780134354,0.2220051469458137,0.2270886420388158,0.10169060914447013,0.10587410423747225
KIDS_28.0_-27.2,KIDS_28p0_m27p2_r_SDSS.V1.3.0A_KiDS-1347_GAaP_Gaia.fits,KiDS,0.0534040546868733,0.05342605468687331,0.1319728566364199,0.1346623842631586,0.07856880194954659,0.0812363295762853
KIDS_219.0_-1.5,KIDS_219p0_m1p5_r_SDSS.V1.3.0A_KiDS-1347_GAaP_Gaia.fits,KiDS,0.0817930299782514,0.0814320299782514,0.1330399776828676,0.1316958512725914,0.0512469477046162,0.05026382129434
KIDS_349.8_-28.2,KIDS_349p8_m28p2_r_SDSS.V1.3.0A_KiDS-1347_GAaP_Gaia.fits,KiDS,0.054445462971063605,0.0575924629710636,0.1062602452733922,0.130780976108458,0.051814782302328596,0.07318851313739441
KIDS_158.0_1.5,KIDS_158p0_1p5_r_SDSS.V1.3.0A_KiDS-1347_GAaP_Gaia.fits,KiDS,-0.04042754520071554,-0.04203454520071556,0.0287229623768079,0.0421924791629182,0.06915050757752343,0.08422702436363376
KIDS_168.5_3.5,KIDS_168p5_3p5_r_SDSS.V1.3.0A_KiDS-1347_GAaP_Gaia.fits,KiDS,-0.13721220899506448,-0.13721220899506448,-0.0323242903793694,-0.0466818200902063,0.10488791861569507,0.09053038890485818
KIDS_202.6_2.5,KIDS_202p6_2p5_r_SDSS.V1.3.0A_KiDS-1347_GAaP_Gaia.fits,KiDS,-0.0748075080863371,-0.07252850808633712,0.0144828567323716,0.0210456560118056,0.0892903648187087,0.09357416409814273
KIDS_354.0_-34.1,KIDS_354p0_m34p1_r_SDSS.V1.3.0A_KiDS-1347_GAaP_Gaia.fits,KiDS,0.02072057106023978,0.02094357106023978,0.0656416754260459,0.0688894586474948,0.044921104365806125,0.047945887587255015
KIDS_339.8_-27.2,KIDS_339p8_m27p2_r_SDSS.V1.3.0A_KiDS-1347_GAaP_Gaia.fits,KiDS,0.04103764286024914,0.04405464286024915,0.0932914149035094,0.0996609619742807,0.05225377204326025,0.055606319114031556
KIDS_347.7_-27.2,KIDS_347p7_m27p2_r_SDSS.V1.3.0A_KiDS-1347_GAaP_Gaia.fits,KiDS,-0.1405671829675896,-0.13988318296758964,0.0490158590957253,0.0536722825864575,0.1895830420633149,0.19355546555404715
KIDS_339.7_-28.2,KIDS_339p7_m28p2_r_SDSS.V1.3.0A_KiDS-1347_GAaP_Gaia.fits,KiDS,-0.08558114408262699,-0.08454814408262698,-0.0209365900957277,-0.0188585792817967,0.06464455398689928,0.06568956480083028
KIDS_200.0_-0.5,KIDS_200p0_m0p5_r_SDSS.V1.3.0A_KiDS-1347_GAaP_Gaia.fits,KiDS,-0.020857861531348,-0.022008861531347998,0.0520491253699089,0.0660033638831943,0.0729069869012569,0.0880122254145423
KIDS_174.0_-1.5,KIDS_174p0_m1p5_r_SDSS.V1.3.0A_KiDS-1347_GAaP_Gaia.fits,KiDS,0.050690004824051185,0.050690004824051185,0.1298959610558925,0.1371365234946356,0.0792059562318413,0.08644651867058441
KIDS_8.3_-33.1,KIDS_8p3_m33p1_r_SDSS.V1.3.0A_KiDS-1347_GAaP_Gaia.fits,KiDS,-0.10790378591254965,-0.09759578591254961,0.015961265178519,0.0299910966600259,0.12386505109106866,0.1275868825725755
KIDS_204.6_-3.5,KIDS_204p6_m3p5_r_SDSS.V1.3.0A_KiDS-1347_GAaP_Gaia.fits,KiDS,0.08339122608918281,0.08268222608918283,0.1238484963393502,0.143394854913365,0.04045727025016739,0.060712628824182185
KIDZ_334.9_-0.1,OMEGACAM_335p0_m0p1_r_SDSS.V1.2.0A_KiDS-1347_GAaP_Gaia.fits,KiDZ,-0.057278017009971594,-0.057206017009971605,-0.1049504022859183,-0.1056524724114911,-0.04767238527594671,-0.0484464554015195
KIDS_140.0_-1.5,KIDS_140p0_m1p5_r_SDSS.V1.3.0A_KiDS-1347_GAaP_Gaia.fits,KiDS,0.05775661648359398,0.06191461648359399,0.1175901159483362,0.1314733027442499,0.059833499464742215,0.06955868626065591
KIDS_21.6_-34.1,KIDS_21p6_m34p1_r_SDSS.V1.3.0A_KiDS-1347_GAaP_Gaia.fits,KiDS,0.06329293644180065,0.06329293644180065,0.2193697103913648,0.2112968062467607,0.15607677394956415,0.14800386980496005
KIDS_34.2_-29.2,KIDS_34p2_m29p2_r_SDSS.V1.3.0A_KiDS-1347_GAaP_Gaia.fits,KiDS,-0.04615247841033435,-0.04155647841033436,0.1405828089605232,0.1584685913297974,0.18673528737085754,0.20002506974013176
KIDS_159.4_3.5,KIDS_159p4_3p5_r_SDSS.V1.3.0A_KiDS-1347_GAaP_Gaia.fits,KiDS,-0.11814994018352712,-0.11814994018352712,0.0196647522608186,0.008295564085053,0.13781469244434572,0.12644550426858012
KIDS_17.0_-35.1,KIDS_17p0_m35p1_r_SDSS.V1.3.0A_KiDS-1347_GAaP_Gaia.fits,KiDS,-0.10213529903054416,-0.10324429903054413,-0.0530319642294808,-0.0621541086608048,0.04910333480106336,0.041090190369739335
KIDS_38.0_-30.2,KIDS_38p0_m30p2_r_SDSS.V1.3.0A_KiDS-1347_GAaP_Gaia.fits,KiDS,-0.022981365360502784,-0.021845365360502786,0.0647032533009631,0.0749010876736344,0.08768461866146589,0.09674645303413719
KIDS_346.5_-27.2,KIDS_346p5_m27p2_r_SDSS.V1.3.0A_KiDS-1347_GAaP_Gaia.fits,KiDS,-0.43507772412335466,-0.4282577241233546,-0.3327199249662518,-0.3314490571902925,0.10235779915710286,0.09680866693306212
KIDS_182.0_-0.5,KIDS_182p0_m0p5_r_SDSS.V1.3.0A_KiDS-1347_GAaP_Gaia.fits,KiDS,0.07866109999821481,0.07855109999821482,0.1917246065566359,0.2310764925689001,0.11306350655842108,0.15252539257068526
KIDS_193.5_-2.5,KIDS_193p5_m2p5_r_SDSS.V1.3.0A_KiDS-1347_GAaP_Gaia.fits,KiDS,-0.06345877241935052,-0.06330177241935056,-0.0325863581820862,-0.0163716695985947,0.03087241423726432,0.04693010282075586
KIDS_158.0_-0.5,KIDS_158p0_m0p5_r_SDSS.V1.3.0A_KiDS-1347_GAaP_Gaia.fits,KiDS,-0.07423672442864052,-0.07375572442864053,0.1774651442332372,0.1819994194477307,0.2517018686618777,0.2557551438763712
KIDS_34.1_-32.1,KIDS_34p1_m32p1_r_SDSS.V1.3.0A_KiDS-1347_GAaP_Gaia.fits,KiDS,0.030493631468415022,0.03314063146841503,0.1830592258849481,0.1801552772081996,0.15256559441653308,0.14701464573978457
KIDS_11.5_-30.2,KIDS_11p5_m30p2_r_SDSS.V1.3.0A_KiDS-1347_GAaP_Gaia.fits,KiDS,-0.051163260189224374,-0.05076826018922437,0.0123555637387072,0.0293128172193844,0.06351882392793157,0.08008107740860877
KIDS_141.0_-0.5,KIDS_141p0_m0p5_r_SDSS.V1.3.0A_KiDS-1347_GAaP_Gaia.fits,KiDS,0.05176413233496195,0.05176413233496195,0.0646980973923541,0.0722397265162286,0.012933965057392152,0.020475594181266654
KIDS_223.0_0.5,KIDS_223p0_0p5_r_SDSS.V1.3.0A_KiDS-1347_GAaP_Gaia.fits,KiDS,-0.06720242959981718,-0.0671424295998172,0.0515993430950071,0.0385344290758906,0.11880177269482428,0.10567685867570781
KIDS_2.4_-34.1,KIDS_2p4_m34p1_r_SDSS.V1.3.0A_KiDS-1347_GAaP_Gaia.fits,KiDS,0.0070568595826489555,0.007626859582648957,0.1173087103736619,0.1291047931968398,0.11025185079101295,0.12147793361419083
KIDS_36.0_-34.1,KIDS_36p0_m34p1_r_SDSS.V1.3.0A_KiDS-1347_GAaP_Gaia.fits,KiDS,-0.04719115324238363,-0.04719115324238363,0.1247099369696419,0.1029732562850062,0.17190109021202554,0.15016440952738982
KIDS_222.0_-0.5,KIDS_222p0_m0p5_r_SDSS.V1.3.0A_KiDS-1347_GAaP_Gaia.fits,KiDS,0.023389856113187585,0.024821856113187574,0.077907763853233,0.0825691718614618,0.05451790774004542,0.05774731574827423
KIDS_334.7_-30.2,KIDS_334p7_m30p2_r_SDSS.V1.3.0A_KiDS-1347_GAaP_Gaia.fits,KiDS,-0.24732925409948617,-0.24651025409948615,-0.1689435696160789,-0.1680918556324145,0.07838568448340727,0.07841839846707166
KIDS_332.7_-33.1,KIDS_332p7_m33p1_r_SDSS.V1.3.0A_KiDS-1347_GAaP_Gaia.fits,KiDS,0.07349463997852762,0.07311663997852763,0.1544864232362461,0.1568007464210034,0.08099178325771847,0.08368410644247576
KIDS_330.9_-31.2,KIDS_330p9_m31p2_r_SDSS.V1.3.0A_KiDS-1347_GAaP_Gaia.fits,KiDS,0.11754401654515806,0.12229701654515807,0.2071757117674988,0.2059440720648034,0.08963169522234074,0.08364705551964532
KIDS_178.5_2.5,KIDS_178p5_2p5_r_SDSS.V1.3.0A_KiDS-1347_GAaP_Gaia.fits,KiDS,0.10452298810061929,0.10459698810061928,0.1787047224989502,0.1779992277839175,0.07418173439833091,0.07340223968329822
KIDS_234.0_-0.5,KIDS_234p0_m0p5_r_SDSS.V1.3.0A_KiDS-1347_GAaP_Gaia.fits,KiDS,0.05906249564803119,0.06161249564803119,0.1014025040224487,0.1086808287199412,0.04234000837441751,0.04706833307191001
KIDS_129.0_0.5,KIDS_129p0_0p5_r_SDSS.V1.3.0A_KiDS-1347_GAaP_Gaia.fits,KiDS,0.06883194217461658,0.06986494217461658,0.0425875006544926,0.0452009260907679,-0.02624444152012398,-0.024664016083848682
KIDS_13.1_-33.1,KIDS_13p1_m33p1_r_SDSS.V1.3.0A_KiDS-1347_GAaP_Gaia.fits,KiDS,-0.12266264165020305,-0.12266264165020305,-0.0392497247737183,-0.0276740534033977,0.08341291687648475,0.09498858824680534
KIDS_355.4_-30.2,KIDS_355p4_m30p2_r_SDSS.V1.3.0A_KiDS-1347_GAaP_Gaia.fits,KiDS,0.0050643444400017,0.005745344440001701,0.0434680511803944,0.1110860916671225,0.0384037067403927,0.10534074722712079
KIDS_347.1_-32.1,KIDS_347p1_m32p1_r_SDSS.V1.3.0A_KiDS-1347_GAaP_Gaia.fits,KiDS,0.02026002525019681,0.020895025250196805,0.0925664447704069,0.0968324921536691,0.0723064195202101,0.07593746690347229
KIDS_28.2_-28.2,KIDS_28p2_m28p2_r_SDSS.V1.3.0A_KiDS-1347_GAaP_Gaia.fits,KiDS,-0.013839657959240428,-0.013779657959240438,0.2048973922857049,0.2296715191097475,0.21873705024494533,0.24345117706898795
KIDS_28.0_-35.1,KIDS_28p0_m35p1_r_SDSS.V1.3.0A_KiDS-1347_GAaP_Gaia.fits,KiDS,-0.08166556087664631,-0.07965456087664632,0.0060021393023292,0.0073743749103087,0.08766770017897552,0.08702893578695503
KIDS_351.0_-28.2,KIDS_351p0_m28p2_r_SDSS.V1.3.0A_KiDS-1347_GAaP_Gaia.fits,KiDS,-0.05603894026180531,-0.05301594026180531,0.061205923295325,0.0567972188272141,0.11724486355713032,0.10981315908901941
KIDS_339.5_-29.2,KIDS_339p5_m29p2_r_SDSS.V1.3.0A_KiDS-1347_GAaP_Gaia.fits,KiDS,0.0762685317906334,0.07718553179063341,0.0930920404489483,0.0902548077895903,0.01682350865831489,0.013069275998956895
KIDS_38.7_-29.2,KIDS_38p7_m29p2_r_SDSS.V1.3.0A_KiDS-1347_GAaP_Gaia.fits,KiDS,-0.18806646421265974,-0.18420546421265974,0.0034045162516664,0.0178945616980215,0.19147098046432615,0.20210002591068124
KIDS_167.5_2.5,KIDS_167p5_2p5_r_SDSS.V1.3.0A_KiDS-1347_GAaP_Gaia.fits,KiDS,-0.08934615920183794,-0.08670915920183794,0.0363895710324373,0.0505498387351354,0.12573573023427526,0.13725899793697333
KIDS_194.5_3.5,KIDS_194p5_3p5_r_SDSS.V1.3.0A_KiDS-1347_GAaP_Gaia.fits,KiDS,-0.10140411710869027,-0.09891111710869027,-0.05732468331183,-0.0436978567883329,0.044079433796860266,0.05521326032035737
KIDS_349.6_-30.2,KIDS_349p6_m30p2_r_SDSS.V1.3.0A_KiDS-1347_GAaP_Gaia.fits,KiDS,0.022961704383212267,0.024867704383212258,0.0832838190845342,0.096336805876429,0.06032211470132193,0.07146910149321674
KIDS_165.5_-2.5,KIDS_165p5_m2p5_r_SDSS.V1.3.0A_KiDS-1347_GAaP_Gaia.fits,KiDS,-0.1234161835965292,-0.12215518359652924,0.0528901740700933,0.0653093823836214,0.1763063576666225,0.18746456598015065
KIDS_23.6_-27.2,KIDS_23p6_m27p2_r_SDSS.V1.3.0A_KiDS-1347_GAaP_Gaia.fits,KiDS,0.016013595410586834,0.01721759541058683,0.1781814101592334,0.1843187454450752,0.16216781474864655,0.1671011500344884
KIDS_220.0_1.5,KIDS_220p0_1p5_r_SDSS.V1.3.0A_KiDS-1347_GAaP_Gaia.fits,KiDS,-0.02924452411374376,-0.028372524113743774,-0.0414467079936962,-0.0375242242749713,-0.012202183879952443,-0.009151700161227523
KIDS_334.1_-32.1,KIDS_334p1_m32p1_r_SDSS.V1.3.0A_KiDS-1347_GAaP_Gaia.fits,KiDS,0.050888539586785686,0.052178539586785685,0.1216184205407026,0.1281135270006563,0.07072988095391691,0.07593498741387063
KIDS_2.2_-27.2,KIDS_2p2_m27p2_r_SDSS.V1.3.0A_KiDS-1347_GAaP_Gaia.fits,KiDS,-0.11146673571983537,-0.10357873571983536,0.0125508373022154,0.0281866697058282,0.12401757302205077,0.13176540542566356
KIDS_194.0_-0.5,KIDS_194p0_m0p5_r_SDSS.V1.3.0A_KiDS-1347_GAaP_Gaia.fits,KiDS,-0.007330509477792069,-0.0066255094777920714,0.0111865006650513,0.0223444974036477,0.01851701014284337,0.02897000688143977
KIDS_4.7_-31.2,KIDS_4p7_m31p2_r_SDSS.V1.3.0A_KiDS-1347_GAaP_Gaia.fits,KiDS,-0.01700489492103871,-0.014861894921038704,0.0650065812252914,0.0830682609049139,0.08201147614633011,0.0979301558259526
KIDS_20.7_-35.1,KIDS_20p7_m35p1_r_SDSS.V1.3.0A_KiDS-1347_GAaP_Gaia.fits,KiDS,-0.06531020978970331,-0.06603220978970331,0.0585371956980292,0.0669581448939989,0.12384740548773251,0.1329903546837022
KIDS_341.0_-33.1,KIDS_341p0_m33p1_r_SDSS.V1.3.0A_KiDS-1347_GAaP_Gaia.fits,KiDS,0.0010685962126770754,0.0011525962126770761,0.0108407926021083,0.0165814721968718,0.009772196389431225,0.015428875984194724
KIDS_170.0_1.5,KIDS_170p0_1p5_r_SDSS.V1.3.0A_KiDS-1347_GAaP_Gaia.fits,KiDS,-0.04251806175373274,-0.042109061753732746,0.0609147995198301,0.0576949678086907,0.10343286127356284,0.09980402956242344
KIDS_18.2_-35.1,KIDS_18p2_m35p1_r_SDSS.V1.3.0A_KiDS-1347_GAaP_Gaia.fits,KiDS,-0.09124190424600728,-0.09124190424600728,0.0610811972255598,0.0444171112173872,0.15232310147156708,0.13565901546339448
KIDS_227.0_0.5,KIDS_227p0_0p5_r_SDSS.V1.3.0A_KiDS-1347_GAaP_Gaia.fits,KiDS,0.04570013838780157,0.048065138387801576,0.1167002447375741,0.1178113788621776,0.07100010634977252,0.06974624047437603
KIDS_346.3_-29.2,KIDS_346p3_m29p2_r_SDSS.V1.3.0A_KiDS-1347_GAaP_Gaia.fits,KiDS,0.04508868143909962,0.04547068143909962,0.0710895661334474,0.0703258582633565,0.026000884694347776,0.024855176824256878
KIDS_130.0_-0.5,KIDS_130p0_m0p5_r_SDSS.V1.3.0A_KiDS-1347_GAaP_Gaia.fits,KiDS,0.07769627203655999,0.07843627203655998,0.0479421181450559,0.050267940357132,-0.02975415389150409,-0.028168331679427977
KIDS_173.5_-2.5,KIDS_173p5_m2p5_r_SDSS.V1.3.0A_KiDS-1347_GAaP_Gaia.fits,KiDS,0.07192658920838801,0.07189358920838802,0.2123307015232765,0.2224640258242712,0.14040411231488847,0.15057043661588315
KIDS_332.4_-30.2,KIDS_332p4_m30p2_r_SDSS.V1.3.0A_KiDS-1347_GAaP_Gaia.fits,KiDS,-0.034063483389082494,-0.03421748338908251,0.0852404184915521,0.0814116705634805,0.1193039018806346,0.11562915395256301
KIDS_129.0_-1.5,KIDS_129p0_m1p5_r_SDSS.V1.3.0A_KiDS-1347_GAaP_Gaia.fits,KiDS,0.07436156208638924,0.07451956208638924,0.0538442186550108,0.0506697620523879,-0.020517343431378433,-0.02384980003400134
KIDS_332.0_-31.2,KIDS_332p0_m31p2_r_SDSS.V1.3.0A_KiDS-1347_GAaP_Gaia.fits,KiDS,0.06820092926564464,0.06879992926564464,0.1240474359666909,0.1320779128953027,0.05584650670104627,0.06327798362965807
KIDS_156.4_2.5,KIDS_156p4_2p5_r_SDSS.V1.3.0A_KiDS-1347_GAaP_Gaia.fits,KiDS,0.05832115221404048,0.05583715221404048,0.3326689968866287,0.3275726889887519,0.2743478446725882,0.2717355367747114
KIDZ_210.4_5.1,OMEGACAM_210p4_5p1_r_SDSS.V1.2.0A_KiDS-1347_GAaP_Gaia.fits,KiDZ,0.07002461734478414,0.07133861734478414,0.1320591809791682,0.1344706747055224,0.062034563634384046,0.06313205736073826
KIDS_217.0_1.5,KIDS_217p0_1p5_r_SDSS.V1.3.0A_KiDS-1347_GAaP_Gaia.fits,KiDS,0.04875537145400465,0.04875537145400465,0.1288733925846407,0.1240763472062026,0.08011802113063604,0.07532097575219796
KIDS_38.8_-32.1,KIDS_38p8_m32p1_r_SDSS.V1.3.0A_KiDS-1347_GAaP_Gaia.fits,KiDS,0.013640756434398604,0.01412875643439862,0.1624025220168493,0.1882628131322257,0.1487617655824507,0.17413405669782708
KIDS_35.3_-32.1,KIDS_35p3_m32p1_r_SDSS.V1.3.0A_KiDS-1347_GAaP_Gaia.fits,KiDS,-0.01424219172804489,-0.01424219172804489,0.1554586983716624,0.1556038754546065,0.1697008900997073,0.16984606718265138
KIDS_215.6_-3.5,KIDS_215p6_m3p5_r_SDSS.V1.3.0A_KiDS-1347_GAaP_Gaia.fits,KiDS,0.0822998992090839,0.0824928992090839,0.1195695097815908,0.1201898833646017,0.0372696105725069,0.037696984155517796
KIDS_174.5_-3.5,KIDS_174p5_m3p5_r_SDSS.V1.3.0A_KiDS-1347_GAaP_Gaia.fits,KiDS,-0.10852166158367807,-0.10681866158367806,-0.0478985128077563,-0.0383111651097852,0.06062314877592177,0.06850749647389286
KIDS_218.6_-3.5,KIDS_218p6_m3p5_r_SDSS.V1.3.0A_KiDS-1347_GAaP_Gaia.fits,KiDS,0.020746082343656533,0.02188108234365653,0.1423429226931425,0.146218472364507,0.12159684034948597,0.12433739002085047
KIDS_228.0_1.5,KIDS_228p0_1p5_r_SDSS.V1.3.0A_KiDS-1347_GAaP_Gaia.fits,KiDS,-0.2290471740510007,-0.2286841740510007,-0.1811004387735097,-0.1706516986808248,0.04794673527749099,0.05803247537017589
KIDS_188.0_0.5,KIDS_188p0_0p5_r_SDSS.V1.3.0A_KiDS-1347_GAaP_Gaia.fits,KiDS,-0.00778130233622687,-0.00669530233622688,0.0518256594168125,0.058534663187723,0.05960696175303937,0.06522996552394988
KIDS_19.5_-35.1,KIDS_19p5_m35p1_r_SDSS.V1.3.0A_KiDS-1347_GAaP_Gaia.fits,KiDS,-0.0995514609538107,-0.0992154609538107,-0.0121838663547862,-0.013792629920462,0.0873675945990245,0.0854228310333487
KIDS_221.6_-3.5,KIDS_221p6_m3p5_r_SDSS.V1.3.0A_KiDS-1347_GAaP_Gaia.fits,KiDS,0.008644500821731765,0.009007500821731768,0.0715513566155215,0.0803772527231408,0.06290685579378974,0.07136975190140903
KIDS_157.0_1.5,KIDS_157p0_1p5_r_SDSS.V1.3.0A_KiDS-1347_GAaP_Gaia.fits,KiDS,-0.05089096480691224,-0.04995196480691225,0.0865115256112035,0.1027407694322725,0.13740249041811575,0.15269273423918475
KIDS_41.5_-27.2,KIDS_41p5_m27p2_r_SDSS.V1.3.0A_KiDS-1347_GAaP_Gaia.fits,KiDS,0.06301179723437103,0.06330679723437105,0.1675747823667429,0.1714884581335963,0.10456298513237186,0.10818166089922526
KIDS_18.8_-32.1,KIDS_18p8_m32p1_r_SDSS.V1.3.0A_KiDS-1347_GAaP_Gaia.fits,KiDS,-0.03518058082691611,-0.03535758082691612,0.2281139132186969,0.2502779178198941,0.263294494045613,0.28563549864681026
KIDS_50.8_-28.2,KIDS_50p8_m28p2_r_SDSS.V1.3.0A_KiDS-1347_GAaP_Gaia.fits,KiDS,-0.05797911988912294,-0.057226119889122934,0.1585010062482358,0.1709049705006469,0.21648012613735873,0.22813109038976984
KIDS_191.0_0.5,KIDS_191p0_0p5_r_SDSS.V1.3.0A_KiDS-1347_GAaP_Gaia.fits,KiDS,-0.05126318194754062,-0.05090018194754062,0.0178144162063883,0.0249561226413037,0.06907759815392892,0.07585630458884432
KIDS_334.0_-28.2,KIDS_334p0_m28p2_r_SDSS.V1.3.0A_KiDS-1347_GAaP_Gaia.fits,KiDS,-0.07052946333985613,-0.06993246333985614,-0.0268797110660347,-0.0161646962953601,0.04364975227382143,0.05376776704449604
KIDS_193.5_3.5,KIDS_193p5_3p5_r_SDSS.V1.3.0A_KiDS-1347_GAaP_Gaia.fits,KiDS,-0.16002802604397917,-0.15989802604397915,-0.0611417349974239,-0.0583245940783713,0.09888629104655527,0.10157343196560785
KIDS_345.4_-27.2,KIDS_345p4_m27p2_r_SDSS.V1.3.0A_KiDS-1347_GAaP_Gaia.fits,KiDS,0.053978285696717324,0.053341285696717325,0.0777610690809096,0.0869672370309325,0.023782783384192277,0.03362595133421517
KIDS_162.5_3.5,KIDS_162p5_3p5_r_SDSS.V1.3.0A_KiDS-1347_GAaP_Gaia.fits,KiDS,-0.10604679723153546,-0.10556479723153547,0.0122237397716279,0.0443711860434015,0.11827053700316335,0.14993598327493696
KIDS_21.3_-27.2,KIDS_21p3_m27p2_r_SDSS.V1.3.0A_KiDS-1347_GAaP_Gaia.fits,KiDS,-0.14211823457342862,-0.14211823457342862,0.0520253403321872,0.0532225380769837,0.19414357490561582,0.19534077265041233
KIDS_30.5_-28.2,KIDS_30p5_m28p2_r_SDSS.V1.3.0A_KiDS-1347_GAaP_Gaia.fits,KiDS,-0.06675795104245666,-0.061913951042456644,-0.0022658351012495,0.0213699545788408,0.06449211594120716,0.08328390562129745
KIDS_337.6_-32.1,KIDS_337p6_m32p1_r_SDSS.V1.3.0A_KiDS-1347_GAaP_Gaia.fits,KiDS,0.03174062954904629,0.03224362954904629,0.0517730899230986,0.0388226768724946,0.020032460374052312,0.006579047323448307
KIDS_177.5_-2.5,KIDS_177p5_m2p5_r_SDSS.V1.3.0A_KiDS-1347_GAaP_Gaia.fits,KiDS,-0.06294054921740724,-0.06266054921740724,-0.0367558053747465,-0.036522130916408,0.026184743842660743,0.026138418300999243
KIDS_12.8_-31.2,KIDS_12p8_m31p2_r_SDSS.V1.3.0A_KiDS-1347_GAaP_Gaia.fits,KiDS,-0.11935885821200803,-0.11938185821200806,-0.085529806135176,-0.0856031156637921,0.03382905207683204,0.03377874254821596
KIDS_23.9_-29.2,KIDS_23p9_m29p2_r_SDSS.V1.3.0A_KiDS-1347_GAaP_Gaia.fits,KiDS,-0.12230896300390587,-0.12413796300390587,0.0334332117270694,0.0417809051159834,0.15574217473097526,0.16591886811988926
KIDS_182.0_-1.5,KIDS_182p0_m1p5_r_SDSS.V1.3.0A_KiDS-1347_GAaP_Gaia.fits,KiDS,-0.02157666466558973,-0.019735664665589736,0.1366290025063308,0.1337047882336235,0.15820566717192053,0.15344045289921324
KIDS_349.1_-35.1,KIDS_349p1_m35p1_r_SDSS.V1.3.0A_KiDS-1347_GAaP_Gaia.fits,KiDS,0.07732222381705546,0.07810422381705547,0.1176470567714655,0.1179606950269259,0.04032483295441004,0.03985647120987043
KIDS_343.2_-27.2,KIDS_343p2_m27p2_r_SDSS.V1.3.0A_KiDS-1347_GAaP_Gaia.fits,KiDS,0.050157155231656814,0.05116215523165682,0.0995246423775656,0.0939969743718307,0.04936748714590879,0.04283481914017388
KIDS_227.0_1.5,KIDS_227p0_1p5_r_SDSS.V1.3.0A_KiDS-1347_GAaP_Gaia.fits,KiDS,0.008211836376938314,0.008425836376938306,0.0831735528813718,0.0857858963515918,0.07496171650443349,0.07736005997465349
KIDS_346.0_-31.2,KIDS_346p0_m31p2_r_SDSS.V1.3.0A_KiDS-1347_GAaP_Gaia.fits,KiDS,0.03195813155673088,0.03174313155673087,0.0746963972482368,0.0927426209731635,0.042738265691505926,0.060999489416432635
KIDS_207.6_3.5,KIDS_207p6_3p5_r_SDSS.V1.3.0A_KiDS-1347_GAaP_Gaia.fits,KiDS,-0.10825875378802605,-0.10718975378802606,0.0043425294645823,0.0023330854969268,0.11260128325260835,0.10952283928495286
KIDS_141.4_2.5,KIDS_141p4_2p5_r_SDSS.V1.3.0A_KiDS-1347_GAaP_Gaia.fits,KiDS,0.14612697701589472,0.1487709770158947,0.2565597339115735,0.2647509131124563,0.11043275689567877,0.1159799360965616
KIDS_347.6_-28.2,KIDS_347p6_m28p2_r_SDSS.V1.3.0A_KiDS-1347_GAaP_Gaia.fits,KiDS,-0.13722111774831705,-0.14017511774831706,0.0230812516813377,0.0342906412767425,0.16030236942965476,0.17446575902505956
KIDS_199.0_0.5,KIDS_199p0_0p5_r_SDSS.V1.3.0A_KiDS-1347_GAaP_Gaia.fits,KiDS,0.034188337000159275,0.03566633700015928,0.1018756885713989,0.0973450919538411,0.06768735157123963,0.061678754953681816
KIDS_15.1_-31.2,KIDS_15p1_m31p2_r_SDSS.V1.3.0A_KiDS-1347_GAaP_Gaia.fits,KiDS,-0.016326260305080664,-0.01579426030508066,0.0903323896089036,0.0898348380450526,0.10665864991398426,0.10562909835013326
KIDS_341.8_-35.1,KIDS_341p8_m35p1_r_SDSS.V1.3.0A_KiDS-1347_GAaP_Gaia.fits,KiDS,-0.010709952997794689,-0.009525952997794684,0.0094933280262466,0.0168891301939902,0.020203281024041286,0.026415083191784886
KIDS_22.4_-32.1,KIDS_22p4_m32p1_r_SDSS.V1.3.0A_KiDS-1347_GAaP_Gaia.fits,KiDS,-0.11633368066327235,-0.11471268066327234,-0.0315849279703003,-0.0453223947609846,0.08474875269297205,0.06939028590228774
KIDS_188.0_-0.5,KIDS_188p0_m0p5_r_SDSS.V1.3.0A_KiDS-1347_GAaP_Gaia.fits,KiDS,0.1924737003837319,0.19317570038373189,0.2606753321340666,0.2827477822353395,0.06820163175033467,0.08957208185160759
KIDS_229.0_-1.5,KIDS_229p0_m1p5_r_SDSS.V1.3.0A_KiDS-1347_GAaP_Gaia.fits,KiDS,-0.01347839391981677,-0.013009393919816772,0.8164712129403917,3.12690575070906,0.8299496068602085,3.1399151446288767
KIDS_333.2_-35.1,KIDS_333p2_m35p1_r_SDSS.V1.3.0A_KiDS-1347_GAaP_Gaia.fits,KiDS,-0.09933317081014412,-0.09907917081014414,-0.0997541159795776,-0.0897975125790446,-0.00042094516943348703,0.00928165823109954
KIDS_158.0_0.5,KIDS_158p0_0p5_r_SDSS.V1.3.0A_KiDS-1347_GAaP_Gaia.fits,KiDS,-0.014995730081295247,-0.014065730081295247,0.1212326965128111,0.1329084619992151,0.13622842659410633,0.14697419208051035
KIDS_39.3_-27.2,KIDS_39p3_m27p2_r_SDSS.V1.3.0A_KiDS-1347_GAaP_Gaia.fits,KiDS,-0.10057950869171062,-0.10070250869171063,-0.0390565817835052,-0.0131393648144969,0.06152292690820542,0.08756314387721373
KIDS_191.0_-0.5,KIDS_191p0_m0p5_r_SDSS.V1.3.0A_KiDS-1347_GAaP_Gaia.fits,KiDS,-0.013172829342273124,-0.012412829342273127,0.0505472453765738,0.0453997973686717,0.06372007471884691,0.05781262671094483
KIDS_339.3_-35.1,KIDS_339p3_m35p1_r_SDSS.V1.3.0A_KiDS-1347_GAaP_Gaia.fits,KiDS,-0.051601771850080774,-0.05039477185008076,-0.007749108940965,-0.0112117272368058,0.043852662909115776,0.03918304461327496
KIDS_196.5_2.5,KIDS_196p5_2p5_r_SDSS.V1.3.0A_KiDS-1347_GAaP_Gaia.fits,KiDS,-0.07361266900934141,-0.07325266900934144,-0.0552018783160516,-0.0506345463568756,0.01841079069328981,0.022618122652465836
KIDS_191.0_-1.5,KIDS_191p0_m1p5_r_SDSS.V1.3.0A_KiDS-1347_GAaP_Gaia.fits,KiDS,-0.1101119249491378,-0.11004292494913778,-0.0523100486907952,-0.0355617041546141,0.0578018762583426,0.07448122079452368
KIDS_195.5_-2.5,KIDS_195p5_m2p5_r_SDSS.V1.3.0A_KiDS-1347_GAaP_Gaia.fits,KiDS,0.2527604118503417,0.2538374118503417,0.318923990919239,0.3268285371293793,0.0661635790688973,0.07299112527903762
KIDS_163.5_-2.5,KIDS_163p5_m2p5_r_SDSS.V1.3.0A_KiDS-1347_GAaP_Gaia.fits,KiDS,-0.16686004609135888,-0.16600804609135886,-0.0450760048464328,-0.0350300953690955,0.12178404124492608,0.13097795072226337
KIDS_354.3_-29.2,KIDS_354p3_m29p2_r_SDSS.V1.3.0A_KiDS-1347_GAaP_Gaia.fits,KiDS,-0.07521965173790648,-0.07621665173790651,0.0820710428900835,0.0874538327909259,0.15729069462799,0.16367048452883243
KIDS_354.4_-28.2,KIDS_354p4_m28p2_r_SDSS.V1.3.0A_KiDS-1347_GAaP_Gaia.fits,KiDS,-0.03973854749165595,-0.03561654749165594,-0.0064541783237314,-0.0109035880611602,0.03328436916792455,0.024712959430495736
KIDS_181.5_-3.5,KIDS_181p5_m3p5_r_SDSS.V1.3.0A_KiDS-1347_GAaP_Gaia.fits,KiDS,0.03178748207498933,0.032889482074989325,0.0935847618838905,0.0989407516396222,0.06179727980890117,0.06605126956463286
KIDS_27.6_-30.2,KIDS_27p6_m30p2_r_SDSS.V1.3.0A_KiDS-1347_GAaP_Gaia.fits,KiDS,-0.0019964302276630624,0.00332056977233694,0.0585809867856534,0.0595627970159865,0.06057741701331646,0.05624222724364956
KIDS_139.0_-1.5,KIDS_139p0_m1p5_r_SDSS.V1.3.0A_KiDS-1347_GAaP_Gaia.fits,KiDS,0.037825773406142835,0.03889277340614284,0.0880319024217839,0.0968529199236025,0.05020612901564106,0.057960146517459656
KIDS_159.0_-1.5,KIDS_159p0_m1p5_r_SDSS.V1.3.0A_KiDS-1347_GAaP_Gaia.fits,KiDS,-0.04554971999289234,-0.04406271999289235,0.1176441503672229,0.1171989040853467,0.16319387036011523,0.16126162407823905
KIDS_25.1_-29.2,KIDS_25p1_m29p2_r_SDSS.V1.3.0A_KiDS-1347_GAaP_Gaia.fits,KiDS,-0.021547184567869915,-0.021547184567869915,0.261213571770387,0.2653065955623614,0.2827607563382569,0.28685378013023133
KIDS_166.5_3.5,KIDS_166p5_3p5_r_SDSS.V1.3.0A_KiDS-1347_GAaP_Gaia.fits,KiDS,0.03804810997530453,0.038153109975304536,0.1813200401114153,0.1749189235579024,0.14327193013611078,0.13676581358259787
KIDS_51.8_-30.2,KIDS_51p8_m30p2_r_SDSS.V1.3.0A_KiDS-1347_GAaP_Gaia.fits,KiDS,-0.014795201402617475,-0.014795201402617475,0.2197616770481232,0.2286339135172786,0.23455687845074066,0.24342911491989608
KIDS_157.0_-0.5,KIDS_157p0_m0p5_r_SDSS.V1.3.0A_KiDS-1347_GAaP_Gaia.fits,KiDS,-0.030953781563368865,-0.028383781563368876,0.0811400567222315,0.0973085514538629,0.11209383828560036,0.12569233301723176
KIDS_221.0_0.5,KIDS_221p0_0p5_r_SDSS.V1.3.0A_KiDS-1347_GAaP_Gaia.fits,KiDS,0.040629813380350044,0.04190181338035004,0.1449462340637556,0.1608021580391517,0.10431642068340555,0.11890034465880167
KIDS_195.5_3.5,KIDS_195p5_3p5_r_SDSS.V1.3.0A_KiDS-1347_GAaP_Gaia.fits,KiDS,-0.07554548753576026,-0.07544548753576027,-0.0439374543950002,-0.0181395207829857,0.031608033140760064,0.05730596675277458
KIDS_42.4_-32.1,KIDS_42p4_m32p1_r_SDSS.V1.3.0A_KiDS-1347_GAaP_Gaia.fits,KiDS,0.13890938682140686,0.13946738682140686,0.2899921101515837,0.2918102699876103,0.15108272333017686,0.15234288316620342
KIDS_205.0_1.5,KIDS_205p0_1p5_r_SDSS.V1.3.0A_KiDS-1347_GAaP_Gaia.fits,KiDS,-0.11115861167513227,-0.11089561167513226,-0.0750054919071246,-0.0796060458216875,0.03615311976800767,0.031289565853444765
KIDS_35.0_-28.2,KIDS_35p0_m28p2_r_SDSS.V1.3.0A_KiDS-1347_GAaP_Gaia.fits,KiDS,-0.2188880017656155,-0.2188420017656155,-0.0845792807402595,-0.0635864606280053,0.134308721025356,0.1552555411376102
KIDS_207.0_-1.5,KIDS_207p0_m1p5_r_SDSS.V1.3.0A_KiDS-1347_GAaP_Gaia.fits,KiDS,-0.046769383678768456,-0.04621138367876845,-0.0048447903015166,0.000839498130543,0.04192459337725186,0.047050881809311454
KIDS_356.6_-28.2,KIDS_356p6_m28p2_r_SDSS.V1.3.0A_KiDS-1347_GAaP_Gaia.fits,KiDS,0.07965748056447533,0.08023048056447532,0.250744198944749,0.2454060063604318,0.17108671838027364,0.16517552579595648
KIDS_25.5_-35.1,KIDS_25p5_m35p1_r_SDSS.V1.3.0A_KiDS-1347_GAaP_Gaia.fits,KiDS,-0.1055544240472466,-0.10445342404724658,0.0001418441729481,0.0134765378954526,0.1056962682201947,0.11792996194269918
KIDS_1.1_-27.2,KIDS_1p1_m27p2_r_SDSS.V1.3.0A_KiDS-1347_GAaP_Gaia.fits,KiDS,-0.12964320087710843,-0.12938020087710841,-0.0385674634610375,-0.0130965701193351,0.09107573741607092,0.11628363075777332
KIDS_20.2_-33.1,KIDS_20p2_m33p1_r_SDSS.V1.3.0A_KiDS-1347_GAaP_Gaia.fits,KiDS,-0.039808717075895256,-0.04234171707589526,0.0847885759797233,0.0881778572919386,0.12459729305561855,0.13051957436783385
KIDS_193.5_-3.5,KIDS_193p5_m3p5_r_SDSS.V1.3.0A_KiDS-1347_GAaP_Gaia.fits,KiDS,0.06004517960706261,0.06116517960706261,0.1261639951442727,0.1350489240440897,0.0661188155372101,0.07388374443702708
KIDS_3.5_-30.2,KIDS_3p5_m30p2_r_SDSS.V1.3.0A_KiDS-1347_GAaP_Gaia.fits,KiDS,-0.02957939195868814,-0.02943239195868813,0.0417284948601815,0.0530216843772902,0.07130788681886964,0.08245407633597833
KIDS_18.1_-28.2,KIDS_18p1_m28p2_r_SDSS.V1.3.0A_KiDS-1347_GAaP_Gaia.fits,KiDS,-0.04101100222467938,-0.040981002224679375,0.0826867169389206,0.0669087851616918,0.12369771916359998,0.10788978738637117
KIDS_44.4_-29.2,KIDS_44p4_m29p2_r_SDSS.V1.3.0A_KiDS-1347_GAaP_Gaia.fits,KiDS,-0.07119607077123269,-0.07119607077123269,0.3163229426490137,0.2943356468037116,0.3875190134202464,0.3655317175749443
KIDS_221.6_3.5,KIDS_221p6_3p5_r_SDSS.V1.3.0A_KiDS-1347_GAaP_Gaia.fits,KiDS,0.042994613066765164,0.04603661306676517,0.1100860750111883,0.1158670691317514,0.06709146194442314,0.06983045606498624
KIDS_10.3_-29.2,KIDS_10p3_m29p2_r_SDSS.V1.3.0A_KiDS-1347_GAaP_Gaia.fits,KiDS,-0.025780492926771967,-0.025775492926771976,0.0799091416597668,0.0997801443033533,0.10568963458653877,0.12555563723012528
KIDS_46.3_-28.2,KIDS_46p3_m28p2_r_SDSS.V1.3.0A_KiDS-1347_GAaP_Gaia.fits,KiDS,-0.025267619093257587,-0.025267619093257587,0.2867828610872325,0.2825340247962414,0.3120504801804901,0.307801643889499
KIDS_9.3_-31.2,KIDS_9p3_m31p2_r_SDSS.V1.3.0A_KiDS-1347_GAaP_Gaia.fits,KiDS,-0.13857088957493865,-0.13731688957493865,-0.0076164274200297,0.0009823484413365,0.13095446215490897,0.13829923801627514
KIDS_16.6_-33.1,KIDS_16p6_m33p1_r_SDSS.V1.3.0A_KiDS-1347_GAaP_Gaia.fits,KiDS,-0.06676987865195275,-0.06758987865195273,0.1230791697070075,0.1272053696669674,0.18984904835896024,0.19479524831892014
KIDS_230.0_-0.5,KIDS_230p0_m0p5_r_SDSS.V1.3.0A_KiDS-1347_GAaP_Gaia.fits,KiDS,0.008733397807060395,0.008775397807060395,0.0382605676439354,0.027971364458069,0.029527169836875006,0.019195966651008606
KIDS_231.0_0.5,KIDS_231p0_0p5_r_SDSS.V1.3.0A_KiDS-1347_GAaP_Gaia.fits,KiDS,-0.09902747346307786,-0.09530547346307786,-0.0628909413160929,-0.0613604920481067,0.036136532146984965,0.033944981414971154
KIDS_4.8_-33.1,KIDS_4p8_m33p1_r_SDSS.V1.3.0A_KiDS-1347_GAaP_Gaia.fits,KiDS,0.07996382177684015,0.08006582177684016,0.1708638939183181,0.1883088230999889,0.09090007214147795,0.10824300132314874
KIDS_223.6_2.5,KIDS_223p6_2p5_r_SDSS.V1.3.0A_KiDS-1347_GAaP_Gaia.fits,KiDS,-0.009853785202073778,-0.008715785202073778,0.046065850922896,0.0416621225926033,0.05591963612496978,0.05037790779467708
KIDS_232.0_-1.5,KIDS_232p0_m1p5_r_SDSS.V1.3.0A_KiDS-1347_GAaP_Gaia.fits,KiDS,-0.03688497923651329,-0.03646497923651329,0.025890105855814,0.0262516041095813,0.06277508509232729,0.06271658334609459
KIDS_159.4_-2.5,KIDS_159p4_m2p5_r_SDSS.V1.3.0A_KiDS-1347_GAaP_Gaia.fits,KiDS,-0.2807315204810882,-0.28097752048108815,-0.0936281285658193,-0.0839051194014431,0.18710339191526887,0.19707240107964505
KIDS_169.5_2.5,KIDS_169p5_2p5_r_SDSS.V1.3.0A_KiDS-1347_GAaP_Gaia.fits,KiDS,-0.21728168889752406,-0.215762688897524,-0.1154758744614052,-0.1062878581416236,0.10180581443611886,0.1094748307559004
KIDS_344.9_-31.2,KIDS_344p9_m31p2_r_SDSS.V1.3.0A_KiDS-1347_GAaP_Gaia.fits,KiDS,0.025745031178213612,0.027054031178213617,0.1334994106913366,0.1380165496498477,0.107754379513123,0.11096251847163408
KIDS_6.7_-27.2,KIDS_6p7_m27p2_r_SDSS.V1.3.0A_KiDS-1347_GAaP_Gaia.fits,KiDS,-0.08063199821424896,-0.08040599821424896,0.0099878208117086,0.0097629306399698,0.09061981902595756,0.09016892885421876
KIDS_347.8_-35.1,KIDS_347p8_m35p1_r_SDSS.V1.3.0A_KiDS-1347_GAaP_Gaia.fits,KiDS,0.05563531422442375,0.05536131422442375,0.1415488475563792,0.1495776417712465,0.08591353333195545,0.09421632754682274
KIDS_205.6_-2.5,KIDS_205p6_m2p5_r_SDSS.V1.3.0A_KiDS-1347_GAaP_Gaia.fits,KiDS,0.2962975365072612,0.2990735365072612,0.3519550080961513,0.3631506771297931,0.05565747158889012,0.06407714062253189
KIDS_220.0_-1.5,KIDS_220p0_m1p5_r_SDSS.V1.3.0A_KiDS-1347_GAaP_Gaia.fits,KiDS,-0.053435674922219845,-0.04915567492221984,0.03312704885771,0.0346809715165213,0.08656272377992985,0.08383664643874114
KIDZ_209.4_5.1,OMEGACAM_209p4_5p1_r_SDSS.V1.2.0A_KiDS-1347_GAaP_Gaia.fits,KiDZ,-0.22905762501353175,-0.22911462501353178,-0.0845977502482222,-0.0762897238542102,0.14445987476530953,0.15282490115932157
KIDS_235.0_-1.5,KIDS_235p0_m1p5_r_SDSS.V1.3.0A_KiDS-1347_GAaP_Gaia.fits,KiDS,-0.01191284683624054,-0.01191284683624054,0.0637946546579386,0.0706410167574139,0.07570750149417914,0.08255386359365444
KIDS_219.0_0.5,KIDS_219p0_0p5_r_SDSS.V1.3.0A_KiDS-1347_GAaP_Gaia.fits,KiDS,0.03426729344613853,0.03481329344613854,0.102930720583807,0.0940277513769353,0.06866342713766847,0.05921445793079676
KIDS_163.0_-0.5,KIDS_163p0_m0p5_r_SDSS.V1.3.0A_KiDS-1347_GAaP_Gaia.fits,KiDS,0.02113500196625684,0.025485001966256846,0.1159164547838686,0.1357771563860356,0.09478145281761176,0.11029215441977876
KIDS_195.0_0.5,KIDS_195p0_0p5_r_SDSS.V1.3.0A_KiDS-1347_GAaP_Gaia.fits,KiDS,0.05317178446495671,0.050232784464956715,0.1171046014380153,0.1297358170189879,0.06393281697305858,0.07950303255403118
KIDS_44.3_-31.2,KIDS_44p3_m31p2_r_SDSS.V1.3.0A_KiDS-1347_GAaP_Gaia.fits,KiDS,0.05373369212352385,0.05487269212352384,0.2472790569319288,0.2285111399105794,0.19354536480840495,0.17363844778705556
KIDS_33.3_-33.1,KIDS_33p3_m33p1_r_SDSS.V1.3.0A_KiDS-1347_GAaP_Gaia.fits,KiDS,0.050617688555810385,0.050739688555810396,0.0876902483247685,0.1043943996735689,0.03707255976895812,0.0536547111177585
KIDS_171.0_1.5,KIDS_171p0_1p5_r_SDSS.V1.3.0A_KiDS-1347_GAaP_Gaia.fits,KiDS,-0.03468227489697048,-0.033868274896970474,0.0845554347311401,0.0819422012130307,0.11923770962811059,0.11581047611000117
KIDS_334.4_-31.2,KIDS_334p4_m31p2_r_SDSS.V1.3.0A_KiDS-1347_GAaP_Gaia.fits,KiDS,0.03702528098481643,0.03880328098481643,0.064105100243279,0.066171901161561,0.027079819258462576,0.027368620176744574
KIDS_358.9_-29.2,KIDS_358p9_m29p2_r_SDSS.V1.3.0A_KiDS-1347_GAaP_Gaia.fits,KiDS,-0.09519925988647107,-0.08865025988647104,0.0229645653194286,0.0357673346240326,0.11816382520589967,0.12441759451050365
KIDS_183.5_-2.5,KIDS_183p5_m2p5_r_SDSS.V1.3.0A_KiDS-1347_GAaP_Gaia.fits,KiDS,-0.053252587162471304,-0.05271458716247132,-0.0011024480015101,0.0154908527076861,0.0521501391609612,0.06820543987015742
KIDS_162.0_-1.5,KIDS_162p0_m1p5_r_SDSS.V1.3.0A_KiDS-1347_GAaP_Gaia.fits,KiDS,-0.08958588340919604,-0.07829888340919602,-0.00978293044783,0.0058485238698172,0.07980295296136604,0.08414740727901322
KIDS_350.3_-35.1,KIDS_350p3_m35p1_r_SDSS.V1.3.0A_KiDS-1347_GAaP_Gaia.fits,KiDS,0.08643199885765862,0.08939499885765863,0.0648790450039271,0.0668746560689714,-0.021552953853731516,-0.022520342788687225
KIDS_210.0_-1.5,KIDS_210p0_m1p5_r_SDSS.V1.3.0A_KiDS-1347_GAaP_Gaia.fits,KiDS,-0.08167776350179981,-0.07358176350179979,-0.1212525520401702,-0.1311630977830022,-0.03957478853837039,-0.057581334281202406
KIDS_22.8_-29.2,KIDS_22p8_m29p2_r_SDSS.V1.3.0A_KiDS-1347_GAaP_Gaia.fits,KiDS,-0.08077794325937951,-0.08073494325937952,0.2024260203433652,0.2048102839652432,0.2832039636027447,0.2855452272246227
KIDS_350.4_-34.1,KIDS_350p4_m34p1_r_SDSS.V1.3.0A_KiDS-1347_GAaP_Gaia.fits,KiDS,-0.0025544627527273323,-0.002207462752727346,0.1174475549230436,0.1100585211820582,0.12000201767577093,0.11226598393478554
KIDS_26.2_-29.2,KIDS_26p2_m29p2_r_SDSS.V1.3.0A_KiDS-1347_GAaP_Gaia.fits,KiDS,-0.032518537540305925,-0.03267553754030594,0.1231979646171519,0.1238693827773487,0.15571650215745783,0.15654492031765466
KIDS_352.1_-27.2,KIDS_352p1_m27p2_r_SDSS.V1.3.0A_KiDS-1347_GAaP_Gaia.fits,KiDS,-0.11316161243354647,-0.1131856124335465,0.0328789466604868,0.0351678110616535,0.14604055909403327,0.1483534234952
KIDS_210.6_-3.5,KIDS_210p6_m3p5_r_SDSS.V1.3.0A_KiDS-1347_GAaP_Gaia.fits,KiDS,0.039428587331327314,0.04019058733132731,0.1506792407369964,0.1404287514075547,0.11125065340566909,0.10023816407622739
KIDS_4.9_-35.1,KIDS_4p9_m35p1_r_SDSS.V1.3.0A_KiDS-1347_GAaP_Gaia.fits,KiDS,-0.09596582651481561,-0.09726682651481564,-0.0722928285041866,-0.0557343878592621,0.023672998010629012,0.04153243865555353
KIDS_32.4_-34.1,KIDS_32p4_m34p1_r_SDSS.V1.3.0A_KiDS-1347_GAaP_Gaia.fits,KiDS,-0.07776190285603654,-0.07441790285603658,0.1587375105818888,0.1583605787002713,0.23649941343792535,0.23277848155630787
KIDS_205.0_-1.5,KIDS_205p0_m1p5_r_SDSS.V1.3.0A_KiDS-1347_GAaP_Gaia.fits,KiDS,-0.549299339901136,-0.549299339901136,-0.4393932642814015,-0.4351851843685929,0.10990607561973448,0.11411415553254312
KIDS_181.0_1.5,KIDS_181p0_1p5_r_SDSS.V1.3.0A_KiDS-1347_GAaP_Gaia.fits,KiDS,0.01561590356113296,0.01519890356113296,0.0641935957495555,0.0623433312629977,0.04857769218842253,0.04714442770186474
KIDS_165.5_3.5,KIDS_165p5_3p5_r_SDSS.V1.3.0A_KiDS-1347_GAaP_Gaia.fits,KiDS,-0.007561786802056519,-0.006168786802056514,0.1021500960064924,0.1083317954260633,0.10971188280854892,0.11450058222811982
KIDZ_331.5_1.9,OMEGACAM_331p5_1p9_r_SDSS.V1.2.0A_KiDS-1347_GAaP_Gaia.fits,KiDZ,-0.09867028528645641,-0.09859028528645639,-0.0432173643170223,-0.0370251214287867,0.05545292096943411,0.061565163857669684
KIDS_180.0_0.5,KIDS_180p0_0p5_r_SDSS.V1.3.0A_KiDS-1347_GAaP_Gaia.fits,KiDS,0.04818156429440911,0.049462564294409116,0.0486983534732543,0.0617553587484899,0.0005167891788451853,0.012292794454080783
KIDS_180.0_-1.5,KIDS_180p0_m1p5_r_SDSS.V1.3.0A_KiDS-1347_GAaP_Gaia.fits,KiDS,0.10683507151831476,0.10443607151831474,0.1086045428587918,0.104230608906324,0.001769471340477044,-0.00020546261199073934
KIDS_43.3_-29.2,KIDS_43p3_m29p2_r_SDSS.V1.3.0A_KiDS-1347_GAaP_Gaia.fits,KiDS,-0.06026361269741484,-0.06026361269741484,0.0162705348330575,0.0259720814549525,0.07653414753047234,0.08623569415236734
KIDS_186.0_-0.5,KIDS_186p0_m0p5_r_SDSS.V1.3.0A_KiDS-1347_GAaP_Gaia.fits,KiDS,0.05404143767074183,0.05309343767074182,0.1476679290136796,0.1509967606311456,0.09362649134293777,0.09790332296040377
KIDS_46.7_-29.2,KIDS_46p7_m29p2_r_SDSS.V1.3.0A_KiDS-1347_GAaP_Gaia.fits,KiDS,-0.22818315524575836,-0.22818315524575836,-0.0087877106601924,0.0244191789568394,0.21939544458556595,0.25260233420259776
KIDS_216.6_-2.5,KIDS_216p6_m2p5_r_SDSS.V1.3.0A_KiDS-1347_GAaP_Gaia.fits,KiDS,0.27398869591523045,0.27398869591523045,0.3584324266984572,0.3585806052112742,0.08444373078322676,0.08459190929604377
KIDS_40.3_-30.2,KIDS_40p3_m30p2_r_SDSS.V1.3.0A_KiDS-1347_GAaP_Gaia.fits,KiDS,0.029876470038984942,0.029727470038984946,0.2309542878335957,0.2136487131816144,0.20107781779461076,0.18392124314262948
KIDS_168.0_-1.5,KIDS_168p0_m1p5_r_SDSS.V1.3.0A_KiDS-1347_GAaP_Gaia.fits,KiDS,-0.19739702696096548,-0.19748002696096542,-0.1428107996061174,-0.1454487664173578,0.05458622735484808,0.05203126054360763
KIDS_166.5_-2.5,KIDS_166p5_m2p5_r_SDSS.V1.3.0A_KiDS-1347_GAaP_Gaia.fits,KiDS,-0.09838676629177173,-0.09522176629177173,-0.0249966870056688,-0.0139812755383005,0.07339007928610293,0.08124049075347123
KIDS_42.6_-35.1,KIDS_42p6_m35p1_r_SDSS.V1.3.0A_KiDS-1347_GAaP_Gaia.fits,KiDS,-0.08879289002098129,-0.08806889002098128,0.0937551912421727,0.0967874746787716,0.18254808126315397,0.1848563646997529
KIDS_230.0_1.5,KIDS_230p0_1p5_r_SDSS.V1.3.0A_KiDS-1347_GAaP_Gaia.fits,KiDS,-0.02163114920769932,-0.02196414920769932,0.1013030062046946,0.0920710236284426,0.12293415541239391,0.11403517283614192
KIDS_0.0_-28.2,KIDS_0p0_m28p2_r_SDSS.V1.3.0A_KiDS-1347_GAaP_Gaia.fits,KiDS,0.039951622637023745,0.03998962263702374,0.1855943965404314,0.1782987846288327,0.14564277390340763,0.13830916199180895
KIDS_358.8_-32.1,KIDS_358p8_m32p1_r_SDSS.V1.3.0A_KiDS-1347_GAaP_Gaia.fits,KiDS,-0.2231542615381696,-0.22299726153816965,-0.1344113175224756,-0.1149366275936292,0.08874294401569402,0.10806063394454045
KIDS_198.0_1.5,KIDS_198p0_1p5_r_SDSS.V1.3.0A_KiDS-1347_GAaP_Gaia.fits,KiDS,-0.06359523040452045,-0.06186923040452047,0.0439360436294481,0.0483990457877796,0.10753127403396855,0.11026827619230006
KIDS_15.6_-34.1,KIDS_15p6_m34p1_r_SDSS.V1.3.0A_KiDS-1347_GAaP_Gaia.fits,KiDS,-0.04168470326632037,-0.04155970326632036,0.0909981274035028,0.0863888946969179,0.13268283066982317,0.12794859796323826
KIDS_210.0_-0.5,KIDS_210p0_m0p5_r_SDSS.V1.3.0A_KiDS-1347_GAaP_Gaia.fits,KiDS,0.0007525080347864366,0.0007525080347864366,0.0181860913510015,0.0286119962758178,0.017433583316215064,0.027859488241031363
KIDS_159.0_0.5,KIDS_159p0_0p5_r_SDSS.V1.3.0A_KiDS-1347_GAaP_Gaia.fits,KiDS,-0.040802940022018924,-0.039565940022018936,0.176058975107829,0.1750107585546002,0.21686191512984793,0.21457669857661912
KIDS_181.0_-1.5,KIDS_181p0_m1p5_r_SDSS.V1.3.0A_KiDS-1347_GAaP_Gaia.fits,KiDS,0.037251952256014256,0.037251952256014256,0.0327214866978721,0.0372704731025357,-0.004530465558142155,1.8520846521444256e-05
KIDS_224.6_-3.5,KIDS_224p6_m3p5_r_SDSS.V1.3.0A_KiDS-1347_GAaP_Gaia.fits,KiDS,0.06704413144853474,0.06614613144853473,0.1421872274490307,0.1407595919485885,0.07514309600049596,0.07461346050005377
KIDS_187.0_0.5,KIDS_187p0_0p5_r_SDSS.V1.3.0A_KiDS-1347_GAaP_Gaia.fits,KiDS,0.00300937948005614,0.003915379480056144,0.1263316332903633,0.1058129734539897,0.12332225381030715,0.10189759397393355
KIDS_344.2_-35.1,KIDS_344p2_m35p1_r_SDSS.V1.3.0A_KiDS-1347_GAaP_Gaia.fits,KiDS,0.05163555290436519,0.05789555290436519,0.0212910144386217,0.0311692275488985,-0.03034453846574349,-0.02672632535546669
KIDS_43.8_-35.1,KIDS_43p8_m35p1_r_SDSS.V1.3.0A_KiDS-1347_GAaP_Gaia.fits,KiDS,-0.08423591033498637,-0.08423591033498637,0.0938169322259315,0.0876436998892934,0.17805284256091786,0.17187961022427978
KIDS_223.0_-0.5,KIDS_223p0_m0p5_r_SDSS.V1.3.0A_KiDS-1347_GAaP_Gaia.fits,KiDS,0.049699322894859,0.050244322894859,0.1152352606161005,0.115528665247759,0.0655359377212415,0.0652843423529
KIDS_178.0_-0.5,KIDS_178p0_m0p5_r_SDSS.V1.3.0A_KiDS-1347_GAaP_Gaia.fits,KiDS,0.027063787458582317,0.025719787458582305,0.1132288618204795,0.1238966531819801,0.08616507436189719,0.09817686572339779
KIDS_176.5_3.5,KIDS_176p5_3p5_r_SDSS.V1.3.0A_KiDS-1347_GAaP_Gaia.fits,KiDS,0.023046579729527034,0.032477579729527035,0.1125813516692241,0.1209439109616365,0.08953477193969707,0.08846633123210945
KIDS_171.5_-2.5,KIDS_171p5_m2p5_r_SDSS.V1.3.0A_KiDS-1347_GAaP_Gaia.fits,KiDS,-0.16225813639402528,-0.1640041363940253,-0.0758768456775264,-0.0765611641002561,0.08638129071649889,0.08744297229376921
KIDS_186.5_-3.5,KIDS_186p5_m3p5_r_SDSS.V1.3.0A_KiDS-1347_GAaP_Gaia.fits,KiDS,0.0543553985460201,0.056966398546020106,0.1668424448984997,0.1719077790179068,0.1124870463524796,0.11494138047188669
KIDS_27.1_-28.2,KIDS_27p1_m28p2_r_SDSS.V1.3.0A_KiDS-1347_GAaP_Gaia.fits,KiDS,-0.05903725960188133,-0.054266259601881334,-0.0210095850982053,-0.0255616391286894,0.03802767450367603,0.028704620473191934
KIDS_173.5_2.5,KIDS_173p5_2p5_r_SDSS.V1.3.0A_KiDS-1347_GAaP_Gaia.fits,KiDS,0.10352166263820102,0.11260166263820102,0.1592747414729393,0.1705059728879789,0.055753078834738276,0.057904310249777866
KIDS_38.1_-27.2,KIDS_38p1_m27p2_r_SDSS.V1.3.0A_KiDS-1347_GAaP_Gaia.fits,KiDS,-0.08586674361260557,-0.08734874361260556,0.0902691925316403,0.0898139985389172,0.17613593614424589,0.17716274215152275
KIDS_44.9_-27.2,KIDS_44p9_m27p2_r_SDSS.V1.3.0A_KiDS-1347_GAaP_Gaia.fits,KiDS,-0.012052275904364224,-0.01212827590436423,0.0191977097223547,0.0208500935583843,0.031249985626718924,0.03297836946274853
KIDS_13.8_-30.2,KIDS_13p8_m30p2_r_SDSS.V1.3.0A_KiDS-1347_GAaP_Gaia.fits,KiDS,-0.07004090584360592,-0.06787590584360592,0.2288022281955218,0.246292259490602,0.2988431340391277,0.3141681653342079
KIDS_215.6_2.5,KIDS_215p6_2p5_r_SDSS.V1.3.0A_KiDS-1347_GAaP_Gaia.fits,KiDS,-0.06339228918004194,-0.06354228918004193,-0.0391081023138154,-0.037452792526291,0.02428418686622654,0.026089496653750925
KIDS_0.0_-30.2,KIDS_0p0_m30p2_r_SDSS.V1.3.0A_KiDS-1347_GAaP_Gaia.fits,KiDS,-0.02864447309698963,-0.027985473096989635,0.1829964806240109,0.1668488089875394,0.2116409537210005,0.19483428208452902
KIDS_211.0_0.5,KIDS_211p0_0p5_r_SDSS.V1.3.0A_KiDS-1347_GAaP_Gaia.fits,KiDS,0.09685620251713635,0.09822820251713633,0.2004345500135294,0.2067262443081251,0.10357834749639304,0.10849804179098878
KIDS_349.4_-32.1,KIDS_349p4_m32p1_r_SDSS.V1.3.0A_KiDS-1347_GAaP_Gaia.fits,KiDS,0.027873567622111045,0.02947856762211104,0.1131657188340542,0.1116330005748407,0.08529215121194315,0.08215443295272966
KIDS_233.0_1.5,KIDS_233p0_1p5_r_SDSS.V1.3.0A_KiDS-1347_GAaP_Gaia.fits,KiDS,-0.0019062619856361623,-0.001772261985636167,0.0439489855212662,0.058273947675106,0.04585524750690236,0.060046209660742166
KIDS_16.3_-31.2,KIDS_16p3_m31p2_r_SDSS.V1.3.0A_KiDS-1347_GAaP_Gaia.fits,KiDS,0.015614850882247247,0.016562850882247238,0.2731353082595513,0.2723222063443141,0.25752045737730406,0.25575935546206685
KIDS_173.0_-0.5,KIDS_173p0_m0p5_r_SDSS.V1.3.0A_KiDS-1347_GAaP_Gaia.fits,KiDS,0.011194209458528045,0.011227209458528037,0.0293211571379867,0.0319184191793512,0.018126947679458653,0.02069120972082316
KIDS_232.0_1.5,KIDS_232p0_1p5_r_SDSS.V1.3.0A_KiDS-1347_GAaP_Gaia.fits,KiDS,0.0853893834815419,0.08712338348154192,0.185077292628509,0.1813212376731843,0.0996879091469671,0.0941978541916424
KIDS_352.7_-35.1,KIDS_352p7_m35p1_r_SDSS.V1.3.0A_KiDS-1347_GAaP_Gaia.fits,KiDS,-0.040713200736816224,-0.03909220073681621,-0.0053966397828491,0.0028221018268511,0.035316560953967124,0.041914302563667315
KIDS_21.4_-33.1,KIDS_21p4_m33p1_r_SDSS.V1.3.0A_KiDS-1347_GAaP_Gaia.fits,KiDS,-0.016515495525313145,-0.015293495525313144,0.1373269427553323,0.1390936715186759,0.15384243828064545,0.15438716704398905
KIDS_0.0_-29.2,KIDS_0p0_m29p2_r_SDSS.V1.3.0A_KiDS-1347_GAaP_Gaia.fits,KiDS,-0.06483507590038953,-0.0606390759003895,-0.039523812678712,-0.0297340255666632,0.02531126322167753,0.0309050503337263
KIDS_213.0_1.5,KIDS_213p0_1p5_r_SDSS.V1.3.0A_KiDS-1347_GAaP_Gaia.fits,KiDS,0.0816138043117453,0.08307980431174529,0.1800832210407273,0.188654935070604,0.098469416728982,0.1055751307588587
KIDS_166.0_-0.5,KIDS_166p0_m0p5_r_SDSS.V1.3.0A_KiDS-1347_GAaP_Gaia.fits,KiDS,-0.030105308596785216,-0.030283308596785213,0.056058114073204,0.0598936914733361,0.08616342266998922,0.0901770000701213
KIDS_51.6_-34.1,KIDS_51p6_m34p1_r_SDSS.V1.3.0A_KiDS-1347_GAaP_Gaia.fits,KiDS,0.026797683732213445,0.03202868373221345,0.1686282167837517,0.1621944013054463,0.14183053305153825,0.13016571757323284
KIDS_185.5_2.5,KIDS_185p5_2p5_r_SDSS.V1.3.0A_KiDS-1347_GAaP_Gaia.fits,KiDS,0.04478889677825247,0.04417789677825247,0.1003222567086645,0.1063828120878096,0.05553335993041203,0.06220491530955713
KIDS_336.7_-31.2,KIDS_336p7_m31p2_r_SDSS.V1.3.0A_KiDS-1347_GAaP_Gaia.fits,KiDS,-0.03178995999475395,-0.02951595999475394,-0.016222227042687,-0.0195270351559326,0.015567732952066954,0.009988924838821342
KIDS_32.6_-31.2,KIDS_32p6_m31p2_r_SDSS.V1.3.0A_KiDS-1347_GAaP_Gaia.fits,KiDS,0.0842163052108463,0.0895343052108463,0.2426182207880018,0.2476372997218897,0.1584019155771555,0.1581029945110434
KIDS_24.2_-30.2,KIDS_24p2_m30p2_r_SDSS.V1.3.0A_KiDS-1347_GAaP_Gaia.fits,KiDS,-0.06893321614045039,-0.0663842161404504,0.051232147029347,0.0793291232396947,0.1201653631697974,0.14571333938014508
KIDS_235.0_-0.5,KIDS_235p0_m0p5_r_SDSS.V1.3.0A_KiDS-1347_GAaP_Gaia.fits,KiDS,-0.11889076597464734,-0.11812576597464738,-0.0088008647210243,-0.0148236879171671,0.11008990125362304,0.10330207805748029
KIDS_141.0_1.5,KIDS_141p0_1p5_r_SDSS.V1.3.0A_KiDS-1347_GAaP_Gaia.fits,KiDS,-0.12545977701246938,-0.1235857770124694,-0.0858936606212246,-0.0867255051315611,0.039566116391244785,0.03686027188090829
KIDS_15.8_-35.1,KIDS_15p8_m35p1_r_SDSS.V1.3.0A_KiDS-1347_GAaP_Gaia.fits,KiDS,-0.35798136817038284,-0.3578903681703829,-0.296490036430076,-0.289202683895603,0.061491331740306854,0.06868768427477989
KIDS_187.0_-1.5,KIDS_187p0_m1p5_r_SDSS.V1.3.0A_KiDS-1347_GAaP_Gaia.fits,KiDS,0.06741735514347699,0.06938435514347699,0.0702129693581932,0.0698753261002918,0.002795614214716205,0.0004909709568148152
KIDS_159.4_-3.5,KIDS_159p4_m3p5_r_SDSS.V1.3.0A_KiDS-1347_GAaP_Gaia.fits,KiDS,-0.1340742732587171,-0.13455427325871713,0.0016172460432892,0.0084822387732691,0.1356915193020063,0.14303651203198622
KIDS_134.0_0.5,KIDS_134p0_0p5_r_SDSS.V1.3.0A_KiDS-1347_GAaP_Gaia.fits,KiDS,-0.014741888607988196,-0.014211888607988193,0.0608961210457591,0.0689801045916943,0.0756380096537473,0.0831919931996825
KIDS_214.6_-3.5,KIDS_214p6_m3p5_r_SDSS.V1.3.0A_KiDS-1347_GAaP_Gaia.fits,KiDS,-0.10566638770684392,-0.10566638770684392,-0.0664119908859706,-0.0582166693872434,0.03925439682087331,0.047449718319600515
KIDS_176.5_-3.5,KIDS_176p5_m3p5_r_SDSS.V1.3.0A_KiDS-1347_GAaP_Gaia.fits,KiDS,-0.1283564718095053,-0.12759547180950528,-0.0237536503487272,-0.019462872052674,0.1046028214607781,0.10813259975683129
KIDS_183.0_1.5,KIDS_183p0_1p5_r_SDSS.V1.3.0A_KiDS-1347_GAaP_Gaia.fits,KiDS,0.07627562279892185,0.07733362279892185,0.1637476455566489,0.1593310656850101,0.08747202275772704,0.08199744288608825
KIDS_14.0_-31.2,KIDS_14p0_m31p2_r_SDSS.V1.3.0A_KiDS-1347_GAaP_Gaia.fits,KiDS,-0.03456259632949982,-0.03434559632949982,0.0032748163981913,0.0105737078314757,0.037837412727691117,0.044919304160975525
KIDS_194.5_2.5,KIDS_194p5_2p5_r_SDSS.V1.3.0A_KiDS-1347_GAaP_Gaia.fits,KiDS,-0.0893990061280441,-0.08910300612804409,-0.0576202603498859,-0.0545077670060938,0.03177874577815821,0.03459523912195029
KIDS_191.5_-2.5,KIDS_191p5_m2p5_r_SDSS.V1.3.0A_KiDS-1347_GAaP_Gaia.fits,KiDS,-0.08358982144804697,-0.07985382144804698,-0.0576046315817258,-0.0540957827570614,0.025985189866321166,0.025758038690985578
KIDS_35.3_-29.2,KIDS_35p3_m29p2_r_SDSS.V1.3.0A_KiDS-1347_GAaP_Gaia.fits,KiDS,-0.10227969310786508,-0.10083769310786508,0.1175151172346671,0.1058355809150111,0.21979481034253218,0.20667327402287616
KIDS_9.0_-27.2,KIDS_9p0_m27p2_r_SDSS.V1.3.0A_KiDS-1347_GAaP_Gaia.fits,KiDS,-0.12535697695825299,-0.126189976958253,-0.0106424811345783,0.0021906111287062,0.11471449582367468,0.12838058808695918
KIDS_4.6_-29.2,KIDS_4p6_m29p2_r_SDSS.V1.3.0A_KiDS-1347_GAaP_Gaia.fits,KiDS,-0.029979933124086602,-0.029979933124086602,0.1567504531060053,0.1634204436070658,0.18673038623009192,0.1934003767311524
KIDS_35.9_-27.2,KIDS_35p9_m27p2_r_SDSS.V1.3.0A_KiDS-1347_GAaP_Gaia.fits,KiDS,-0.09303928821636526,-0.09338728821636524,-0.0545037195114254,-0.050118187038024,0.038535568704939856,0.04326910117834124
KIDS_191.5_2.5,KIDS_191p5_2p5_r_SDSS.V1.3.0A_KiDS-1347_GAaP_Gaia.fits,KiDS,-0.09476420295338356,-0.09212820295338356,-0.1122762255266922,-0.0908394854271768,-0.01751202257330864,0.0012887175262067535
KIDS_1.2_-32.1,KIDS_1p2_m32p1_r_SDSS.V1.3.0A_KiDS-1347_GAaP_Gaia.fits,KiDS,0.07134522585707673,0.07142522585707674,0.2282518845322042,0.2407400858424888,0.15690665867512749,0.16931485998541207
KIDS_31.6_-35.1,KIDS_31p6_m35p1_r_SDSS.V1.3.0A_KiDS-1347_GAaP_Gaia.fits,KiDS,-0.08328907509913039,-0.08602007509913037,-0.0270539186512167,-0.0353774474468432,0.05623515644791369,0.05064262765228717
KIDS_14.8_-29.2,KIDS_14p8_m29p2_r_SDSS.V1.3.0A_KiDS-1347_GAaP_Gaia.fits,KiDS,-0.05685538661792561,-0.056564386617925594,0.1104619932787765,0.0896266230359484,0.1673173798967021,0.146191009653874
KIDS_229.0_1.5,KIDS_229p0_1p5_r_SDSS.V1.3.0A_KiDS-1347_GAaP_Gaia.fits,KiDS,-0.04768525947946686,-0.04683825947946685,0.0043355637693934,-0.0005886711033243,0.05202082324886026,0.04624958837614255
KIDS_194.0_-1.5,KIDS_194p0_m1p5_r_SDSS.V1.3.0A_KiDS-1347_GAaP_Gaia.fits,KiDS,-0.12307081003160333,-0.12091081003160328,-0.1515687796282371,-0.1335348622240007,-0.028497969596633754,-0.012624052192397428
KIDS_8.2_-31.2,KIDS_8p2_m31p2_r_SDSS.V1.3.0A_KiDS-1347_GAaP_Gaia.fits,KiDS,-0.10712004155009666,-0.10457004155009667,0.0335236913733419,0.0427366723404166,0.14064373292343857,0.14730671389051325
KIDS_186.5_3.5,KIDS_186p5_3p5_r_SDSS.V1.3.0A_KiDS-1347_GAaP_Gaia.fits,KiDS,0.03380539299255938,0.03380539299255938,0.0894514997683627,0.1073851713632413,0.05564610677580332,0.07357977837068191
KIDS_219.0_1.5,KIDS_219p0_1p5_r_SDSS.V1.3.0A_KiDS-1347_GAaP_Gaia.fits,KiDS,0.03490672255815351,0.03462372255815352,0.13930682948033,0.133626292702465,0.10440010692217648,0.09900257014431149
KIDS_330.6_-32.1,KIDS_330p6_m32p1_r_SDSS.V1.3.0A_KiDS-1347_GAaP_Gaia.fits,KiDS,0.015151001872680592,0.016498001872680593,0.0714020294476776,0.0768963001670792,0.056251027574997,0.060398298294398606
KIDS_335.7_-35.1,KIDS_335p7_m35p1_r_SDSS.V1.3.0A_KiDS-1347_GAaP_Gaia.fits,KiDS,-0.305494937441822,-0.305494937441822,-0.284069502885856,-0.2768895013669318,0.021425434555966016,0.02860543607489019
KIDS_11.4_-29.2,KIDS_11p4_m29p2_r_SDSS.V1.3.0A_KiDS-1347_GAaP_Gaia.fits,KiDS,-0.0555356547299892,-0.05295565472998923,0.0691981391278144,0.0881663819959857,0.1247337938578036,0.14112203672597493
KIDS_25.3_-30.2,KIDS_25p3_m30p2_r_SDSS.V1.3.0A_KiDS-1347_GAaP_Gaia.fits,KiDS,0.0827242888751479,0.0840522888751479,0.2194501745306266,0.2331138479749783,0.1367258856554787,0.1490615590998304
KIDS_172.0_-0.5,KIDS_172p0_m0p5_r_SDSS.V1.3.0A_KiDS-1347_GAaP_Gaia.fits,KiDS,0.020313542686730995,0.02177054268673098,0.0684222872804142,0.0960219746417123,0.04810874459368321,0.07425143195498132
KIDS_213.6_2.5,KIDS_213p6_2p5_r_SDSS.V1.3.0A_KiDS-1347_GAaP_Gaia.fits,KiDS,-0.030430357550313786,-0.029970357550313784,0.0326144913757906,0.0409120816240475,0.06304484892610439,0.07088243917436128
KIDS_22.6_-33.1,KIDS_22p6_m33p1_r_SDSS.V1.3.0A_KiDS-1347_GAaP_Gaia.fits,KiDS,-0.0766346444327643,-0.0763566444327643,0.090248995808842,0.0943981132068305,0.1668836402416063,0.1707547576395948
KIDS_336.9_-35.1,KIDS_336p9_m35p1_r_SDSS.V1.3.0A_KiDS-1347_GAaP_Gaia.fits,KiDS,-0.0139121565720903,-0.013949156572090296,0.0368162494556885,0.0510586246045936,0.050728406027778804,0.0650077811766839
KIDS_50.6_-32.1,KIDS_50p6_m32p1_r_SDSS.V1.3.0A_KiDS-1347_GAaP_Gaia.fits,KiDS,0.09465300846241931,0.0954200084624193,0.2426805790983256,0.240922932888992,0.1480275706359063,0.1455029244265727
KIDS_135.0_0.5,KIDS_135p0_0p5_r_SDSS.V1.3.0A_KiDS-1347_GAaP_Gaia.fits,KiDS,0.08685513306875839,0.08911113306875837,0.0698426102859779,0.0746347248854123,-0.017012522782780495,-0.01447640818334607
KIDS_174.0_-0.5,KIDS_174p0_m0p5_r_SDSS.V1.3.0A_KiDS-1347_GAaP_Gaia.fits,KiDS,0.04569033970282574,0.04748533970282573,0.0449023820056121,0.0651336874477061,-0.0007879576972136398,0.017648347744880374
KIDS_29.6_-29.2,KIDS_29p6_m29p2_r_SDSS.V1.3.0A_KiDS-1347_GAaP_Gaia.fits,KiDS,-0.03542509640875113,-0.03524809640875112,0.1483140748005303,0.1523107159495184,0.18373917120928143,0.18755881235826952
KIDS_5.9_-33.1,KIDS_5p9_m33p1_r_SDSS.V1.3.0A_KiDS-1347_GAaP_Gaia.fits,KiDS,0.056947764870618894,0.058211764870618896,0.2440919784820326,0.2464439988217482,0.1871442136114137,0.1882322339511293
KIDS_170.5_2.5,KIDS_170p5_2p5_r_SDSS.V1.3.0A_KiDS-1347_GAaP_Gaia.fits,KiDS,-0.1469379281330692,-0.14627292813306916,-0.104629026334605,-0.0871864671610889,0.042308901798464194,0.05908646097198027
KIDS_49.0_-29.2,KIDS_49p0_m29p2_r_SDSS.V1.3.0A_KiDS-1347_GAaP_Gaia.fits,KiDS,-0.052214188122355815,-0.0521741881223558,0.0272835447830246,0.0577425680994656,0.07949773290538041,0.1099167562218214
KIDS_221.0_-1.5,KIDS_221p0_m1p5_r_SDSS.V1.3.0A_KiDS-1347_GAaP_Gaia.fits,KiDS,0.10119574473554573,0.10193974473554572,0.1434430382185514,0.1501032424260833,0.04224729348300567,0.048163497690537585
KIDS_332.0_-27.2,KIDS_332p0_m27p2_r_SDSS.V1.3.0A_KiDS-1347_GAaP_Gaia.fits,KiDS,0.06199748268524693,0.06505748268524694,0.1313584276453805,0.1205879187621149,0.06936094496013356,0.05553043607686796
KIDS_132.0_0.5,KIDS_132p0_0p5_r_SDSS.V1.3.0A_KiDS-1347_GAaP_Gaia.fits,KiDS,0.032219135595887564,0.03246613559588756,0.073521445857236,0.0656353881608339,0.04130231026134843,0.03316925256494634
KIDS_30.6_-32.1,KIDS_30p6_m32p1_r_SDSS.V1.3.0A_KiDS-1347_GAaP_Gaia.fits,KiDS,-0.0015087477444371833,-0.00022874774443717993,0.054177194666269,0.0384993062625883,0.055685942410706187,0.03872805400702548
KIDS_191.5_-3.5,KIDS_191p5_m3p5_r_SDSS.V1.3.0A_KiDS-1347_GAaP_Gaia.fits,KiDS,-0.019283264973662007,-0.019283264973662007,0.0632459251322216,0.0700959054020141,0.08252919010588361,0.08937917037567611
KIDS_210.0_0.5,KIDS_210p0_0p5_r_SDSS.V1.3.0A_KiDS-1347_GAaP_Gaia.fits,KiDS,0.03786729424068666,0.03808129424068667,0.1180474677187121,0.1260855023109684,0.08018017347802545,0.08800420807028174
KIDS_162.0_0.5,KIDS_162p0_0p5_r_SDSS.V1.3.0A_KiDS-1347_GAaP_Gaia.fits,KiDS,0.012886073550536281,0.015031073550536289,0.0636014300148425,0.0470840353326737,0.05071535646430622,0.03205296178213741
KIDS_203.0_-0.5,KIDS_203p0_m0p5_r_SDSS.V1.3.0A_KiDS-1347_GAaP_Gaia.fits,KiDS,-0.05192111869292712,-0.04886211869292709,0.0723367050029643,0.0708021233298453,0.12425782369589142,0.11966424202277239
KIDS_185.5_-3.5,KIDS_185p5_m3p5_r_SDSS.V1.3.0A_KiDS-1347_GAaP_Gaia.fits,KiDS,0.048182730229856044,0.048309730229856046,0.1904299281130833,0.1859767846478705,0.14224719788322726,0.13766705441801447
KIDS_39.2_-33.1,KIDS_39p2_m33p1_r_SDSS.V1.3.0A_KiDS-1347_GAaP_Gaia.fits,KiDS,-0.028781724336940206,-0.028418724336940204,0.0994842967546089,0.091781701142761,0.1282660210915491,0.12020042547970121
KIDS_26.8_-31.2,KIDS_26p8_m31p2_r_SDSS.V1.3.0A_KiDS-1347_GAaP_Gaia.fits,KiDS,0.015893103031022912,0.014859103031022919,0.1865802492278367,0.1913375972732746,0.1706871461968138,0.17647849424225168
KIDS_344.4_-34.1,KIDS_344p4_m34p1_r_SDSS.V1.3.0A_KiDS-1347_GAaP_Gaia.fits,KiDS,-0.09741695305972062,-0.0968439530597206,-0.0273802268394666,-0.0252367829940085,0.07003672622025402,0.0716071700657121
KIDS_133.0_-1.5,KIDS_133p0_m1p5_r_SDSS.V1.3.0A_KiDS-1347_GAaP_Gaia.fits,KiDS,0.06437010099282967,0.06465610099282965,0.0400272296062243,0.0442637823753599,-0.024342871386605368,-0.02039231861746975
KIDS_329.5_-28.2,KIDS_329p5_m28p2_r_SDSS.V1.3.0A_KiDS-1347_GAaP_Gaia.fits,KiDS,-0.014028570107686766,-0.012998570107686777,0.0638649906376833,0.0703464329744125,0.07789356074537007,0.08334500308209927
KIDS_22.8_-34.1,KIDS_22p8_m34p1_r_SDSS.V1.3.0A_KiDS-1347_GAaP_Gaia.fits,KiDS,-0.05305648875078944,-0.05097348875078944,-0.0013304002880087,0.0155174690659247,0.05172608846278074,0.06649095781671414
KIDS_51.1_-33.1,KIDS_51p1_m33p1_r_SDSS.V1.3.0A_KiDS-1347_GAaP_Gaia.fits,KiDS,0.06765237748209271,0.07403637748209271,0.2074350531879016,0.2119083313960703,0.13978267570580888,0.13787195391397758
KIDS_200.6_-2.5,KIDS_200p6_m2p5_r_SDSS.V1.3.0A_KiDS-1347_GAaP_Gaia.fits,KiDS,0.0787647948329796,0.0814757948329796,0.0799225367455462,0.0768849400686305,0.0011577419125665955,-0.004590854764349103
KIDS_340.8_-34.1,KIDS_340p8_m34p1_r_SDSS.V1.3.0A_KiDS-1347_GAaP_Gaia.fits,KiDS,-0.10896846267880977,-0.10936046267880978,-0.055452218467608,-0.0469329984198377,0.053516244211201776,0.062427464258972075
KIDS_45.1_-28.2,KIDS_45p1_m28p2_r_SDSS.V1.3.0A_KiDS-1347_GAaP_Gaia.fits,KiDS,-0.05723233805930425,-0.057153338059304254,0.2115717952116951,0.2011977182783638,0.2688041332709994,0.2583510563376681
KIDS_136.4_2.5,KIDS_136p4_2p5_r_SDSS.V1.3.0A_KiDS-1347_GAaP_Gaia.fits,KiDS,0.04490667958247335,0.04503667958247334,0.1130428904549624,0.1214681997742466,0.06813621087248904,0.07643152019177325
KIDS_183.0_0.5,KIDS_183p0_0p5_r_SDSS.V1.3.0A_KiDS-1347_GAaP_Gaia.fits,KiDS,0.0478562339938674,0.0479522339938674,0.1157686230949612,0.1242748239936915,0.0679123891010938,0.0763225899998241
KIDS_135.0_-1.5,KIDS_135p0_m1p5_r_SDSS.V1.3.0A_KiDS-1347_GAaP_Gaia.fits,KiDS,0.04264319413389845,0.04347219413389845,0.0106718035763645,0.0309351485703114,-0.03197139055753395,-0.012537045563587045
KIDS_180.5_-2.5,KIDS_180p5_m2p5_r_SDSS.V1.3.0A_KiDS-1347_GAaP_Gaia.fits,KiDS,0.005079384583631968,0.005068384583631971,0.0710271338011236,0.0696397960747279,0.06594774921749164,0.06457141149109592
KIDS_357.7_-31.2,KIDS_357p7_m31p2_r_SDSS.V1.3.0A_KiDS-1347_GAaP_Gaia.fits,KiDS,0.11341070188160964,0.11520770188160963,0.1253242213532057,0.131831203044235,0.011913519471596065,0.016623501162625384
KIDS_9.4_-32.1,KIDS_9p4_m32p1_r_SDSS.V1.3.0A_KiDS-1347_GAaP_Gaia.fits,KiDS,-0.13320579460474904,-0.14069379460474904,-0.0130829245752128,-0.0076381687414278,0.12012287002953624,0.13305562586332123
KIDS_167.5_3.5,KIDS_167p5_3p5_r_SDSS.V1.3.0A_KiDS-1347_GAaP_Gaia.fits,KiDS,-0.09713389589877205,-0.09707589589877205,0.0206639099420145,0.0352882493213545,0.11779780584078656,0.13236414522012654
KIDS_160.0_0.5,KIDS_160p0_0p5_r_SDSS.V1.3.0A_KiDS-1347_GAaP_Gaia.fits,KiDS,-0.014885360734435527,-0.014523360734435525,0.1132160946255955,0.1186293311527922,0.12810145536003104,0.13315269188722773
KIDZ_34.5_-5.0,OMEGACAM_34p5_m5p0_r_SDSS.V1.2.0A_KiDS-1347_GAaP_Gaia.fits,KiDZ,-0.09135168305533839,-0.09075468305533838,0.0372590975232065,0.0332723623790172,0.1286107805785449,0.12402704543435558
KIDS_190.5_2.5,KIDS_190p5_2p5_r_SDSS.V1.3.0A_KiDS-1347_GAaP_Gaia.fits,KiDS,-0.05742725760039605,-0.05737425760039602,-0.0200386814747218,-0.0063019541104585,0.03738857612567425,0.05107230348993752
KIDZ_332.5_1.9,OMEGACAM_332p5_1p9_r_SDSS.V1.2.0A_KiDS-1347_GAaP_Gaia.fits,KiDZ,-0.07936894061623936,-0.07937394061623934,-0.0360475289298859,-0.035902444333567,0.043321411686353464,0.04347149628267234
KIDS_34.8_-27.2,KIDS_34p8_m27p2_r_SDSS.V1.3.0A_KiDS-1347_GAaP_Gaia.fits,KiDS,-0.09591170148071979,-0.09415670148071978,-0.0659412065974151,-0.0752770791377323,0.02997049488330468,0.018879622342987484
KIDS_23.0_-30.2,KIDS_23p0_m30p2_r_SDSS.V1.3.0A_KiDS-1347_GAaP_Gaia.fits,KiDS,0.06186012426282547,0.06262612426282547,0.309519204343843,0.3187308484142359,0.24765908008101753,0.2561047241514104
KIDS_182.5_-3.5,KIDS_182p5_m3p5_r_SDSS.V1.3.0A_KiDS-1347_GAaP_Gaia.fits,KiDS,-0.03569533905084152,-0.033185339050841506,0.0192643633580896,0.0286846731747803,0.05495970240893112,0.0618700122256218
KIDS_216.6_-3.5,KIDS_216p6_m3p5_r_SDSS.V1.3.0A_KiDS-1347_GAaP_Gaia.fits,KiDS,0.05066273344185816,0.05283273344185817,0.1328994332250838,0.1465512688162084,0.08223669978322563,0.09371853537435022
KIDS_337.2_-34.1,KIDS_337p2_m34p1_r_SDSS.V1.3.0A_KiDS-1347_GAaP_Gaia.fits,KiDS,0.0451072433069261,0.0485892433069261,0.102616498725835,0.0990483028844086,0.0575092554189089,0.05045905957748251
KIDS_190.0_0.5,KIDS_190p0_0p5_r_SDSS.V1.3.0A_KiDS-1347_GAaP_Gaia.fits,KiDS,0.04030877280234488,0.038668772802344875,0.1477518848404105,0.1354029673280011,0.10744311203806561,0.09673419452565624
KIDS_205.6_2.5,KIDS_205p6_2p5_r_SDSS.V1.3.0A_KiDS-1347_GAaP_Gaia.fits,KiDS,-0.0747596001735977,-0.07383960017359772,-0.0167533241860778,-0.0047370248759262,0.0580062759875199,0.06910257529767153
KIDS_193.0_-0.5,KIDS_193p0_m0p5_r_SDSS.V1.3.0A_KiDS-1347_GAaP_Gaia.fits,KiDS,-0.038413038592826326,-0.039764038592826345,0.018286103242024,0.0293948566187288,0.05669914183485032,0.06915889521155515
KIDS_41.4_-30.2,KIDS_41p4_m30p2_r_SDSS.V1.3.0A_KiDS-1347_GAaP_Gaia.fits,KiDS,0.08741818453034851,0.0880761845303485,0.2818319152696698,0.289459429147931,0.19441373073932128,0.2013832446175825
KIDS_133.0_1.5,KIDS_133p0_1p5_r_SDSS.V1.3.0A_KiDS-1347_GAaP_Gaia.fits,KiDS,0.037789746099168665,0.04107374609916867,0.0688459101149391,0.0641725001999357,0.03105616401577043,0.023098754100767033
KIDS_158.4_2.5,KIDS_158p4_2p5_r_SDSS.V1.3.0A_KiDS-1347_GAaP_Gaia.fits,KiDS,-0.18554552914537834,-0.1850495291453784,-0.0821263051471882,-0.0423673217367299,0.10341922399819013,0.1426822074086485
KIDS_6.8_-28.2,KIDS_6p8_m28p2_r_SDSS.V1.3.0A_KiDS-1347_GAaP_Gaia.fits,KiDS,-0.05024577200550309,-0.049554772005503095,0.0585920505389197,0.0547259192259371,0.10883782254442279,0.1042806912314402
KIDS_166.5_2.5,KIDS_166p5_2p5_r_SDSS.V1.3.0A_KiDS-1347_GAaP_Gaia.fits,KiDS,-0.18421860683355393,-0.18421860683355393,-0.0887655846439161,-0.0766582716175776,0.09545302218963783,0.10756033521597633
KIDS_9.2_-30.2,KIDS_9p2_m30p2_r_SDSS.V1.3.0A_KiDS-1347_GAaP_Gaia.fits,KiDS,-0.10702730023229834,-0.10640530023229836,0.0736313640006078,0.077950798240251,0.18065866423290614,0.18435609847254936
KIDS_37.2_-28.2,KIDS_37p2_m28p2_r_SDSS.V1.3.0A_KiDS-1347_GAaP_Gaia.fits,KiDS,-0.14588367251226267,-0.1451786725122627,0.0194459904465874,0.0289432855748891,0.16532966295885007,0.1741219580871518
KIDS_137.4_2.5,KIDS_137p4_2p5_r_SDSS.V1.3.0A_KiDS-1347_GAaP_Gaia.fits,KiDS,-0.037751328671470935,-0.03690832867147095,0.0354594985274285,0.0491246647315069,0.07321082719889943,0.08603299340297785
KIDS_164.0_0.5,KIDS_164p0_0p5_r_SDSS.V1.3.0A_KiDS-1347_GAaP_Gaia.fits,KiDS,-0.022946408374314456,-0.011880408374314463,0.1085819500389115,0.1189563473854053,0.13152835841322597,0.13083675575971976
KIDS_186.5_2.5,KIDS_186p5_2p5_r_SDSS.V1.3.0A_KiDS-1347_GAaP_Gaia.fits,KiDS,-0.08286345305972062,-0.08335445305972061,-0.0032801534381933,0.0123557611203676,0.07958329962152733,0.09571021418008821
KIDS_214.6_-2.5,KIDS_214p6_m2p5_r_SDSS.V1.3.0A_KiDS-1347_GAaP_Gaia.fits,KiDS,0.07083688360080576,0.07114488360080576,0.1610957242148105,0.1670476191732207,0.09025884061400474,0.09590273557241494
KIDS_194.5_-2.5,KIDS_194p5_m2p5_r_SDSS.V1.3.0A_KiDS-1347_GAaP_Gaia.fits,KiDS,-0.058523702387781845,-0.058209702387781836,0.0149441423148555,0.0162332153869908,0.07346784470263734,0.07444291777477263
KIDS_226.6_2.5,KIDS_226p6_2p5_r_SDSS.V1.3.0A_KiDS-1347_GAaP_Gaia.fits,KiDS,-0.07613705113171723,-0.07599105113171725,0.0261545676765381,0.0252864563941388,0.10229161880825532,0.10127750752585606
KIDS_188.5_3.5,KIDS_188p5_3p5_r_SDSS.V1.3.0A_KiDS-1347_GAaP_Gaia.fits,KiDS,-0.19515291506896768,-0.19555191506896766,-0.0818292330907283,-0.0808491630385981,0.11332368197823937,0.11470275203036956
KIDS_199.6_3.5,KIDS_199p6_3p5_r_SDSS.V1.3.0A_KiDS-1347_GAaP_Gaia.fits,KiDS,0.033745462178672886,0.03418246217867288,0.1313851256374344,0.1447896269266886,0.09763966345876152,0.11060716474801571
KIDS_196.0_1.5,KIDS_196p0_1p5_r_SDSS.V1.3.0A_KiDS-1347_GAaP_Gaia.fits,KiDS,-0.24263943504945526,-0.23869543504945526,-0.2550640279603781,-0.2403438070201539,-0.012424592910922821,-0.0016483719706986422
KIDS_3.4_-29.2,KIDS_3p4_m29p2_r_SDSS.V1.3.0A_KiDS-1347_GAaP_Gaia.fits,KiDS,-0.0630875991207325,-0.061741599120732515,-0.0367702874308629,-0.0423512104609975,0.026317311689869602,0.019390388659735018
KIDS_10.4_-30.2,KIDS_10p4_m30p2_r_SDSS.V1.3.0A_KiDS-1347_GAaP_Gaia.fits,KiDS,-0.09102578948609316,-0.08926378948609318,0.0315931061036791,0.0487184013271604,0.12261889558977226,0.13798219081325358
KIDS_7.2_-34.1,KIDS_7p2_m34p1_r_SDSS.V1.3.0A_KiDS-1347_GAaP_Gaia.fits,KiDS,0.07436231743822162,0.07436231743822162,0.0980717114118876,0.1264664496233933,0.023709393973665976,0.05210413218517167
KIDS_195.0_-1.5,KIDS_195p0_m1p5_r_SDSS.V1.3.0A_KiDS-1347_GAaP_Gaia.fits,KiDS,-0.09147713196801074,-0.09045313196801075,-0.0429141316447012,-0.0256323489960043,0.04856300032330954,0.06482078297200644
KIDS_358.8_-31.2,KIDS_358p8_m31p2_r_SDSS.V1.3.0A_KiDS-1347_GAaP_Gaia.fits,KiDS,0.0016981681276480032,0.001670168127648003,0.1012165476477582,0.1114109278860212,0.0995183795201102,0.10974075975837319
KIDS_175.5_-2.5,KIDS_175p5_m2p5_r_SDSS.V1.3.0A_KiDS-1347_GAaP_Gaia.fits,KiDS,0.12426363205746938,0.12559463205746937,0.1703640594552898,0.1648431655213849,0.046100427397820415,0.03924853346391552
KIDS_329.6_-35.1,KIDS_329p6_m35p1_r_SDSS.V1.3.0A_KiDS-1347_GAaP_Gaia.fits,KiDS,0.05629129466730183,0.05853829466730183,0.1253457834608819,0.1228752675473231,0.06905448879358007,0.06433697288002127
KIDS_23.3_-31.2,KIDS_23p3_m31p2_r_SDSS.V1.3.0A_KiDS-1347_GAaP_Gaia.fits,KiDS,-0.019706950697023717,-0.01954195069702372,0.106778462694048,0.121379912606085,0.12648541339107172,0.1409218633031087
KIDS_229.6_2.5,KIDS_229p6_2p5_r_SDSS.V1.3.0A_KiDS-1347_GAaP_Gaia.fits,KiDS,-0.004690724215055189,-0.006123724215055193,0.5728093807733512,3.553319162386094,0.5775001049884064,3.559442886601149
KIDS_13.5_-27.2,KIDS_13p5_m27p2_r_SDSS.V1.3.0A_KiDS-1347_GAaP_Gaia.fits,KiDS,-0.10212565715609326,-0.10087065715609325,-0.0453069004775367,-0.0336302775793627,0.056818756678556556,0.06724037957673056
KIDS_348.5_-30.2,KIDS_348p5_m30p2_r_SDSS.V1.3.0A_KiDS-1347_GAaP_Gaia.fits,KiDS,0.06310074036221003,0.06249174036221004,0.1374838973853693,0.1440143952469253,0.07438315702315929,0.08152265488471527
KIDS_20.3_-28.2,KIDS_20p3_m28p2_r_SDSS.V1.3.0A_KiDS-1347_GAaP_Gaia.fits,KiDS,-0.027080801918905842,-0.026053801918905842,0.0104430855715301,0.022871145516218,0.03752388749043594,0.04892494743512384
KIDS_160.4_3.5,KIDS_160p4_3p5_r_SDSS.V1.3.0A_KiDS-1347_GAaP_Gaia.fits,KiDS,-0.13057350669339676,-0.13031750669339673,-0.0410317877698483,-0.03422896057583,0.08954171892354845,0.09608854611756673
KIDS_4.8_-34.1,KIDS_4p8_m34p1_r_SDSS.V1.3.0A_KiDS-1347_GAaP_Gaia.fits,KiDS,0.031734241429833956,0.03218824142983395,0.1338751862730044,0.1484110423291766,0.10214094484317045,0.11622280089934264
KIDS_1.2_-33.1,KIDS_1p2_m33p1_r_SDSS.V1.3.0A_KiDS-1347_GAaP_Gaia.fits,KiDS,0.06445453193848594,0.07123953193848594,0.0886271441531992,0.0807580982538216,0.024172612214713257,0.009518566315335666
KIDS_164.5_-3.5,KIDS_164p5_m3p5_r_SDSS.V1.3.0A_KiDS-1347_GAaP_Gaia.fits,KiDS,-0.12520658485052547,-0.12413658485052548,-0.0177796821465203,0.0065830188249731,0.10742690270400516,0.13071960367549856
KIDS_345.4_-35.1,KIDS_345p4_m35p1_r_SDSS.V1.3.0A_KiDS-1347_GAaP_Gaia.fits,KiDS,-0.04764082314442861,-0.04716982314442861,-0.0328949468305493,-0.0332694039535905,0.01474587631387931,0.013900419190838106
KIDS_42.9_-28.2,KIDS_42p9_m28p2_r_SDSS.V1.3.0A_KiDS-1347_GAaP_Gaia.fits,KiDS,-0.12907438944794722,-0.12907438944794722,-0.0237101131327532,-0.0219002960026378,0.10536427631519402,0.10717409344530943
KIDS_168.0_0.5,KIDS_168p0_0p5_r_SDSS.V1.3.0A_KiDS-1347_GAaP_Gaia.fits,KiDS,-0.027404609873330404,-0.026129609873330406,0.0862444835690121,0.0913891606972588,0.1136490934423425,0.11751877057058921
KIDS_218.0_0.5,KIDS_218p0_0p5_r_SDSS.V1.3.0A_KiDS-1347_GAaP_Gaia.fits,KiDS,0.051274600702131794,0.0523526007021318,0.0993092903050053,0.0935764504771236,0.0480346896028735,0.04122384977499179
KIDS_170.5_3.5,KIDS_170p5_3p5_r_SDSS.V1.3.0A_KiDS-1347_GAaP_Gaia.fits,KiDS,0.013605392329059829,0.015777392329059836,0.1382234894380147,0.1600412786856125,0.12461809710895488,0.14426388635655266
KIDS_37.3_-31.2,KIDS_37p3_m31p2_r_SDSS.V1.3.0A_KiDS-1347_GAaP_Gaia.fits,KiDS,-0.013212126560643939,-0.004600126560643944,0.1644432961566141,0.1879920763384833,0.17765542271725804,0.19259220289912726
KIDS_181.5_3.5,KIDS_181p5_3p5_r_SDSS.V1.3.0A_KiDS-1347_GAaP_Gaia.fits,KiDS,0.009297040550209662,0.009899040550209667,0.0286956095188043,0.0253965540178407,0.019398568968594637,0.015497513467631032
KIDS_341.8_-29.2,KIDS_341p8_m29p2_r_SDSS.V1.3.0A_KiDS-1347_GAaP_Gaia.fits,KiDS,0.12890217219711908,0.1282981721971191,0.1409249562637862,0.1443292901854627,0.012022784066667125,0.016031117988343613
KIDS_179.5_-3.5,KIDS_179p5_m3p5_r_SDSS.V1.3.0A_KiDS-1347_GAaP_Gaia.fits,KiDS,0.03458394723722534,0.03669294723722534,0.0791671419498019,0.0849192074600847,0.04458319471257656,0.04822626022285936
KIDS_236.0_-0.5,KIDS_236p0_m0p5_r_SDSS.V1.3.0A_KiDS-1347_GAaP_Gaia.fits,KiDS,0.025628712194356543,0.027453712194356536,0.1361965507626266,0.1356167584460397,0.11056783856827006,0.10816304625168317
KIDS_196.0_0.5,KIDS_196p0_0p5_r_SDSS.V1.3.0A_KiDS-1347_GAaP_Gaia.fits,KiDS,0.06479196410888785,0.06483596410888787,0.074966390953884,0.0860555394283387,0.010174426844996143,0.02121957531945083
KIDS_157.4_3.5,KIDS_157p4_3p5_r_SDSS.V1.3.0A_KiDS-1347_GAaP_Gaia.fits,KiDS,-0.15491221181551243,-0.14745121181551243,-0.0418813221385279,-0.0263385414339053,0.11303088967698452,0.12111267038160714
KIDS_190.5_-2.5,KIDS_190p5_m2p5_r_SDSS.V1.3.0A_KiDS-1347_GAaP_Gaia.fits,KiDS,-0.15824052480980075,-0.15824052480980075,-0.0937917445166962,-0.1009526880099715,0.06444878029310455,0.05728783679982925
KIDS_229.0_-0.5,KIDS_229p0_m0p5_r_SDSS.V1.3.0A_KiDS-1347_GAaP_Gaia.fits,KiDS,-0.006338510452078977,-0.005199510452078976,0.0050268470861123,0.0009523790299476,0.011365357538191276,0.006151889482026576
KIDS_234.0_-1.5,KIDS_234p0_m1p5_r_SDSS.V1.3.0A_KiDS-1347_GAaP_Gaia.fits,KiDS,-0.1218433692358265,-0.1214813692358265,-0.0480848409370534,-0.0639622890489889,0.07375852829877311,0.0575190801868376
KIDS_8.1_-30.2,KIDS_8p1_m30p2_r_SDSS.V1.3.0A_KiDS-1347_GAaP_Gaia.fits,KiDS,-0.07593236125289993,-0.07494436125289991,-0.0225315764270206,-0.02853971960197,0.05340078482587933,0.04640464165092991
KIDS_150.1_2.2,KIDS_150p1_2p2_r_SDSS.V1.3.0A_KiDS-1347_GAaP_Gaia.fits,KiDS,0.007320340547216017,0.008133340547216011,0.0631479017835697,0.0839553892506199,0.055827561236353684,0.0758220487034039
KIDS_7.0_-31.2,KIDS_7p0_m31p2_r_SDSS.V1.3.0A_KiDS-1347_GAaP_Gaia.fits,KiDS,0.016269695751667812,0.020909695751667803,0.0602705473719234,0.0630683356497347,0.04400085162025559,0.042158639898066896
KIDS_18.2_-29.2,KIDS_18p2_m29p2_r_SDSS.V1.3.0A_KiDS-1347_GAaP_Gaia.fits,KiDS,-0.08232478503066917,-0.07707778503066917,0.0780642057613751,0.0855466792479856,0.16038899079204427,0.1626244642786548
KIDS_182.5_2.5,KIDS_182p5_2p5_r_SDSS.V1.3.0A_KiDS-1347_GAaP_Gaia.fits,KiDS,0.1381180560225514,0.1385290560225514,0.1535100636170402,0.168986347354438,0.015392007594488805,0.0304572913318866
KIDS_204.6_-2.5,KIDS_204p6_m2p5_r_SDSS.V1.3.0A_KiDS-1347_GAaP_Gaia.fits,KiDS,-0.16613015555210806,-0.16613015555210806,-0.033494887084852,-0.0277017358361008,0.13263526846725604,0.13842841971600725
KIDS_217.0_-1.5,KIDS_217p0_m1p5_r_SDSS.V1.3.0A_KiDS-1347_GAaP_Gaia.fits,KiDS,-0.02828782625292435,-0.02689982625292435,0.0852520914607987,0.0842168625668521,0.11353991771372306,0.11111668881977645
KIDS_46.0_-30.2,KIDS_46p0_m30p2_r_SDSS.V1.3.0A_KiDS-1347_GAaP_Gaia.fits,KiDS,0.0327411443748126,0.032876144374812594,0.270232951063292,0.27831930450942,0.23749180668847938,0.2454431601346074
KIDS_175.0_1.5,KIDS_175p0_1p5_r_SDSS.V1.3.0A_KiDS-1347_GAaP_Gaia.fits,KiDS,0.027231814486644176,0.02756781448664418,0.0276219403484318,0.0264585700344665,0.000390125861787622,-0.0011092444521776795
KIDS_175.5_-3.5,KIDS_175p5_m3p5_r_SDSS.V1.3.0A_KiDS-1347_GAaP_Gaia.fits,KiDS,-0.022598477933486974,-0.022598477933486974,0.0419022345678816,0.0517353402964095,0.06450071250136857,0.07433381822989647
KIDS_137.0_1.5,KIDS_137p0_1p5_r_SDSS.V1.3.0A_KiDS-1347_GAaP_Gaia.fits,KiDS,0.048982540065382836,0.05050454006538284,0.142558640957686,0.1450278646354021,0.09357610089230317,0.09452332457001926
KIDS_225.0_-1.5,KIDS_225p0_m1p5_r_SDSS.V1.3.0A_KiDS-1347_GAaP_Gaia.fits,KiDS,-0.08028685267055427,-0.07995585267055427,0.0077757358612048,0.0089655356827291,0.08806258853175906,0.08892138835328338
KIDS_358.9_-28.2,KIDS_358p9_m28p2_r_SDSS.V1.3.0A_KiDS-1347_GAaP_Gaia.fits,KiDS,-0.1336122183990324,-0.1313552183990324,0.0662341782095515,0.0654534323175137,0.1998463966085839,0.19680865071654607
KIDS_197.5_-3.5,KIDS_197p5_m3p5_r_SDSS.V1.3.0A_KiDS-1347_GAaP_Gaia.fits,KiDS,0.02988967469259507,0.03199067469259507,0.0854623144422608,0.0902178756380996,0.055572639749665725,0.058227200945504536
KIDS_23.7_-28.2,KIDS_23p7_m28p2_r_SDSS.V1.3.0A_KiDS-1347_GAaP_Gaia.fits,KiDS,0.05667854486838998,0.05803054486838999,0.0472799833640249,0.0497567900660758,-0.009398561504365084,-0.008273754802314189
KIDS_24.7_-32.1,KIDS_24p7_m32p1_r_SDSS.V1.3.0A_KiDS-1347_GAaP_Gaia.fits,KiDS,-0.10193672112309735,-0.10095472112309734,0.0413523917726519,0.0512113195477945,0.14328911289574925,0.15216604067089184
KIDS_344.3_-27.2,KIDS_344p3_m27p2_r_SDSS.V1.3.0A_KiDS-1347_GAaP_Gaia.fits,KiDS,0.05903568947410818,0.06039768947410818,0.152356691476376,0.1484387291616474,0.09332100200226784,0.08804103968753924
KIDS_130.0_0.5,KIDS_130p0_0p5_r_SDSS.V1.3.0A_KiDS-1347_GAaP_Gaia.fits,KiDS,-0.14812103350094652,-0.14843603350094653,-0.1263554880912981,-0.1212403704864122,0.021765545409648424,0.027195663014534327
KIDZ_35.6_-4.6,OMEGACAM_35p7_m4p6_r_SDSS.V1.2.0A_KiDS-1347_GAaP_Gaia.fits,KiDZ,-0.09675680241851944,-0.09654280241851945,0.0733847427021642,0.0866072118904194,0.17014154512068363,0.18315001430893885
KIDS_185.0_0.5,KIDS_185p0_0p5_r_SDSS.V1.3.0A_KiDS-1347_GAaP_Gaia.fits,KiDS,0.05134451132684968,0.059841511326849686,0.1536991005148891,0.1598172522536948,0.10235458918803943,0.09997574092684512
KIDS_34.5_-33.1,KIDS_34p5_m33p1_r_SDSS.V1.3.0A_KiDS-1347_GAaP_Gaia.fits,KiDS,0.12122259409498685,0.12273659409498684,0.2230777472545922,0.2313190088456454,0.10185515315960535,0.10858241475065857
KIDS_41.6_-33.1,KIDS_41p6_m33p1_r_SDSS.V1.3.0A_KiDS-1347_GAaP_Gaia.fits,KiDS,-0.01924014717325709,-0.018890147173257085,-0.0245142889626076,-0.0207095820806642,-0.005274141789350512,-0.0018194349074071164
KIDS_1.1_-28.2,KIDS_1p1_m28p2_r_SDSS.V1.3.0A_KiDS-1347_GAaP_Gaia.fits,KiDS,0.12871340894976696,0.12821040894976699,0.1533142610275417,0.1503123011424665,0.024600852077774737,0.022101892192699507
KIDS_185.5_-2.5,KIDS_185p5_m2p5_r_SDSS.V1.3.0A_KiDS-1347_GAaP_Gaia.fits,KiDS,0.04312919745194824,0.04621719745194823,0.0693740223193227,0.0743238925632367,0.026244824867374464,0.028106695111288466
KIDS_17.9_-27.2,KIDS_17p9_m27p2_r_SDSS.V1.3.0A_KiDS-1347_GAaP_Gaia.fits,KiDS,0.0807791811652644,0.08647218116526441,0.2000884872254789,0.2024485033278045,0.11930930606021449,0.1159763221625401
KIDS_199.0_-1.5,KIDS_199p0_m1p5_r_SDSS.V1.3.0A_KiDS-1347_GAaP_Gaia.fits,KiDS,-0.11579134619252238,-0.11641134619252239,-0.0709709075407129,-0.0638953478275331,0.04482043865180947,0.05251599836498928
KIDS_210.6_2.5,KIDS_210p6_2p5_r_SDSS.V1.3.0A_KiDS-1347_GAaP_Gaia.fits,KiDS,0.08404435915918035,0.08457535915918035,0.1297592699505845,0.1255246814409472,0.04571491079140416,0.04094932228176684
KIDS_187.0_-0.5,KIDS_187p0_m0p5_r_SDSS.V1.3.0A_KiDS-1347_GAaP_Gaia.fits,KiDS,0.01823846568989626,0.01828446568989625,0.088383253097116,0.0929993833068796,0.07014478740721974,0.07471491761698335
KIDS_40.1_-35.1,KIDS_40p1_m35p1_r_SDSS.V1.3.0A_KiDS-1347_GAaP_Gaia.fits,KiDS,-0.14994050516113336,-0.14994050516113336,-0.0169235027962961,-0.0034041267335549,0.13301700236483727,0.14653637842757847
KIDS_156.4_-2.5,KIDS_156p4_m2p5_r_SDSS.V1.3.0A_KiDS-1347_GAaP_Gaia.fits,KiDS,-0.1038851281261127,-0.10340312812611271,-0.050759905933932,-0.045566383636486,0.053125222192180695,0.05783674448962672
KIDS_137.0_-1.5,KIDS_137p0_m1p5_r_SDSS.V1.3.0A_KiDS-1347_GAaP_Gaia.fits,KiDS,0.03810655042252803,0.03875755042252803,0.0772467346161664,0.0803075808150976,0.039140184193638364,0.041550030392569576
KIDS_342.5_-31.2,KIDS_342p5_m31p2_r_SDSS.V1.3.0A_KiDS-1347_GAaP_Gaia.fits,KiDS,0.04368930781016411,0.044818307810164104,0.0681805156140958,0.0632983377383981,0.024491207803931686,0.018480029928234
KIDS_138.0_-1.5,KIDS_138p0_m1p5_r_SDSS.V1.3.0A_KiDS-1347_GAaP_Gaia.fits,KiDS,0.050534332053556556,0.05148233205355656,0.1319382654387328,0.138616682323895,0.08140393338517624,0.08713435027033845
KIDS_351.7_-33.1,KIDS_351p7_m33p1_r_SDSS.V1.3.0A_KiDS-1347_GAaP_Gaia.fits,KiDS,0.06742733446864337,0.07110433446864335,0.1243596472515794,0.1232885239670202,0.056932312782936034,0.052184189498376846
KIDS_5.6_-27.2,KIDS_5p6_m27p2_r_SDSS.V1.3.0A_KiDS-1347_GAaP_Gaia.fits,KiDS,-0.07571026486737795,-0.07726526486737798,0.0829466527669044,0.0851467633558455,0.15865691763428236,0.16241202822322348
KIDZ_334.9_0.9,OMEGACAM_335p0_0p9_r_SDSS.V1.2.0A_KiDS-1347_GAaP_Gaia.fits,KiDZ,-0.0681356886418088,-0.0680496886418088,-0.0507027689457543,-0.049601550299262,0.017432919696054504,0.0184481383425468
KIDS_12.9_-32.1,KIDS_12p9_m32p1_r_SDSS.V1.3.0A_KiDS-1347_GAaP_Gaia.fits,KiDS,-0.09694046822396701,-0.09731146822396702,0.0525158216332109,0.0689200414987112,0.1494562898571779,0.16623150972267822
KIDS_17.3_-30.2,KIDS_17p3_m30p2_r_SDSS.V1.3.0A_KiDS-1347_GAaP_Gaia.fits,KiDS,-0.02323166906926298,-0.02117666906926298,0.0419752494389658,0.0409283999744281,0.06520691850822878,0.06210506904369108
KIDS_25.0_-33.1,KIDS_25p0_m33p1_r_SDSS.V1.3.0A_KiDS-1347_GAaP_Gaia.fits,KiDS,0.0273070054408891,0.0273380054408891,0.2756775786244566,0.293437860449883,0.24837057318356748,0.2660998550089939
KIDS_192.5_3.5,KIDS_192p5_3p5_r_SDSS.V1.3.0A_KiDS-1347_GAaP_Gaia.fits,KiDS,0.01088767763844084,0.011912677638440838,0.1425656239712804,0.1432597218555041,0.13167794633283955,0.13134704421706325
KIDS_216.0_0.5,KIDS_216p0_0p5_r_SDSS.V1.3.0A_KiDS-1347_GAaP_Gaia.fits,KiDS,-0.04102091776332062,-0.041061917763320605,0.0310312774559572,0.0237307450762911,0.07205219521927782,0.0647926628396117
KIDS_200.0_0.5,KIDS_200p0_0p5_r_SDSS.V1.3.0A_KiDS-1347_GAaP_Gaia.fits,KiDS,0.04259568370077018,0.04324568370077018,0.0974554307634651,0.0978759180981781,0.054859747062694926,0.05463023439740792
KIDS_356.4_-34.1,KIDS_356p4_m34p1_r_SDSS.V1.3.0A_KiDS-1347_GAaP_Gaia.fits,KiDS,-0.05098467760754635,-0.04951667760754633,0.0666446110895102,0.0747685438153973,0.11762928869705655,0.12428522142294363
KIDS_185.0_-1.5,KIDS_185p0_m1p5_r_SDSS.V1.3.0A_KiDS-1347_GAaP_Gaia.fits,KiDS,0.02580520972363423,0.028095209723634246,0.1795059772073807,0.1979241585034247,0.15370076748374648,0.16982894877979046
KIDS_334.9_-29.2,KIDS_334p9_m29p2_r_SDSS.V1.3.0A_KiDS-1347_GAaP_Gaia.fits,KiDS,0.07495298033988416,0.07734198033988415,0.117373265785299,0.1201243373541865,0.04242028544541483,0.042782357014302344
KIDS_358.8_-34.1,KIDS_358p8_m34p1_r_SDSS.V1.3.0A_KiDS-1347_GAaP_Gaia.fits,KiDS,-0.031928943359394696,-0.028674943359394703,0.0340214212377848,0.0251628041724484,0.0659503645971795,0.0538377475318431
KIDS_238.0_1.5,KIDS_238p0_1p5_r_SDSS.V1.3.0A_KiDS-1347_GAaP_Gaia.fits,KiDS,-0.02203256658129038,-0.021686566581290395,0.1028528702359574,0.101518007772651,0.12488543681724779,0.1232045743539414
KIDS_161.4_-3.5,KIDS_161p4_m3p5_r_SDSS.V1.3.0A_KiDS-1347_GAaP_Gaia.fits,KiDS,-0.14801194547103666,-0.14680694547103665,-0.075473638667102,-0.0641833574749297,0.07253830680393467,0.08262358799610695
KIDS_2.4_-33.1,KIDS_2p4_m33p1_r_SDSS.V1.3.0A_KiDS-1347_GAaP_Gaia.fits,KiDS,0.05090764006411939,0.05232564006411939,0.1839610030922055,0.2031176067476227,0.13305336302808612,0.1507919666835033
KIDS_350.6_-32.1,KIDS_350p6_m32p1_r_SDSS.V1.3.0A_KiDS-1347_GAaP_Gaia.fits,KiDS,0.05505718783747962,0.05596118783747962,0.1273042244159249,0.1403048938230362,0.07224703657844528,0.08434370598555659
KIDS_159.0_1.5,KIDS_159p0_1p5_r_SDSS.V1.3.0A_KiDS-1347_GAaP_Gaia.fits,KiDS,-0.021864434641230945,-0.021361434641230942,0.0432956014242319,0.0673069145036306,0.06516003606546285,0.08866834914486155
KIDS_50.1_-31.2,KIDS_50p1_m31p2_r_SDSS.V1.3.0A_KiDS-1347_GAaP_Gaia.fits,KiDS,-0.007269329101142724,-0.007122329101142716,0.1068956301279376,0.1063497103998352,0.11416495922908032,0.11347203950097792
KIDS_210.6_-2.5,KIDS_210p6_m2p5_r_SDSS.V1.3.0A_KiDS-1347_GAaP_Gaia.fits,KiDS,0.10966154606598748,0.11035654606598748,0.1822820346509362,0.1863066024823242,0.07262048858494873,0.07595005641633672
KIDS_18.0_-34.1,KIDS_18p0_m34p1_r_SDSS.V1.3.0A_KiDS-1347_GAaP_Gaia.fits,KiDS,0.06266678408360887,0.0630497840836089,0.2987630712131653,0.2937950608551012,0.23609628712955644,0.2307452767714923
KIDS_140.0_-0.5,KIDS_140p0_m0p5_r_SDSS.V1.3.0A_KiDS-1347_GAaP_Gaia.fits,KiDS,0.06288740700513437,0.06410040700513439,0.1295701023744038,0.1408615362797887,0.06668269536926943,0.07676112927465431
KIDS_140.0_0.5,KIDS_140p0_0p5_r_SDSS.V1.3.0A_KiDS-1347_GAaP_Gaia.fits,KiDS,0.029947499779032577,0.03144149977903257,0.0853752139064811,0.0854600986462578,0.05542771412744853,0.05401859886722522
KIDS_178.5_-2.5,KIDS_178p5_m2p5_r_SDSS.V1.3.0A_KiDS-1347_GAaP_Gaia.fits,KiDS,0.01894027752559925,0.01896427752559926,0.0549874447146441,0.0628699705019829,0.03604716718904485,0.04390569297638364
KIDS_39.9_-29.2,KIDS_39p9_m29p2_r_SDSS.V1.3.0A_KiDS-1347_GAaP_Gaia.fits,KiDS,-0.040554647815173955,-0.04008564781517396,0.0967175004682088,0.1063256314234073,0.13727214828338274,0.14641127923858127
KIDS_164.5_-2.5,KIDS_164p5_m2p5_r_SDSS.V1.3.0A_KiDS-1347_GAaP_Gaia.fits,KiDS,-0.11691224238829465,-0.11471124238829464,0.0359038101573959,0.0519917118209604,0.15281605254569056,0.16670295420925504
KIDS_3.6_-34.1,KIDS_3p6_m34p1_r_SDSS.V1.3.0A_KiDS-1347_GAaP_Gaia.fits,KiDS,0.12553708840784705,0.12768408840784706,0.1590461864025635,0.1664569738041131,0.033509097994716436,0.03877288539626603
KIDS_163.0_-1.5,KIDS_163p0_m1p5_r_SDSS.V1.3.0A_KiDS-1347_GAaP_Gaia.fits,KiDS,-0.28831684567975835,-0.28840984567975836,-0.1948312857464439,-0.1840425426880032,0.09348555993331445,0.10436730299175515
KIDS_173.0_0.5,KIDS_173p0_0p5_r_SDSS.V1.3.0A_KiDS-1347_GAaP_Gaia.fits,KiDS,0.06009234489675017,0.06009234489675017,0.077812873376787,0.1019456141719793,0.017720528480036822,0.04185326927522912
KIDS_209.0_0.5,KIDS_209p0_0p5_r_SDSS.V1.3.0A_KiDS-1347_GAaP_Gaia.fits,KiDS,0.04197163050409125,0.043017630504091256,0.0662264739526475,0.0686064147591168,0.024254843448556246,0.025588784255025546
KIDS_38.4_-31.2,KIDS_38p4_m31p2_r_SDSS.V1.3.0A_KiDS-1347_GAaP_Gaia.fits,KiDS,-0.025657072365419642,-0.025400072365419635,0.1575862254464607,0.1584595345263624,0.18324329781188034,0.18385960689178205
KIDS_40.8_-31.2,KIDS_40p8_m31p2_r_SDSS.V1.3.0A_KiDS-1347_GAaP_Gaia.fits,KiDS,0.08567592204661645,0.08575992204661645,0.2517003502038534,0.2509484611318762,0.16602442815723695,0.16518853908525974
KIDS_182.5_-2.5,KIDS_182p5_m2p5_r_SDSS.V1.3.0A_KiDS-1347_GAaP_Gaia.fits,KiDS,-0.09753285708041479,-0.09917285708041476,-0.0571374129790056,-0.0533369673442326,0.04039544410140919,0.04583588973618216
KIDS_0.0_-32.1,KIDS_0p0_m32p1_r_SDSS.V1.3.0A_KiDS-1347_GAaP_Gaia.fits,KiDS,0.06273494390846045,0.06450794390846047,0.2539724682282754,0.261936103729399,0.19123752431981494,0.19742815982093853
KIDS_35.7_-30.2,KIDS_35p7_m30p2_r_SDSS.V1.3.0A_KiDS-1347_GAaP_Gaia.fits,KiDS,-0.040185476043939905,-0.04017047604393992,0.1903807803906102,0.1903427626417192,0.23056625643455012,0.23051323868565912
KIDS_52.3_-35.1,KIDS_52p3_m35p1_r_SDSS.V1.3.0A_KiDS-1347_GAaP_Gaia.fits,KiDS,-0.040270515509015364,-0.03851751550901536,0.1061327716348635,0.1207884535181565,0.14640328714387885,0.15930596902717187
KIDS_356.6_-29.2,KIDS_356p6_m29p2_r_SDSS.V1.3.0A_KiDS-1347_GAaP_Gaia.fits,KiDS,-0.06187844597605152,-0.06067644597605151,-0.0017769692303942,0.0057126485570317,0.06010147674565732,0.06638909453308321
KIDS_194.0_1.5,KIDS_194p0_1p5_r_SDSS.V1.3.0A_KiDS-1347_GAaP_Gaia.fits,KiDS,-0.2213346323370575,-0.21683563233705747,-0.151936960829775,-0.1499322667831676,0.06939767150728249,0.06690336555388987
KIDS_223.6_3.5,KIDS_223p6_3p5_r_SDSS.V1.3.0A_KiDS-1347_GAaP_Gaia.fits,KiDS,-0.191263125154686,-0.190120125154686,-0.0468165082863949,-0.0536201527865416,0.14444661686829108,0.13649997236814437
KIDS_223.0_-1.5,KIDS_223p0_m1p5_r_SDSS.V1.3.0A_KiDS-1347_GAaP_Gaia.fits,KiDS,-0.02659426418158306,-0.025989264181583066,-0.0123118148021001,-0.0096273387953398,0.01428244937948296,0.016361925386243266
KIDS_19.0_-33.1,KIDS_19p0_m33p1_r_SDSS.V1.3.0A_KiDS-1347_GAaP_Gaia.fits,KiDS,-0.10440644086501591,-0.1041474408650159,0.0968697474605426,0.1004483263530457,0.2012761883255585,0.2045957672180616
KIDZ_31.6_-4.6,OMEGACAM_31p7_m4p6_r_SDSS.V1.2.0A_KiDS-1347_GAaP_Gaia.fits,KiDZ,-0.09081565645894954,-0.09068765645894958,0.042952457363099,0.0438410853406453,0.13376811382204853,0.13452874179959487
KIDS_136.0_0.5,KIDS_136p0_0p5_r_SDSS.V1.3.0A_KiDS-1347_GAaP_Gaia.fits,KiDS,0.05298913037484023,0.05299913037484023,0.1239739868524805,0.1248478521832097,0.07098485647764027,0.07184872180836949
KIDS_139.0_1.5,KIDS_139p0_1p5_r_SDSS.V1.3.0A_KiDS-1347_GAaP_Gaia.fits,KiDS,0.03337592107373113,0.03616592107373112,0.0831751255818178,0.0869903398224405,0.04979920450808668,0.05082441874870938
KIDS_18.4_-30.2,KIDS_18p4_m30p2_r_SDSS.V1.3.0A_KiDS-1347_GAaP_Gaia.fits,KiDS,0.04410454748280943,0.044454547482809435,0.3008195478635208,0.2819224104194621,0.2567150003807113,0.23746786293665265
KIDS_181.5_-2.5,KIDS_181p5_m2p5_r_SDSS.V1.3.0A_KiDS-1347_GAaP_Gaia.fits,KiDS,0.06480008836802453,0.06482308836802453,0.1475132647410506,0.1398421914830988,0.08271317637302605,0.07501910311507426
KIDS_207.6_-3.5,KIDS_207p6_m3p5_r_SDSS.V1.3.0A_KiDS-1347_GAaP_Gaia.fits,KiDS,-0.002730589419441737,-0.00272358941944173,0.1223082087705135,0.1198998600375562,0.12503879818995522,0.12262344945699793
KIDS_211.6_-3.5,KIDS_211p6_m3p5_r_SDSS.V1.3.0A_KiDS-1347_GAaP_Gaia.fits,KiDS,-0.11775458530206176,-0.11689558530206176,-0.0513178775322439,-0.051414707024078,0.06643670776981786,0.06548087827798377
KIDS_177.5_-3.5,KIDS_177p5_m3p5_r_SDSS.V1.3.0A_KiDS-1347_GAaP_Gaia.fits,KiDS,-0.08985135099785421,-0.0898393509978542,0.0119628784902593,0.0106632387361536,0.10181422948811351,0.1005025897340078
KIDS_1.2_-31.2,KIDS_1p2_m31p2_r_SDSS.V1.3.0A_KiDS-1347_GAaP_Gaia.fits,KiDS,0.010765894250941169,0.011885894250941165,0.0779011683037541,0.0901378116535467,0.06713527405281293,0.07825191740260554
KIDS_201.0_1.5,KIDS_201p0_1p5_r_SDSS.V1.3.0A_KiDS-1347_GAaP_Gaia.fits,KiDS,-0.05665733872392209,-0.05321533872392209,0.0142384580245969,0.0070343453502524,0.070895796748519,0.06024968407417449
KIDS_131.4_2.5,KIDS_131p4_2p5_r_SDSS.V1.3.0A_KiDS-1347_GAaP_Gaia.fits,KiDS,0.06927012603762503,0.06857012603762502,0.1052367297910114,0.1037585381280579,0.03596660375338637,0.03518841209043287
KIDS_36.1_-28.2,KIDS_36p1_m28p2_r_SDSS.V1.3.0A_KiDS-1347_GAaP_Gaia.fits,KiDS,-0.049621670616882635,-0.049621670616882635,0.093751833351224,0.0967738892178193,0.14337350396810664,0.14639555983470193
KIDS_11.8_-32.1,KIDS_11p8_m32p1_r_SDSS.V1.3.0A_KiDS-1347_GAaP_Gaia.fits,KiDS,-0.04148035627896421,-0.03648735627896424,0.0668029167163585,0.0731561204630313,0.10828327299532271,0.10964347674199554
KIDS_27.3_-33.1,KIDS_27p3_m33p1_r_SDSS.V1.3.0A_KiDS-1347_GAaP_Gaia.fits,KiDS,-0.10676764115756229,-0.10622864115756228,0.1163169852686288,0.0982715243316525,0.2230846264261911,0.2045001654892148
KIDS_237.0_-1.5,KIDS_237p0_m1p5_r_SDSS.V1.3.0A_KiDS-1347_GAaP_Gaia.fits,KiDS,-0.2502201163932387,-0.24962811639323876,-0.1207856943728887,-0.128331502331577,0.12943442202035,0.12129661406166176
KIDS_3.5_-32.1,KIDS_3p5_m32p1_r_SDSS.V1.3.0A_KiDS-1347_GAaP_Gaia.fits,KiDS,-0.026989740281367525,-0.026989740281367525,0.1140871059202231,0.1268460415667092,0.1410768462015906,0.15383578184807672
KIDS_176.0_-1.5,KIDS_176p0_m1p5_r_SDSS.V1.3.0A_KiDS-1347_GAaP_Gaia.fits,KiDS,0.002352275637856102,0.015580275637856106,0.0660114452959396,0.0772233505701225,0.06365916965808349,0.061643074932266395
KIDS_44.0_-33.1,KIDS_44p0_m33p1_r_SDSS.V1.3.0A_KiDS-1347_GAaP_Gaia.fits,KiDS,0.021957414081367935,0.022056414081367937,0.1115932157795745,0.1292170878049579,0.08963580169820656,0.10716067372358995
KIDS_28.5_-33.1,KIDS_28p5_m33p1_r_SDSS.V1.3.0A_KiDS-1347_GAaP_Gaia.fits,KiDS,0.06279378236267318,0.06365378236267318,0.3587878451502174,0.3809337186035554,0.2959940627875442,0.31727993624088224
KIDS_332.9_-32.1,KIDS_332p9_m32p1_r_SDSS.V1.3.0A_KiDS-1347_GAaP_Gaia.fits,KiDS,-0.016937836687172636,-0.017075836687172635,0.0868287462947652,0.0998277631182689,0.10376658298193783,0.11690359980544153
KIDS_200.6_-3.5,KIDS_200p6_m3p5_r_SDSS.V1.3.0A_KiDS-1347_GAaP_Gaia.fits,KiDS,0.053208486724969625,0.053208486724969625,0.1149923082021871,0.1160042185244198,0.061783821477217477,0.06279573179945018
KIDS_141.0_0.5,KIDS_141p0_0p5_r_SDSS.V1.3.0A_KiDS-1347_GAaP_Gaia.fits,KiDS,0.06800702435297036,0.06950602435297036,0.0670590813311531,0.0751561041988996,-0.000947943021817263,0.005650079845929246
KIDS_163.5_2.5,KIDS_163p5_2p5_r_SDSS.V1.3.0A_KiDS-1347_GAaP_Gaia.fits,KiDS,-0.03910297887093997,-0.038887978870939977,0.1064773113119295,0.0995122330442875,0.14558029018286947,0.13840021191522747
KIDS_189.5_3.5,KIDS_189p5_3p5_r_SDSS.V1.3.0A_KiDS-1347_GAaP_Gaia.fits,KiDS,-0.1430657551577271,-0.14287175515772713,-0.086851928154756,-0.0863484828561078,0.0562138270029711,0.056523272301619326
KIDS_214.6_3.5,KIDS_214p6_3p5_r_SDSS.V1.3.0A_KiDS-1347_GAaP_Gaia.fits,KiDS,-0.00031258056899274855,-0.0002765805689927403,0.0954517100249892,0.0962870175959666,0.09576429059398195,0.09656359816495934
KIDS_181.5_2.5,KIDS_181p5_2p5_r_SDSS.V1.3.0A_KiDS-1347_GAaP_Gaia.fits,KiDS,-0.03918705607173498,-0.03824505607173498,0.0477820692928195,0.05072077421093,0.08696912536455448,0.08896583028266497
KIDS_345.2_-29.2,KIDS_345p2_m29p2_r_SDSS.V1.3.0A_KiDS-1347_GAaP_Gaia.fits,KiDS,0.03768433825865858,0.03766933825865858,0.0941429525344745,0.0844231893184538,0.056458614275815916,0.04675385105979522
KIDS_216.6_3.5,KIDS_216p6_3p5_r_SDSS.V1.3.0A_KiDS-1347_GAaP_Gaia.fits,KiDS,-0.07104635488639788,-0.06852235488639788,-0.0574893170563967,-0.0364540356707791,0.01355703783000118,0.03206831921561878
KIDS_7.1_-32.1,KIDS_7p1_m32p1_r_SDSS.V1.3.0A_KiDS-1347_GAaP_Gaia.fits,KiDS,0.03404545952361313,0.03451045952361313,0.1149473583692403,0.1311142312338872,0.08090189884562718,0.09660377171027408
KIDS_208.6_-2.5,KIDS_208p6_m2p5_r_SDSS.V1.3.0A_KiDS-1347_GAaP_Gaia.fits,KiDS,-0.17766473399061197,-0.17727973399061195,-0.10400331655525,-0.0952707273806728,0.07366141743536198,0.08200900660993915
KIDS_212.6_2.5,KIDS_212p6_2p5_r_SDSS.V1.3.0A_KiDS-1347_GAaP_Gaia.fits,KiDS,-0.057652356935426446,-0.057652356935426446,0.0293362270412191,0.031318632396222,0.08698858397664555,0.08897098933164845
KIDS_37.6_-32.1,KIDS_37p6_m32p1_r_SDSS.V1.3.0A_KiDS-1347_GAaP_Gaia.fits,KiDS,-0.060228210950241445,-0.05774321095024146,0.0612632085683286,0.0601340892193038,0.12149141951857004,0.11787730016954526
KIDS_30.4_-35.1,KIDS_30p4_m35p1_r_SDSS.V1.3.0A_KiDS-1347_GAaP_Gaia.fits,KiDS,-0.12492596457066871,-0.12492596457066871,0.2008190683313929,0.2069819995854037,0.3257450329020616,0.3319079641560724
KIDS_1.2_-30.2,KIDS_1p2_m30p2_r_SDSS.V1.3.0A_KiDS-1347_GAaP_Gaia.fits,KiDS,-0.004191143866597469,-0.003305143866597471,0.0973791585240789,0.1091473250656775,0.10157030239067637,0.11245246893227497
KIDS_44.7_-32.1,KIDS_44p7_m32p1_r_SDSS.V1.3.0A_KiDS-1347_GAaP_Gaia.fits,KiDS,-0.007265535684048308,-0.0060235356840483145,0.2379812584663105,0.2270653480180768,0.2452467941503588,0.2330888837021251
KIDS_200.6_2.5,KIDS_200p6_2p5_r_SDSS.V1.3.0A_KiDS-1347_GAaP_Gaia.fits,KiDS,-0.07916307553984145,-0.07571107553984144,-0.0424016525970337,-0.0259213325331695,0.03676142294280775,0.04978974300667194
KIDS_26.1_-33.1,KIDS_26p1_m33p1_r_SDSS.V1.3.0A_KiDS-1347_GAaP_Gaia.fits,KiDS,-0.11990304440773245,-0.11681504440773241,0.1519822869722955,0.1520616156184836,0.2718853313800279,0.268876660026216
KIDS_237.0_0.5,KIDS_237p0_0p5_r_SDSS.V1.3.0A_KiDS-1347_GAaP_Gaia.fits,KiDS,-0.04310647072589904,-0.04293747072589904,0.0778094130112157,0.0695891268660791,0.12091588373711475,0.11252659759197814
KIDS_190.0_-1.5,KIDS_190p0_m1p5_r_SDSS.V1.3.0A_KiDS-1347_GAaP_Gaia.fits,KiDS,-0.0908513046425374,-0.0907293046425374,-0.0461554572362744,-0.0373352959539067,0.044695847406263006,0.053394008688630694
KIDS_345.7_-33.1,KIDS_345p7_m33p1_r_SDSS.V1.3.0A_KiDS-1347_GAaP_Gaia.fits,KiDS,0.04963045039711782,0.05515645039711782,0.0769257936401476,0.0826378140661517,0.027295343243029777,0.02748136366903388
KIDS_342.2_-33.1,KIDS_342p2_m33p1_r_SDSS.V1.3.0A_KiDS-1347_GAaP_Gaia.fits,KiDS,0.11364998924055839,0.11782398924055837,0.1340654722393453,0.1437859790557173,0.020415482998786927,0.02596198981515893
DEEP2332,OMEGACAM_353p0_0p0_r_SDSS.V1.2.0A_KiDS-1347_GAaP_Gaia.fits,KiDZ,0.05665054121170478,0.05775054121170478,0.1345096867273264,0.1675954061716338,0.07785914551562163,0.10984486495992901
KIDS_173.5_-3.5,KIDS_173p5_m3p5_r_SDSS.V1.3.0A_KiDS-1347_GAaP_Gaia.fits,KiDS,-0.12136706649411813,-0.12159906649411814,0.0114797911308109,0.0253868170225945,0.13284685762492904,0.14698588351671266
KIDS_170.0_-1.5,KIDS_170p0_m1p5_r_SDSS.V1.3.0A_KiDS-1347_GAaP_Gaia.fits,KiDS,-0.1993250245206826,-0.1972420245206826,-0.0042554566177497,-0.0147465551864344,0.1950695679029329,0.1824954693342482
KIDS_209.0_1.5,KIDS_209p0_1p5_r_SDSS.V1.3.0A_KiDS-1347_GAaP_Gaia.fits,KiDS,-0.07317740047402363,-0.07232440047402364,-0.0145799101814742,-0.0097393211213157,0.05859749029254943,0.06258507935270793
KIDS_354.2_-30.2,KIDS_354p2_m30p2_r_SDSS.V1.3.0A_KiDS-1347_GAaP_Gaia.fits,KiDS,-0.059389977937337995,-0.05955297793733799,-0.0274039605832222,-0.0246478314357969,0.0319860173541158,0.03490514650154109
KIDS_43.5_-32.1,KIDS_43p5_m32p1_r_SDSS.V1.3.0A_KiDS-1347_GAaP_Gaia.fits,KiDS,0.11409299451515464,0.11575299451515464,0.2357185119873625,0.2272675413389837,0.12162551747220784,0.11151454682382905
KIDS_348.2_-32.1,KIDS_348p2_m32p1_r_SDSS.V1.3.0A_KiDS-1347_GAaP_Gaia.fits,KiDS,0.058518104193417096,0.0600591041934171,-0.0384830471052079,-0.0249916577146833,-0.097001151298625,-0.0850507619081004
KIDS_53.5_-35.1,KIDS_53p5_m35p1_r_SDSS.V1.3.0A_KiDS-1347_GAaP_Gaia.fits,KiDS,-0.030175608183240346,-0.029440608183240347,0.0723982489651908,0.0902439724110715,0.10257385714843115,0.11968458059431185
KIDS_180.5_2.5,KIDS_180p5_2p5_r_SDSS.V1.3.0A_KiDS-1347_GAaP_Gaia.fits,KiDS,0.05413371356791855,0.053468713567918554,0.1395505748943546,0.1281133949534594,0.08541686132643606,0.07464468138554084
KIDS_23.5_-32.1,KIDS_23p5_m32p1_r_SDSS.V1.3.0A_KiDS-1347_GAaP_Gaia.fits,KiDS,0.044183499778789985,0.04759049977878998,0.0872237611541136,0.0901324042583844,0.04304026137532361,0.04254190447959442
KIDS_178.0_-1.5,KIDS_178p0_m1p5_r_SDSS.V1.3.0A_KiDS-1347_GAaP_Gaia.fits,KiDS,0.007303084672826671,0.006527084672826672,0.1072157075488067,0.1086051797925157,0.09991262287598003,0.10207809511968903
KIDS_214.0_0.5,KIDS_214p0_0p5_r_SDSS.V1.3.0A_KiDS-1347_GAaP_Gaia.fits,KiDS,-0.05262526091533759,-0.05262526091533759,0.0603528200078258,0.0535338020133761,0.11297808092316339,0.10615906292871369
KIDS_332.7_-29.2,KIDS_332p7_m29p2_r_SDSS.V1.3.0A_KiDS-1347_GAaP_Gaia.fits,KiDS,0.04416889998668727,0.04416889998668727,0.0923240905964675,0.0997173391687052,0.04815519060978023,0.055548439182017934
KIDS_172.5_2.5,KIDS_172p5_2p5_r_SDSS.V1.3.0A_KiDS-1347_GAaP_Gaia.fits,KiDS,0.0830408924737589,0.08597289247375889,0.1461004443622764,0.1537358338861706,0.0630595518885175,0.06776294141241171
KIDS_226.0_1.5,KIDS_226p0_1p5_r_SDSS.V1.3.0A_KiDS-1347_GAaP_Gaia.fits,KiDS,-0.022981826545673434,-0.023096826545673424,0.0273351414336123,0.025609184606438,0.05031696797928573,0.04870601115211143
KIDS_355.3_-31.2,KIDS_355p3_m31p2_r_SDSS.V1.3.0A_KiDS-1347_GAaP_Gaia.fits,KiDS,-0.009013433901772866,-0.00817143390177287,0.0787422143305063,0.0854465337452839,0.08775564823227916,0.09361796764705677
KIDS_179.0_1.5,KIDS_179p0_1p5_r_SDSS.V1.3.0A_KiDS-1347_GAaP_Gaia.fits,KiDS,0.019389417724430646,0.020776417724430646,0.1227108695625961,0.133106575787935,0.10332145183816545,0.11233015806350435
KIDS_49.7_-28.2,KIDS_49p7_m28p2_r_SDSS.V1.3.0A_KiDS-1347_GAaP_Gaia.fits,KiDS,-0.06426870216383876,-0.06488370216383874,0.1520644827998734,0.1708115189638318,0.21633318496371215,0.23569522112767052
KIDS_353.2_-28.2,KIDS_353p2_m28p2_r_SDSS.V1.3.0A_KiDS-1347_GAaP_Gaia.fits,KiDS,-0.07587007118045666,-0.0760160711804567,0.037372580513735,0.0306439543217284,0.11324265169419166,0.10666002550218509
KIDS_9.5_-33.1,KIDS_9p5_m33p1_r_SDSS.V1.3.0A_KiDS-1347_GAaP_Gaia.fits,KiDS,-0.04780228603032555,-0.04771028603032554,0.0216222819778746,0.0052574336558289,0.06942456800820015,0.052967719686154435
KIDS_10.8_-34.1,KIDS_10p8_m34p1_r_SDSS.V1.3.0A_KiDS-1347_GAaP_Gaia.fits,KiDS,-0.040802480841625494,-0.040404480841625484,0.135801107975424,0.1339726232198182,0.1766035888170495,0.1743771040614437
KIDS_206.0_0.5,KIDS_206p0_0p5_r_SDSS.V1.3.0A_KiDS-1347_GAaP_Gaia.fits,KiDS,0.21353345662383733,0.21690645662383734,0.2776808958202118,0.2811807497365278,0.0641474391963745,0.06427429311269045
KIDS_343.5_-32.1,KIDS_343p5_m32p1_r_SDSS.V1.3.0A_KiDS-1347_GAaP_Gaia.fits,KiDS,0.06221081703276629,0.06300281703276629,0.12483124829586,0.1279010484168015,0.0626204312630937,0.06489823138403521
KIDS_357.8_-27.2,KIDS_357p8_m27p2_r_SDSS.V1.3.0A_KiDS-1347_GAaP_Gaia.fits,KiDS,-0.08212271778712243,-0.08095771778712244,0.0060663657022957,0.0156631725591448,0.08818908348941813,0.09662089034626724
KIDS_44.4_-34.1,KIDS_44p4_m34p1_r_SDSS.V1.3.0A_KiDS-1347_GAaP_Gaia.fits,KiDS,-0.1000562447140442,-0.1000502447140442,-0.0067951443232809,0.0005886557865672,0.0932611003907633,0.10063890050061139
KIDS_200.6_3.5,KIDS_200p6_3p5_r_SDSS.V1.3.0A_KiDS-1347_GAaP_Gaia.fits,KiDS,-0.10098896731217563,-0.10037896731217563,-0.0863592143766914,-0.0867388291893062,0.014629752935484228,0.013640138122869433
