OBJECT,Catalogue,off_u_gaia,dmag_u,off_u
KIDS_136.0_-1.5,KIDS_136p0_m1p5_r_SDSS.V1.3.0A_KiDS-1347_GAaP_Gaia.fits,0.029398393656373867,0.0377190291957464,0.008320635539372533
KIDS_158.0_-1.5,KIDS_158p0_m1p5_r_SDSS.V1.3.0A_KiDS-1347_GAaP_Gaia.fits,-0.041267811217582245,0.0650136526596751,0.10628146387725734
KIDS_356.5_-32.1,KIDS_356p5_m32p1_r_SDSS.V1.3.0A_KiDS-1347_GAaP_Gaia.fits,-0.005506034917016234,0.1222648776260175,0.12777091254303374
KIDS_238.0_-0.5,KIDS_238p0_m0p5_r_SDSS.V1.3.0A_KiDS-1347_GAaP_Gaia.fits,0.054026381634746684,0.1062732656209755,0.052246883986228815
KIDS_129.4_2.5,KIDS_129p4_2p5_r_SDSS.V1.3.0A_KiDS-1347_GAaP_Gaia.fits,-0.007670935241533561,0.0442167946390873,0.05188772988062086
KIDS_11.2_-27.2,KIDS_11p2_m27p2_r_SDSS.V1.3.0A_KiDS-1347_GAaP_Gaia.fits,0.030073670739659483,0.0370246542921238,0.006950983552464318
KIDS_12.5_-29.2,KIDS_12p5_m29p2_r_SDSS.V1.3.0A_KiDS-1347_GAaP_Gaia.fits,-0.11478897522343381,0.0978974198354205,0.2126863950588543
KIDS_15.0_-30.2,KIDS_15p0_m30p2_r_SDSS.V1.3.0A_KiDS-1347_GAaP_Gaia.fits,0.027553234339258215,0.2571703380905514,0.22961710375129318
KIDS_212.0_0.5,KIDS_212p0_0p5_r_SDSS.V1.3.0A_KiDS-1347_GAaP_Gaia.fits,0.04715096934219974,0.1380556874358175,0.09090471809361776
KIDS_190.0_-0.5,KIDS_190p0_m0p5_r_SDSS.V1.3.0A_KiDS-1347_GAaP_Gaia.fits,-0.02537637479645062,0.0872813984466727,0.11265777324312332
KIDS_336.1_-29.2,KIDS_336p1_m29p2_r_SDSS.V1.3.0A_KiDS-1347_GAaP_Gaia.fits,0.023875339262046533,-0.0257896320830141,-0.049664971345060635
KIDS_48.2_-32.1,KIDS_48p2_m32p1_r_SDSS.V1.3.0A_KiDS-1347_GAaP_Gaia.fits,0.015529630106097037,0.1103286716712124,0.09479904156511536
KIDS_350.8_-30.2,KIDS_350p8_m30p2_r_SDSS.V1.3.0A_KiDS-1347_GAaP_Gaia.fits,-0.11533314922197771,0.0469396152605259,0.1622727644825036
KIDS_168.5_2.5,KIDS_168p5_2p5_r_SDSS.V1.3.0A_KiDS-1347_GAaP_Gaia.fits,-0.21994907054396898,-0.0936435386509179,0.12630553189305108
KIDS_131.0_-0.5,KIDS_131p0_m0p5_r_SDSS.V1.3.0A_KiDS-1347_GAaP_Gaia.fits,0.034095820008805316,0.0346598871113264,0.0005640671025210833
KIDS_45.6_-29.2,KIDS_45p6_m29p2_r_SDSS.V1.3.0A_KiDS-1347_GAaP_Gaia.fits,0.0705385794357858,0.2716926876819701,0.2011541082461843
KIDS_16.8_-34.1,KIDS_16p8_m34p1_r_SDSS.V1.3.0A_KiDS-1347_GAaP_Gaia.fits,-0.02232089587647003,0.1512503180760741,0.1735712139525441
KIDS_24.3_-35.1,KIDS_24p3_m35p1_r_SDSS.V1.3.0A_KiDS-1347_GAaP_Gaia.fits,-0.12935326020609209,0.0560550776194653,0.18540833782555738
KIDS_47.1_-32.1,KIDS_47p1_m32p1_r_SDSS.V1.3.0A_KiDS-1347_GAaP_Gaia.fits,0.08600781654748166,0.2397873536564272,0.15377953710894554
KIDS_345.3_-28.2,KIDS_345p3_m28p2_r_SDSS.V1.3.0A_KiDS-1347_GAaP_Gaia.fits,-0.06893549362218765,0.0415334353596068,0.11046892898179445
KIDS_198.0_0.5,KIDS_198p0_0p5_r_SDSS.V1.3.0A_KiDS-1347_GAaP_Gaia.fits,0.024268392085229074,0.0260853036210751,0.0018169115358460282
KIDS_4.6_-30.2,KIDS_4p6_m30p2_r_SDSS.V1.3.0A_KiDS-1347_GAaP_Gaia.fits,-0.048706285250569165,0.1757427075218661,0.22444899277243527
KIDS_231.0_1.5,KIDS_231p0_1p5_r_SDSS.V1.3.0A_KiDS-1347_GAaP_Gaia.fits,-0.03534372463446836,0.0486418374122829,0.08398556204675126
KIDS_46.8_-34.1,KIDS_46p8_m34p1_r_SDSS.V1.3.0A_KiDS-1347_GAaP_Gaia.fits,0.049067015840507155,0.1995123499720235,0.15044533413151634
KIDS_171.0_-0.5,KIDS_171p0_m0p5_r_SDSS.V1.3.0A_KiDS-1347_GAaP_Gaia.fits,-0.0452836696023452,1.3062217302593435,1.3515053998616886
KIDS_46.2_-35.1,KIDS_46p2_m35p1_r_SDSS.V1.3.0A_KiDS-1347_GAaP_Gaia.fits,-0.05916599980321946,0.0571761940547592,0.11634219385797866
KIDS_27.3_-29.2,KIDS_27p3_m29p2_r_SDSS.V1.3.0A_KiDS-1347_GAaP_Gaia.fits,-0.06397429445632646,0.1989545403978678,0.26292883485419427
KIDS_212.0_1.5,KIDS_212p0_1p5_r_SDSS.V1.3.0A_KiDS-1347_GAaP_Gaia.fits,0.014836854115769849,0.111657789292419,0.09682093517664915
KIDS_224.6_-2.5,KIDS_224p6_m2p5_r_SDSS.V1.3.0A_KiDS-1347_GAaP_Gaia.fits,0.057434603260803976,0.0901410609625678,0.03270645770176382
KIDS_30.0_-34.1,KIDS_30p0_m34p1_r_SDSS.V1.3.0A_KiDS-1347_GAaP_Gaia.fits,-0.05029508878284869,0.168790052130569,0.2190851409134177
KIDS_15.4_-33.1,KIDS_15p4_m33p1_r_SDSS.V1.3.0A_KiDS-1347_GAaP_Gaia.fits,-0.050939559113564736,0.1324289515181039,0.18336851063166865
KIDS_17.5_-31.2,KIDS_17p5_m31p2_r_SDSS.V1.3.0A_KiDS-1347_GAaP_Gaia.fits,-0.029587150549019392,0.1524517419823235,0.1820388925313429
KIDS_338.6_-28.2,KIDS_338p6_m28p2_r_SDSS.V1.3.0A_KiDS-1347_GAaP_Gaia.fits,0.03729200065951905,0.1140233439313841,0.07673134327186504
KIDS_16.1_-30.2,KIDS_16p1_m30p2_r_SDSS.V1.3.0A_KiDS-1347_GAaP_Gaia.fits,-0.03767133611572443,0.0586750605646604,0.09634639668038483
KIDS_233.0_0.5,KIDS_233p0_0p5_r_SDSS.V1.3.0A_KiDS-1347_GAaP_Gaia.fits,-0.11969868529362804,-0.0682073127683775,0.05149137252525053
KIDS_345.0_-30.2,KIDS_345p0_m30p2_r_SDSS.V1.3.0A_KiDS-1347_GAaP_Gaia.fits,0.10465626042533234,0.090849600930998,-0.013806659494334336
KIDS_215.0_0.5,KIDS_215p0_0p5_r_SDSS.V1.3.0A_KiDS-1347_GAaP_Gaia.fits,0.021152477000958333,0.095082471691913,0.07392999469095467
KIDS_176.5_-2.5,KIDS_176p5_m2p5_r_SDSS.V1.3.0A_KiDS-1347_GAaP_Gaia.fits,-0.0652254157054866,0.021114385375654,0.08633980108114059
KIDS_352.0_-29.2,KIDS_352p0_m29p2_r_SDSS.V1.3.0A_KiDS-1347_GAaP_Gaia.fits,0.016258845472542333,0.072414441400203,0.05615559592766067
KIDS_135.0_-0.5,KIDS_135p0_m0p5_r_SDSS.V1.3.0A_KiDS-1347_GAaP_Gaia.fits,0.14842933151980509,0.1741789429948826,0.02574961147507751
KIDS_38.4_-28.2,KIDS_38p4_m28p2_r_SDSS.V1.3.0A_KiDS-1347_GAaP_Gaia.fits,-0.15818584205022404,0.0744392354741967,0.23262507752442074
KIDS_354.4_-27.2,KIDS_354p4_m27p2_r_SDSS.V1.3.0A_KiDS-1347_GAaP_Gaia.fits,-0.11506859113260362,0.0151910252795327,0.13025961641213632
KIDS_329.4_-32.1,KIDS_329p4_m32p1_r_SDSS.V1.3.0A_KiDS-1347_GAaP_Gaia.fits,0.018222645252589043,0.1099744042035999,0.09175175895101086
KIDS_29.2_-27.2,KIDS_29p2_m27p2_r_SDSS.V1.3.0A_KiDS-1347_GAaP_Gaia.fits,0.021056680588027066,0.2206265530794061,0.19956987249137903
KIDS_14.4_-34.1,KIDS_14p4_m34p1_r_SDSS.V1.3.0A_KiDS-1347_GAaP_Gaia.fits,0.08443252984805914,0.1557413123167141,0.07130878246865495
KIDS_337.6_-27.2,KIDS_337p6_m27p2_r_SDSS.V1.3.0A_KiDS-1347_GAaP_Gaia.fits,0.05613867163666833,0.0705874177550971,0.014448746118428765
KIDS_34.1_-35.1,KIDS_34p1_m35p1_r_SDSS.V1.3.0A_KiDS-1347_GAaP_Gaia.fits,-0.370294288960889,-0.0700976819322649,0.3001966070286241
KIDS_50.6_-30.2,KIDS_50p6_m30p2_r_SDSS.V1.3.0A_KiDS-1347_GAaP_Gaia.fits,0.1501465976361787,0.2446301822775926,0.09448358464141388
KIDS_21.9_-35.1,KIDS_21p9_m35p1_r_SDSS.V1.3.0A_KiDS-1347_GAaP_Gaia.fits,-0.11094081196962038,0.0646246743432507,0.17556548631287108
KIDS_220.0_0.5,KIDS_220p0_0p5_r_SDSS.V1.3.0A_KiDS-1347_GAaP_Gaia.fits,-0.02497487768841722,0.0435003230827077,0.06847520077112493
KIDS_133.0_-0.5,KIDS_133p0_m0p5_r_SDSS.V1.3.0A_KiDS-1347_GAaP_Gaia.fits,0.06701559479285962,0.0349521617969304,-0.032063432995929224
KIDS_340.6_-29.2,KIDS_340p6_m29p2_r_SDSS.V1.3.0A_KiDS-1347_GAaP_Gaia.fits,0.049637970573505205,0.1250784515173722,0.075440480943867
KIDS_331.2_-30.2,KIDS_331p2_m30p2_r_SDSS.V1.3.0A_KiDS-1347_GAaP_Gaia.fits,-0.010894455913946027,0.0070934053171863,0.01798786123113233
KIDS_161.4_3.5,KIDS_161p4_3p5_r_SDSS.V1.3.0A_KiDS-1347_GAaP_Gaia.fits,-0.006757556465282269,0.205990529015998,0.21274808548128027
KIDS_343.0_-35.1,KIDS_343p0_m35p1_r_SDSS.V1.3.0A_KiDS-1347_GAaP_Gaia.fits,-0.020875805098541478,0.0336642590023694,0.054540064100910876
KIDS_238.0_0.5,KIDS_238p0_0p5_r_SDSS.V1.3.0A_KiDS-1347_GAaP_Gaia.fits,0.010437887513195424,0.107734492147419,0.09729660463422357
KIDS_129.0_-0.5,KIDS_129p0_m0p5_r_SDSS.V1.3.0A_KiDS-1347_GAaP_Gaia.fits,0.05833782165762517,0.0700994595299226,0.011761637872297427
KIDS_197.5_-2.5,KIDS_197p5_m2p5_r_SDSS.V1.3.0A_KiDS-1347_GAaP_Gaia.fits,-0.11461348151461162,-0.056826419022357,0.05778706249225462
KIDS_164.0_-1.5,KIDS_164p0_m1p5_r_SDSS.V1.3.0A_KiDS-1347_GAaP_Gaia.fits,-0.22125908623496063,-0.0884599837302312,0.13279910250472943
KIDS_348.8_-27.2,KIDS_348p8_m27p2_r_SDSS.V1.3.0A_KiDS-1347_GAaP_Gaia.fits,-0.12347831371390192,-0.0008821519788423,0.12259616173505962
KIDS_210.6_3.5,KIDS_210p6_3p5_r_SDSS.V1.3.0A_KiDS-1347_GAaP_Gaia.fits,-0.10856547095616195,-0.0426872761569013,0.06587819479926066
KIDS_39.6_-34.1,KIDS_39p6_m34p1_r_SDSS.V1.3.0A_KiDS-1347_GAaP_Gaia.fits,0.0001426901342063691,0.0708942261204436,0.07075153598623724
KIDS_13.7_-29.2,KIDS_13p7_m29p2_r_SDSS.V1.3.0A_KiDS-1347_GAaP_Gaia.fits,-0.10218114500363012,-0.0454459706837707,0.05673517431985942
KIDS_233.6_2.5,KIDS_233p6_2p5_r_SDSS.V1.3.0A_KiDS-1347_GAaP_Gaia.fits,-0.10576260262269335,-0.012616684165837,0.09314591845685635
KIDS_189.0_-1.5,KIDS_189p0_m1p5_r_SDSS.V1.3.0A_KiDS-1347_GAaP_Gaia.fits,-0.189218404864802,-0.1208729025129065,0.06834550235189549
KIDS_15.7_-27.2,KIDS_15p7_m27p2_r_SDSS.V1.3.0A_KiDS-1347_GAaP_Gaia.fits,0.05526544257830447,0.0421458371298816,-0.013119605448422875
KIDS_358.9_-27.2,KIDS_358p9_m27p2_r_SDSS.V1.3.0A_KiDS-1347_GAaP_Gaia.fits,-0.0953000314720703,0.0086703415711021,0.1039703730431724
KIDS_168.0_1.5,KIDS_168p0_1p5_r_SDSS.V1.3.0A_KiDS-1347_GAaP_Gaia.fits,-0.05400431064526581,0.1184814527025378,0.17248576334780363
KIDS_335.2_-28.2,KIDS_335p2_m28p2_r_SDSS.V1.3.0A_KiDS-1347_GAaP_Gaia.fits,0.06809985531140351,0.0464813809651937,-0.021618474346209816
KIDS_19.2_-34.1,KIDS_19p2_m34p1_r_SDSS.V1.3.0A_KiDS-1347_GAaP_Gaia.fits,-0.0650785036494366,0.1271853411094349,0.1922638447588715
KIDS_2.4_-35.1,KIDS_2p4_m35p1_r_SDSS.V1.3.0A_KiDS-1347_GAaP_Gaia.fits,-0.051750737777071426,0.014391154073872,0.06614189185094342
KIDS_336.0_-34.1,KIDS_336p0_m34p1_r_SDSS.V1.3.0A_KiDS-1347_GAaP_Gaia.fits,-0.1780163550327268,-0.1146901881831652,0.0633261668495616
KIDS_47.1_-27.2,KIDS_47p1_m27p2_r_SDSS.V1.3.0A_KiDS-1347_GAaP_Gaia.fits,0.05971608953319282,0.1604084772350821,0.10069238770188926
KIDS_156.0_0.5,KIDS_156p0_0p5_r_SDSS.V1.3.0A_KiDS-1347_GAaP_Gaia.fits,0.009216333322914091,0.1327503594581702,0.12353402613525612
KIDS_16.5_-32.1,KIDS_16p5_m32p1_r_SDSS.V1.3.0A_KiDS-1347_GAaP_Gaia.fits,0.0575604137517505,0.1975862956895255,0.140025881937775
KIDS_216.0_-1.5,KIDS_216p0_m1p5_r_SDSS.V1.3.0A_KiDS-1347_GAaP_Gaia.fits,-0.04166050184752254,-0.0209243377629795,0.02073616408454304
KIDS_330.0_-34.1,KIDS_330p0_m34p1_r_SDSS.V1.3.0A_KiDS-1347_GAaP_Gaia.fits,-0.04977442773056659,0.0399874204789863,0.08976184820955288
KIDS_348.7_-28.2,KIDS_348p7_m28p2_r_SDSS.V1.3.0A_KiDS-1347_GAaP_Gaia.fits,0.05193794040437421,0.1281680850190977,0.0762301446147235
KIDS_228.0_-1.5,KIDS_228p0_m1p5_r_SDSS.V1.3.0A_KiDS-1347_GAaP_Gaia.fits,-0.013942372723038415,-0.008313394494257,0.0056289782287814154
KIDS_160.4_-2.5,KIDS_160p4_m2p5_r_SDSS.V1.3.0A_KiDS-1347_GAaP_Gaia.fits,-0.0776807380656181,0.0715139772014015,0.1491947152670196
KIDS_348.0_-34.1,KIDS_348p0_m34p1_r_SDSS.V1.3.0A_KiDS-1347_GAaP_Gaia.fits,0.037096610822356435,0.1167032487158248,0.07960663789346836
KIDS_224.0_-0.5,KIDS_224p0_m0p5_r_SDSS.V1.3.0A_KiDS-1347_GAaP_Gaia.fits,-0.06699180216931896,0.0251823374622089,0.09217413963152786
KIDS_185.0_1.5,KIDS_185p0_1p5_r_SDSS.V1.3.0A_KiDS-1347_GAaP_Gaia.fits,0.03360003162570892,0.0132836342522716,-0.020316397373437316
KIDS_29.4_-32.1,KIDS_29p4_m32p1_r_SDSS.V1.3.0A_KiDS-1347_GAaP_Gaia.fits,-0.03979174782281683,0.0332758182177277,0.07306756604054454
KIDS_19.4_-29.2,KIDS_19p4_m29p2_r_SDSS.V1.3.0A_KiDS-1347_GAaP_Gaia.fits,-0.08639155563150727,0.0325183463231312,0.11890990195463846
KIDS_214.6_2.5,KIDS_214p6_2p5_r_SDSS.V1.3.0A_KiDS-1347_GAaP_Gaia.fits,0.036558660659533795,0.0929634597890869,0.05640479912955311
KIDS_2.3_-28.2,KIDS_2p3_m28p2_r_SDSS.V1.3.0A_KiDS-1347_GAaP_Gaia.fits,-0.03937473381093673,0.0274347908792397,0.06680952469017643
KIDS_343.2_-34.1,KIDS_343p2_m34p1_r_SDSS.V1.3.0A_KiDS-1347_GAaP_Gaia.fits,-0.09934934462628,0.0532437759413697,0.1525931205676497
KIDS_346.9_-33.1,KIDS_346p9_m33p1_r_SDSS.V1.3.0A_KiDS-1347_GAaP_Gaia.fits,0.017808798481657118,0.047368548319409,0.029559749837751885
KIDS_45.6_-34.1,KIDS_45p6_m34p1_r_SDSS.V1.3.0A_KiDS-1347_GAaP_Gaia.fits,0.015841659120812618,0.122373534178357,0.10653187505754438
KIDS_180.5_3.5,KIDS_180p5_3p5_r_SDSS.V1.3.0A_KiDS-1347_GAaP_Gaia.fits,0.04229713348931278,0.1290510448522212,0.08675391136290841
KIDS_42.8_-33.1,KIDS_42p8_m33p1_r_SDSS.V1.3.0A_KiDS-1347_GAaP_Gaia.fits,0.025180188742044446,0.1727404630863044,0.14756027434425995
KIDS_201.6_-2.5,KIDS_201p6_m2p5_r_SDSS.V1.3.0A_KiDS-1347_GAaP_Gaia.fits,0.06989589807988393,0.1608914548065095,0.09099555672662556
KIDS_339.0_-31.2,KIDS_339p0_m31p2_r_SDSS.V1.3.0A_KiDS-1347_GAaP_Gaia.fits,0.08817162891910241,0.0957384771746774,0.007566848255574993
KIDS_47.8_-31.2,KIDS_47p8_m31p2_r_SDSS.V1.3.0A_KiDS-1347_GAaP_Gaia.fits,0.012386918668025187,0.1779148086020281,0.16552788993400291
KIDS_356.6_-27.2,KIDS_356p6_m27p2_r_SDSS.V1.3.0A_KiDS-1347_GAaP_Gaia.fits,-0.07763879018962627,-0.0046438752544869,0.07299491493513938
KIDS_52.4_-29.2,KIDS_52p4_m29p2_r_SDSS.V1.3.0A_KiDS-1347_GAaP_Gaia.fits,-0.022146493108974707,0.156379375719679,0.1785258688286537
KIDS_22.6_-28.2,KIDS_22p6_m28p2_r_SDSS.V1.3.0A_KiDS-1347_GAaP_Gaia.fits,-0.09832974445053497,0.0957484915090099,0.19407823595954488
KIDS_32.1_-33.1,KIDS_32p1_m33p1_r_SDSS.V1.3.0A_KiDS-1347_GAaP_Gaia.fits,-0.031901941154355434,0.0360593107300759,0.06796125188443133
KIDS_1.1_-29.2,KIDS_1p1_m29p2_r_SDSS.V1.3.0A_KiDS-1347_GAaP_Gaia.fits,-0.028771774608411904,0.0837647913635649,0.11253656597197681
KIDS_7.3_-35.1,KIDS_7p3_m35p1_r_SDSS.V1.3.0A_KiDS-1347_GAaP_Gaia.fits,-0.11094308916851262,-0.0012576130195936,0.10968547614891902
KIDS_207.0_-0.5,KIDS_207p0_m0p5_r_SDSS.V1.3.0A_KiDS-1347_GAaP_Gaia.fits,-0.01595936378599816,0.0662516763563242,0.08221104014232236
KIDS_330.7_-28.2,KIDS_330p7_m28p2_r_SDSS.V1.3.0A_KiDS-1347_GAaP_Gaia.fits,-0.05802719733431927,-0.0394067075479035,0.01862048978641577
KIDS_197.0_1.5,KIDS_197p0_1p5_r_SDSS.V1.3.0A_KiDS-1347_GAaP_Gaia.fits,0.09839407004334498,0.0743164754297357,-0.024077594613609282
KIDS_136.0_-0.5,KIDS_136p0_m0p5_r_SDSS.V1.3.0A_KiDS-1347_GAaP_Gaia.fits,0.05529289772004111,0.106810731613445,0.051517833893403885
KIDS_216.0_-0.5,KIDS_216p0_m0p5_r_SDSS.V1.3.0A_KiDS-1347_GAaP_Gaia.fits,0.06980384939337939,0.1332190534657196,0.06341520407234022
KIDS_33.6_-27.2,KIDS_33p6_m27p2_r_SDSS.V1.3.0A_KiDS-1347_GAaP_Gaia.fits,-0.10323270338164517,-0.0565292157535449,0.04670348762810027
KIDS_135.4_2.5,KIDS_135p4_2p5_r_SDSS.V1.3.0A_KiDS-1347_GAaP_Gaia.fits,-0.05238894986478157,-0.0287801367110759,0.02360881315370567
KIDS_174.5_3.5,KIDS_174p5_3p5_r_SDSS.V1.3.0A_KiDS-1347_GAaP_Gaia.fits,-0.08027600377791413,0.0143543739112818,0.09463037768919594
KIDS_7.9_-27.2,KIDS_7p9_m27p2_r_SDSS.V1.3.0A_KiDS-1347_GAaP_Gaia.fits,-0.13416917324309816,0.0753270859258447,0.20949625916894285
KIDS_193.0_-1.5,KIDS_193p0_m1p5_r_SDSS.V1.3.0A_KiDS-1347_GAaP_Gaia.fits,-0.01578648472168359,0.0575779225689611,0.0733644072906447
KIDS_180.0_-0.5,KIDS_180p0_m0p5_r_SDSS.V1.3.0A_KiDS-1347_GAaP_Gaia.fits,0.055890676274810036,0.0133587640249286,-0.04253191224988144
KIDS_213.6_3.5,KIDS_213p6_3p5_r_SDSS.V1.3.0A_KiDS-1347_GAaP_Gaia.fits,0.04621628307947182,0.1666156232021954,0.12039934012272357
KIDS_228.6_2.5,KIDS_228p6_2p5_r_SDSS.V1.3.0A_KiDS-1347_GAaP_Gaia.fits,-0.04615993867213683,0.0015633286205431,0.04772326729267993
KIDS_4.5_-28.2,KIDS_4p5_m28p2_r_SDSS.V1.3.0A_KiDS-1347_GAaP_Gaia.fits,0.045635254334402575,0.1517763617420115,0.10614110740760893
KIDS_236.0_1.5,KIDS_236p0_1p5_r_SDSS.V1.3.0A_KiDS-1347_GAaP_Gaia.fits,-0.08210336597223397,-0.0096578581806931,0.07244550779154087
KIDS_191.0_1.5,KIDS_191p0_1p5_r_SDSS.V1.3.0A_KiDS-1347_GAaP_Gaia.fits,-0.2061976163986957,-0.1048879672878068,0.10130964911088888
KIDS_47.4_-28.2,KIDS_47p4_m28p2_r_SDSS.V1.3.0A_KiDS-1347_GAaP_Gaia.fits,0.048755292822335844,0.2031214857558239,0.15436619293348805
KIDS_169.5_3.5,KIDS_169p5_3p5_r_SDSS.V1.3.0A_KiDS-1347_GAaP_Gaia.fits,-0.023155771332358938,0.1479418637975823,0.17109763512994125
KIDS_167.0_-1.5,KIDS_167p0_m1p5_r_SDSS.V1.3.0A_KiDS-1347_GAaP_Gaia.fits,-0.06557850248661748,0.047008764149118,0.11258726663573548
KIDS_207.0_1.5,KIDS_207p0_1p5_r_SDSS.V1.3.0A_KiDS-1347_GAaP_Gaia.fits,-0.21148573103044585,-0.1452876264134967,0.06619810461694914
KIDS_347.3_-30.2,KIDS_347p3_m30p2_r_SDSS.V1.3.0A_KiDS-1347_GAaP_Gaia.fits,0.09831346571161316,0.1606606687376495,0.062347203026036344
KIDS_179.0_-1.5,KIDS_179p0_m1p5_r_SDSS.V1.3.0A_KiDS-1347_GAaP_Gaia.fits,0.05979499912593174,0.06177431122007,0.0019793120941382636
KIDS_137.0_-0.5,KIDS_137p0_m0p5_r_SDSS.V1.3.0A_KiDS-1347_GAaP_Gaia.fits,-0.059490196629615716,-0.0445384416654962,0.014951754964119518
KIDS_344.7_-32.1,KIDS_344p7_m32p1_r_SDSS.V1.3.0A_KiDS-1347_GAaP_Gaia.fits,0.040437770894912656,0.1186598527002091,0.07822208180529644
KIDS_41.0_-29.2,KIDS_41p0_m29p2_r_SDSS.V1.3.0A_KiDS-1347_GAaP_Gaia.fits,-0.16746972562350979,-0.1097823150558801,0.05768741056762969
KIDS_16.8_-27.2,KIDS_16p8_m27p2_r_SDSS.V1.3.0A_KiDS-1347_GAaP_Gaia.fits,-0.07556334640804413,-0.049237660458316,0.02632568594972813
KIDS_333.8_-29.2,KIDS_333p8_m29p2_r_SDSS.V1.3.0A_KiDS-1347_GAaP_Gaia.fits,-0.059336539187753085,0.0352039439475254,0.09454048313527849
KIDS_187.5_3.5,KIDS_187p5_3p5_r_SDSS.V1.3.0A_KiDS-1347_GAaP_Gaia.fits,-0.14447980786868805,-0.0952829306993113,0.04919687716937675
KIDS_21.0_-31.2,KIDS_21p0_m31p2_r_SDSS.V1.3.0A_KiDS-1347_GAaP_Gaia.fits,0.06452458080216268,0.2211695537906304,0.15664497298846775
KIDS_48.0_-34.1,KIDS_48p0_m34p1_r_SDSS.V1.3.0A_KiDS-1347_GAaP_Gaia.fits,-0.02083290076553751,0.1614970755281554,0.1823299762936929
KIDS_224.6_3.5,KIDS_224p6_3p5_r_SDSS.V1.3.0A_KiDS-1347_GAaP_Gaia.fits,-0.16636566989712212,-0.0471068486297805,0.11925882126734162
KIDS_35.0_-31.2,KIDS_35p0_m31p2_r_SDSS.V1.3.0A_KiDS-1347_GAaP_Gaia.fits,-0.04489414306871961,0.1777595236686764,0.222653666737396
KIDS_213.0_-1.5,KIDS_213p0_m1p5_r_SDSS.V1.3.0A_KiDS-1347_GAaP_Gaia.fits,-0.0816285222775757,0.0360971166744622,0.11772563895203789
KIDS_355.4_-29.2,KIDS_355p4_m29p2_r_SDSS.V1.3.0A_KiDS-1347_GAaP_Gaia.fits,0.016754653887683185,0.0722014140664926,0.05544676017880941
KIDS_346.6_-35.1,KIDS_346p6_m35p1_r_SDSS.V1.3.0A_KiDS-1347_GAaP_Gaia.fits,-0.10018290982702568,-0.0502719988074423,0.049910911019583386
KIDS_198.6_3.5,KIDS_198p6_3p5_r_SDSS.V1.3.0A_KiDS-1347_GAaP_Gaia.fits,0.02172422609605966,0.0355615641917084,0.013837338095648744
KIDS_215.6_-2.5,KIDS_215p6_m2p5_r_SDSS.V1.3.0A_KiDS-1347_GAaP_Gaia.fits,0.08477180833981929,0.1900595927673419,0.10528778442752262
KIDS_163.0_1.5,KIDS_163p0_1p5_r_SDSS.V1.3.0A_KiDS-1347_GAaP_Gaia.fits,-0.022426513562021744,0.140025534522945,0.16245204808496674
KIDS_329.7_-31.2,KIDS_329p7_m31p2_r_SDSS.V1.3.0A_KiDS-1347_GAaP_Gaia.fits,0.027940978777275666,0.1279187054293196,0.09997772665204394
KIDS_40.4_-27.2,KIDS_40p4_m27p2_r_SDSS.V1.3.0A_KiDS-1347_GAaP_Gaia.fits,-0.07028392221564808,-0.000645363142689,0.06963855907295909
KIDS_205.0_-0.5,KIDS_205p0_m0p5_r_SDSS.V1.3.0A_KiDS-1347_GAaP_Gaia.fits,-0.020111812082529643,0.0905618915818198,0.11067370366434945
KIDS_217.6_-3.5,KIDS_217p6_m3p5_r_SDSS.V1.3.0A_KiDS-1347_GAaP_Gaia.fits,-0.09742969039197857,-0.0352107734385582,0.062218916953420376
KIDS_235.7_2.5,KIDS_235p7_2p5_r_SDSS.V1.3.0A_KiDS-1347_GAaP_Gaia.fits,-0.02152441827003601,0.038870973479624,0.060395391749660014
KIDS_183.0_-1.5,KIDS_183p0_m1p5_r_SDSS.V1.3.0A_KiDS-1347_GAaP_Gaia.fits,-8.777705658488677e-05,-0.0126073586453799,-0.012519581588795013
KIDS_11.3_-28.2,KIDS_11p3_m28p2_r_SDSS.V1.3.0A_KiDS-1347_GAaP_Gaia.fits,-0.022035706597053062,0.0187771356440263,0.04081284224107937
KIDS_334.5_-35.1,KIDS_334p5_m35p1_r_SDSS.V1.3.0A_KiDS-1347_GAaP_Gaia.fits,0.0675398844814606,0.0968783133745405,0.0293384288930799
KIDS_37.0_-27.2,KIDS_37p0_m27p2_r_SDSS.V1.3.0A_KiDS-1347_GAaP_Gaia.fits,-0.1040585843647008,0.1434243112652879,0.2474828956299887
KIDS_224.0_0.5,KIDS_224p0_0p5_r_SDSS.V1.3.0A_KiDS-1347_GAaP_Gaia.fits,0.06015790917497485,0.1576541880357861,0.09749627886081125
KIDS_183.5_-3.5,KIDS_183p5_m3p5_r_SDSS.V1.3.0A_KiDS-1347_GAaP_Gaia.fits,-0.044043795990831164,0.0576191817442523,0.10166297773508345
KIDS_338.4_-29.2,KIDS_338p4_m29p2_r_SDSS.V1.3.0A_KiDS-1347_GAaP_Gaia.fits,0.015825389066069687,0.0456352720990081,0.02980988303293841
KIDS_19.8_-31.2,KIDS_19p8_m31p2_r_SDSS.V1.3.0A_KiDS-1347_GAaP_Gaia.fits,-0.008147631335520891,0.0486689865631226,0.05681661789864349
KIDS_209.6_3.5,KIDS_209p6_3p5_r_SDSS.V1.3.0A_KiDS-1347_GAaP_Gaia.fits,0.044606507939875396,0.1120052724380138,0.06739876449813839
KIDS_40.8_-34.1,KIDS_40p8_m34p1_r_SDSS.V1.3.0A_KiDS-1347_GAaP_Gaia.fits,0.11775691767398978,0.2503576345875914,0.13260071691360165
KIDS_343.1_-28.2,KIDS_343p1_m28p2_r_SDSS.V1.3.0A_KiDS-1347_GAaP_Gaia.fits,-0.05121745642148906,-0.0282304153677641,0.02298704105372496
KIDS_227.6_2.5,KIDS_227p6_2p5_r_SDSS.V1.3.0A_KiDS-1347_GAaP_Gaia.fits,-0.07241496961903188,0.1124394809878425,0.1848544506068744
KIDS_212.6_-3.5,KIDS_212p6_m3p5_r_SDSS.V1.3.0A_KiDS-1347_GAaP_Gaia.fits,-0.29044704004223443,-0.1295699436909766,0.16087709635125783
KIDS_53.3_-26.2,KIDS_53p3_m26p2_r_SDSS.V1.3.0A_KiDS-1347_GAaP_Gaia.fits,-0.02800218922017958,0.1994536197221217,0.22745580894230127
KIDS_340.9_-27.2,KIDS_340p9_m27p2_r_SDSS.V1.3.0A_KiDS-1347_GAaP_Gaia.fits,-0.08350425817284865,-0.0143268129744333,0.06917744519841534
KIDS_225.0_-0.5,KIDS_225p0_m0p5_r_SDSS.V1.3.0A_KiDS-1347_GAaP_Gaia.fits,0.057690638183218415,0.1464629884622964,0.088772350279078
KIDS_337.2_-29.2,KIDS_337p2_m29p2_r_SDSS.V1.3.0A_KiDS-1347_GAaP_Gaia.fits,0.021401129727139714,0.0425538366027974,0.021152706875657686
KIDS_193.0_1.5,KIDS_193p0_1p5_r_SDSS.V1.3.0A_KiDS-1347_GAaP_Gaia.fits,-0.19421772784277794,-0.1415756958259432,0.05264203201683473
KIDS_40.0_-32.1,KIDS_40p0_m32p1_r_SDSS.V1.3.0A_KiDS-1347_GAaP_Gaia.fits,0.057001471608214414,0.1100880902471234,0.05308661863890899
KIDS_208.0_-1.5,KIDS_208p0_m1p5_r_SDSS.V1.3.0A_KiDS-1347_GAaP_Gaia.fits,0.04325627867835237,0.1452310883237468,0.10197480964539442
KIDS_167.0_1.5,KIDS_167p0_1p5_r_SDSS.V1.3.0A_KiDS-1347_GAaP_Gaia.fits,-0.0753023035167105,0.0797585272422542,0.1550608307589647
KIDS_24.0_-34.1,KIDS_24p0_m34p1_r_SDSS.V1.3.0A_KiDS-1347_GAaP_Gaia.fits,0.035743557624023675,0.2070758636352154,0.17133230601119173
KIDS_192.0_1.5,KIDS_192p0_1p5_r_SDSS.V1.3.0A_KiDS-1347_GAaP_Gaia.fits,-0.2358533031968085,-0.2088390735613747,0.02701422963543379
KIDS_338.1_-35.1,KIDS_338p1_m35p1_r_SDSS.V1.3.0A_KiDS-1347_GAaP_Gaia.fits,0.025154311001772137,0.0704783575636799,0.04532404656190776
KIDS_203.0_0.5,KIDS_203p0_0p5_r_SDSS.V1.3.0A_KiDS-1347_GAaP_Gaia.fits,0.008476967372489042,0.1007432157303176,0.09226624835782855
KIDS_0.0_-31.2,KIDS_0p0_m31p2_r_SDSS.V1.3.0A_KiDS-1347_GAaP_Gaia.fits,0.022570535806519992,0.0952964235006771,0.07272588769415711
KIDS_33.0_-29.2,KIDS_33p0_m29p2_r_SDSS.V1.3.0A_KiDS-1347_GAaP_Gaia.fits,-0.07427776637032543,0.1179595669729313,0.19223733334325674
KIDS_205.6_3.5,KIDS_205p6_3p5_r_SDSS.V1.3.0A_KiDS-1347_GAaP_Gaia.fits,0.021663337975644598,0.0962166579298685,0.0745533199542239
KIDS_36.5_-32.1,KIDS_36p5_m32p1_r_SDSS.V1.3.0A_KiDS-1347_GAaP_Gaia.fits,0.0782054706908362,0.2431695086303695,0.1649640379395333
KIDS_21.6_-29.2,KIDS_21p6_m29p2_r_SDSS.V1.3.0A_KiDS-1347_GAaP_Gaia.fits,-0.09615595420467021,0.1170011996866144,0.21315715389128462
KIDS_49.9_-35.1,KIDS_49p9_m35p1_r_SDSS.V1.3.0A_KiDS-1347_GAaP_Gaia.fits,-0.03308369794130081,0.037025073640575,0.07010877158187581
KIDS_47.8_-29.2,KIDS_47p8_m29p2_r_SDSS.V1.3.0A_KiDS-1347_GAaP_Gaia.fits,-0.10319393694121629,0.0408626322700824,0.14405656921129867
KIDS_172.5_-3.5,KIDS_172p5_m3p5_r_SDSS.V1.3.0A_KiDS-1347_GAaP_Gaia.fits,-0.09160494273803899,0.0989341266246575,0.1905390693626965
KIDS_16.9_-28.2,KIDS_16p9_m28p2_r_SDSS.V1.3.0A_KiDS-1347_GAaP_Gaia.fits,-0.06636474702439035,0.0805747840415206,0.14693953106591096
KIDS_43.7_-27.2,KIDS_43p7_m27p2_r_SDSS.V1.3.0A_KiDS-1347_GAaP_Gaia.fits,-0.09467360165484809,0.1043750302317012,0.19904863188654928
KIDS_26.0_-28.2,KIDS_26p0_m28p2_r_SDSS.V1.3.0A_KiDS-1347_GAaP_Gaia.fits,-0.08186556660461755,0.0551409518907331,0.13700651849535064
KIDS_224.6_2.5,KIDS_224p6_2p5_r_SDSS.V1.3.0A_KiDS-1347_GAaP_Gaia.fits,0.04792127166784568,0.1154664463822264,0.06754517471438072
KIDS_160.4_-3.5,KIDS_160p4_m3p5_r_SDSS.V1.3.0A_KiDS-1347_GAaP_Gaia.fits,-0.04624076040054728,0.0057704626608894,0.052011223061436684
KIDS_176.0_1.5,KIDS_176p0_1p5_r_SDSS.V1.3.0A_KiDS-1347_GAaP_Gaia.fits,0.060093935806402606,0.1061863856835322,0.04609244987712959
KIDS_222.6_3.5,KIDS_222p6_3p5_r_SDSS.V1.3.0A_KiDS-1347_GAaP_Gaia.fits,0.05621529798099299,0.1384285023403466,0.0822132043593536
KIDS_222.6_-3.5,KIDS_222p6_m3p5_r_SDSS.V1.3.0A_KiDS-1347_GAaP_Gaia.fits,-0.16653216307657612,-0.0895464586321076,0.07698570444446852
KIDS_37.2_-34.1,KIDS_37p2_m34p1_r_SDSS.V1.3.0A_KiDS-1347_GAaP_Gaia.fits,0.013746029907427987,-0.0030702807757363,-0.016816310683164287
KIDS_42.6_-27.2,KIDS_42p6_m27p2_r_SDSS.V1.3.0A_KiDS-1347_GAaP_Gaia.fits,-0.10477505477756699,0.125786363012036,0.23056141778960298
KIDS_332.0_-35.1,KIDS_332p0_m35p1_r_SDSS.V1.3.0A_KiDS-1347_GAaP_Gaia.fits,-0.022398263052026635,0.007481914488466,0.029880177540492634
KIDS_177.0_1.5,KIDS_177p0_1p5_r_SDSS.V1.3.0A_KiDS-1347_GAaP_Gaia.fits,0.013211652235383911,0.06407473281547,0.050863080580086095
KIDS_215.6_3.5,KIDS_215p6_3p5_r_SDSS.V1.3.0A_KiDS-1347_GAaP_Gaia.fits,-0.16188962799903509,-0.1148965650766752,0.046993062922359885
KIDS_178.0_1.5,KIDS_178p0_1p5_r_SDSS.V1.3.0A_KiDS-1347_GAaP_Gaia.fits,0.015514923654553425,-0.0347701798671405,-0.05028510352169392
KIDS_161.0_-0.5,KIDS_161p0_m0p5_r_SDSS.V1.3.0A_KiDS-1347_GAaP_Gaia.fits,0.039211677183866825,0.1683124241841703,0.1291007470003035
KIDS_204.6_2.5,KIDS_204p6_2p5_r_SDSS.V1.3.0A_KiDS-1347_GAaP_Gaia.fits,-0.09713152553538712,-0.023523582335572,0.07360794319981512
KIDS_31.1_-30.2,KIDS_31p1_m30p2_r_SDSS.V1.3.0A_KiDS-1347_GAaP_Gaia.fits,0.0691292238575156,0.2494831368794621,0.1803539130219465
KIDS_347.5_-29.2,KIDS_347p5_m29p2_r_SDSS.V1.3.0A_KiDS-1347_GAaP_Gaia.fits,0.029925413460840572,0.1532558718578874,0.12333045839704682
KIDS_200.0_1.5,KIDS_200p0_1p5_r_SDSS.V1.3.0A_KiDS-1347_GAaP_Gaia.fits,-0.21682214382097434,-0.1563766481395024,0.06044549568147195
KIDS_178.0_0.5,KIDS_178p0_0p5_r_SDSS.V1.3.0A_KiDS-1347_GAaP_Gaia.fits,0.013424657806583404,0.0096066294451212,-0.0038180283614622033
KIDS_130.0_-1.5,KIDS_130p0_m1p5_r_SDSS.V1.3.0A_KiDS-1347_GAaP_Gaia.fits,0.06703181577334226,0.0064771548191967,-0.06055466095414556
KIDS_24.7_-27.2,KIDS_24p7_m27p2_r_SDSS.V1.3.0A_KiDS-1347_GAaP_Gaia.fits,-0.07817900994013835,0.0391182695232191,0.11729727946335744
KIDS_38.0_-33.1,KIDS_38p0_m33p1_r_SDSS.V1.3.0A_KiDS-1347_GAaP_Gaia.fits,-0.0011052603738380684,0.1380522207987612,0.13915748117259927
KIDS_357.7_-29.2,KIDS_357p7_m29p2_r_SDSS.V1.3.0A_KiDS-1347_GAaP_Gaia.fits,0.058776229520057954,0.1557084924885859,0.09693226296852794
KIDS_335.5_-31.2,KIDS_335p5_m31p2_r_SDSS.V1.3.0A_KiDS-1347_GAaP_Gaia.fits,-0.004414502612152885,0.0606439336780181,0.06505843629017098
KIDS_163.0_0.5,KIDS_163p0_0p5_r_SDSS.V1.3.0A_KiDS-1347_GAaP_Gaia.fits,-0.020201921276417484,0.0290419859866211,0.04924390726303858
KIDS_192.5_-3.5,KIDS_192p5_m3p5_r_SDSS.V1.3.0A_KiDS-1347_GAaP_Gaia.fits,0.019730716021214498,0.1707193370718821,0.15098862105066763
KIDS_157.0_-1.5,KIDS_157p0_m1p5_r_SDSS.V1.3.0A_KiDS-1347_GAaP_Gaia.fits,-0.041988478902918375,0.0517083730298701,0.09369685193278848
KIDS_351.6_-34.1,KIDS_351p6_m34p1_r_SDSS.V1.3.0A_KiDS-1347_GAaP_Gaia.fits,-0.08730897448423977,0.0898672457559912,0.17717622024023097
KIDS_183.5_3.5,KIDS_183p5_3p5_r_SDSS.V1.3.0A_KiDS-1347_GAaP_Gaia.fits,-0.1393085187437815,-0.0730624648161466,0.0662460539276349
KIDS_226.0_0.5,KIDS_226p0_0p5_r_SDSS.V1.3.0A_KiDS-1347_GAaP_Gaia.fits,0.06235686334285588,0.1548014539962697,0.09244459065341383
KIDS_25.6_-31.2,KIDS_25p6_m31p2_r_SDSS.V1.3.0A_KiDS-1347_GAaP_Gaia.fits,-0.04068549060494761,-0.0371978428383489,0.0034876477665987116
KIDS_47.2_-30.2,KIDS_47p2_m30p2_r_SDSS.V1.3.0A_KiDS-1347_GAaP_Gaia.fits,0.1040415411746451,0.0606553665890834,-0.0433861745855617
KIDS_161.0_1.5,KIDS_161p0_1p5_r_SDSS.V1.3.0A_KiDS-1347_GAaP_Gaia.fits,-0.05377578956552978,0.0472674959707708,0.10104328553630057
KIDS_237.0_-0.5,KIDS_237p0_m0p5_r_SDSS.V1.3.0A_KiDS-1347_GAaP_Gaia.fits,0.014774172466281751,0.0793800849168386,0.06460591245055684
KIDS_350.9_-29.2,KIDS_350p9_m29p2_r_SDSS.V1.3.0A_KiDS-1347_GAaP_Gaia.fits,0.05477328271750052,0.2007515443912225,0.145978261673722
KIDS_203.6_-3.5,KIDS_203p6_m3p5_r_SDSS.V1.3.0A_KiDS-1347_GAaP_Gaia.fits,0.0326973387042262,0.0972210195805225,0.0645236808762963
KIDS_53.5_-33.1,KIDS_53p5_m33p1_r_SDSS.V1.3.0A_KiDS-1347_GAaP_Gaia.fits,0.009151115213370836,0.0506320865440009,0.04148097133063006
KIDS_34.8_-34.1,KIDS_34p8_m34p1_r_SDSS.V1.3.0A_KiDS-1347_GAaP_Gaia.fits,0.021077344096808406,0.2228782324668595,0.2018008883700511
KIDS_201.6_2.5,KIDS_201p6_2p5_r_SDSS.V1.3.0A_KiDS-1347_GAaP_Gaia.fits,-0.06919407855618934,-0.010035664084103,0.059158414472086335
KIDS_131.0_1.5,KIDS_131p0_1p5_r_SDSS.V1.3.0A_KiDS-1347_GAaP_Gaia.fits,0.06013148225818177,0.0833209395167496,0.02318945725856783
KIDS_12.7_-30.2,KIDS_12p7_m30p2_r_SDSS.V1.3.0A_KiDS-1347_GAaP_Gaia.fits,-0.08962431302929577,0.1128108645865756,0.20243517761587138
KIDS_232.6_2.5,KIDS_232p6_2p5_r_SDSS.V1.3.0A_KiDS-1347_GAaP_Gaia.fits,-0.2052133129168673,-0.1032953529105354,0.10191796000633191
KIDS_355.5_-27.2,KIDS_355p5_m27p2_r_SDSS.V1.3.0A_KiDS-1347_GAaP_Gaia.fits,-0.09682711217596238,0.0331570309272695,0.12998414310323186
KIDS_52.2_-26.2,KIDS_52p2_m26p2_r_SDSS.V1.3.0A_KiDS-1347_GAaP_Gaia.fits,-0.0661168876304459,0.1127106664854841,0.17882755411593
KIDS_170.0_-0.5,KIDS_170p0_m0p5_r_SDSS.V1.3.0A_KiDS-1347_GAaP_Gaia.fits,-0.04569427009839899,0.0594582225035262,0.10515249260192519
KIDS_12.4_-28.2,KIDS_12p4_m28p2_r_SDSS.V1.3.0A_KiDS-1347_GAaP_Gaia.fits,0.06832862633401195,0.211374721921935,0.14304609558792303
KIDS_336.2_-33.1,KIDS_336p2_m33p1_r_SDSS.V1.3.0A_KiDS-1347_GAaP_Gaia.fits,0.06132871814688676,0.1045516229807416,0.04322290483385484
KIDS_330.4_-29.2,KIDS_330p4_m29p2_r_SDSS.V1.3.0A_KiDS-1347_GAaP_Gaia.fits,0.01551349874885631,0.1387707771924615,0.12325727844360519
KIDS_130.4_2.5,KIDS_130p4_2p5_r_SDSS.V1.3.0A_KiDS-1347_GAaP_Gaia.fits,0.05197550659540026,0.0229530647746729,-0.02902244182072736
KIDS_221.0_-0.5,KIDS_221p0_m0p5_r_SDSS.V1.3.0A_KiDS-1347_GAaP_Gaia.fits,0.07773717820804393,0.1375334149162621,0.05979623670821815
KIDS_31.8_-32.1,KIDS_31p8_m32p1_r_SDSS.V1.3.0A_KiDS-1347_GAaP_Gaia.fits,-0.07281114057699725,0.1650062098324063,0.23781735040940355
KIDS_10.6_-32.1,KIDS_10p6_m32p1_r_SDSS.V1.3.0A_KiDS-1347_GAaP_Gaia.fits,-0.00787280926277903,0.1225830511529333,0.13045586041571233
KIDS_169.0_-1.5,KIDS_169p0_m1p5_r_SDSS.V1.3.0A_KiDS-1347_GAaP_Gaia.fits,-0.2323886948364793,-0.1087919247592522,0.12359677007722711
KIDS_161.0_0.5,KIDS_161p0_0p5_r_SDSS.V1.3.0A_KiDS-1347_GAaP_Gaia.fits,-0.02392286431798485,0.0595665569387264,0.08348942125671124
KIDS_338.4_-34.1,KIDS_338p4_m34p1_r_SDSS.V1.3.0A_KiDS-1347_GAaP_Gaia.fits,0.06339748044028377,0.1381440091568263,0.07474652871654251
KIDS_197.0_0.5,KIDS_197p0_0p5_r_SDSS.V1.3.0A_KiDS-1347_GAaP_Gaia.fits,-0.037293605353403814,0.0763904584750073,0.11368406382841112
KIDS_162.5_-3.5,KIDS_162p5_m3p5_r_SDSS.V1.3.0A_KiDS-1347_GAaP_Gaia.fits,-0.15955839786560208,-0.1107443706299255,0.048814027235676585
KIDS_139.4_2.5,KIDS_139p4_2p5_r_SDSS.V1.3.0A_KiDS-1347_GAaP_Gaia.fits,-0.03356724181789089,0.0236390217345585,0.05720626355244939
KIDS_168.0_-0.5,KIDS_168p0_m0p5_r_SDSS.V1.3.0A_KiDS-1347_GAaP_Gaia.fits,-0.04414746396548272,0.0919663651433626,0.1361138291088453
KIDS_46.3_-33.1,KIDS_46p3_m33p1_r_SDSS.V1.3.0A_KiDS-1347_GAaP_Gaia.fits,-0.011846568848186328,0.078863278013088,0.09070984686127433
KIDS_182.0_0.5,KIDS_182p0_0p5_r_SDSS.V1.3.0A_KiDS-1347_GAaP_Gaia.fits,0.060853744830407286,0.1205219961877375,0.05966825135733021
KIDS_333.2_-31.2,KIDS_333p2_m31p2_r_SDSS.V1.3.0A_KiDS-1347_GAaP_Gaia.fits,0.06060753490970879,0.1407498953721863,0.0801423604624775
KIDS_206.0_-0.5,KIDS_206p0_m0p5_r_SDSS.V1.3.0A_KiDS-1347_GAaP_Gaia.fits,-0.01979867869486772,0.0845523444296977,0.10435102312456541
KIDS_213.6_-3.5,KIDS_213p6_m3p5_r_SDSS.V1.3.0A_KiDS-1347_GAaP_Gaia.fits,-0.09275073736224151,-0.0153352991813658,0.07741543818087572
KIDS_216.0_1.5,KIDS_216p0_1p5_r_SDSS.V1.3.0A_KiDS-1347_GAaP_Gaia.fits,-0.040657281246659016,0.005842432578048,0.046499713824707016
KIDS_28.5_-29.2,KIDS_28p5_m29p2_r_SDSS.V1.3.0A_KiDS-1347_GAaP_Gaia.fits,-0.06690790111618869,0.1888609050966114,0.25576880621280007
KIDS_331.2_-34.1,KIDS_331p2_m34p1_r_SDSS.V1.3.0A_KiDS-1347_GAaP_Gaia.fits,-0.07289290689209976,-0.0266284887105739,0.046264418181525865
KIDS_189.5_-2.5,KIDS_189p5_m2p5_r_SDSS.V1.3.0A_KiDS-1347_GAaP_Gaia.fits,-0.07487038080607736,0.0406991821530763,0.11556956295915366
KIDS_43.7_-30.2,KIDS_43p7_m30p2_r_SDSS.V1.3.0A_KiDS-1347_GAaP_Gaia.fits,0.022799294569648493,0.1074608968226653,0.0846616022530168
KIDS_21.2_-32.1,KIDS_21p2_m32p1_r_SDSS.V1.3.0A_KiDS-1347_GAaP_Gaia.fits,0.04930372011157574,0.1314581811071968,0.08215446099562104
KIDS_43.1_-31.2,KIDS_43p1_m31p2_r_SDSS.V1.3.0A_KiDS-1347_GAaP_Gaia.fits,-0.019325885084658184,0.1549021014462323,0.17422798653089047
KIDS_218.0_1.5,KIDS_218p0_1p5_r_SDSS.V1.3.0A_KiDS-1347_GAaP_Gaia.fits,0.00627493113190139,0.0056845389731413,-0.0005903921587600905
KIDS_45.1_-33.1,KIDS_45p1_m33p1_r_SDSS.V1.3.0A_KiDS-1347_GAaP_Gaia.fits,0.07305117244165371,0.1936843686737805,0.12063319623212679
KIDS_44.9_-30.2,KIDS_44p9_m30p2_r_SDSS.V1.3.0A_KiDS-1347_GAaP_Gaia.fits,0.02515083870061148,0.2125714568451767,0.18742061814456523
KIDS_158.4_3.5,KIDS_158p4_3p5_r_SDSS.V1.3.0A_KiDS-1347_GAaP_Gaia.fits,-0.1351376916052555,0.0371891466304085,0.172326838235664
KIDS_31.4_-27.2,KIDS_31p4_m27p2_r_SDSS.V1.3.0A_KiDS-1347_GAaP_Gaia.fits,-0.09155465588648318,-0.050775925234262,0.04077873065222118
KIDS_179.5_2.5,KIDS_179p5_2p5_r_SDSS.V1.3.0A_KiDS-1347_GAaP_Gaia.fits,0.089632042005786,0.0916085335046909,0.0019764914989049004
KIDS_186.0_1.5,KIDS_186p0_1p5_r_SDSS.V1.3.0A_KiDS-1347_GAaP_Gaia.fits,0.05582109460229488,0.1418438147285873,0.0860227201262924
KIDS_177.0_-0.5,KIDS_177p0_m0p5_r_SDSS.V1.3.0A_KiDS-1347_GAaP_Gaia.fits,0.05372987921515941,0.1191344595536204,0.06540458033846099
KIDS_224.0_1.5,KIDS_224p0_1p5_r_SDSS.V1.3.0A_KiDS-1347_GAaP_Gaia.fits,0.08105526191604868,0.1711744661484159,0.0901192042323672
KIDS_140.4_2.5,KIDS_140p4_2p5_r_SDSS.V1.3.0A_KiDS-1347_GAaP_Gaia.fits,0.03752371069934423,0.0819998634264959,0.04447615272715167
KIDS_340.5_-35.1,KIDS_340p5_m35p1_r_SDSS.V1.3.0A_KiDS-1347_GAaP_Gaia.fits,-0.04886295079020378,0.0101759750290084,0.059038925819212176
KIDS_178.5_-3.5,KIDS_178p5_m3p5_r_SDSS.V1.3.0A_KiDS-1347_GAaP_Gaia.fits,0.07354104809781101,0.1371778353208426,0.0636367872230316
KIDS_177.5_2.5,KIDS_177p5_2p5_r_SDSS.V1.3.0A_KiDS-1347_GAaP_Gaia.fits,0.02500667337656247,0.0247416459347806,-0.00026502744178186904
KIDS_51.3_-29.2,KIDS_51p3_m29p2_r_SDSS.V1.3.0A_KiDS-1347_GAaP_Gaia.fits,-0.06560672890497518,0.0670971627548051,0.13270389165978028
KIDS_194.5_-3.5,KIDS_194p5_m3p5_r_SDSS.V1.3.0A_KiDS-1347_GAaP_Gaia.fits,0.07546098894856229,0.1288947145010784,0.053433725552516104
KIDS_48.9_-31.2,KIDS_48p9_m31p2_r_SDSS.V1.3.0A_KiDS-1347_GAaP_Gaia.fits,0.1385904859294918,0.3499524351533545,0.2113619492238627
KIDS_0.0_-27.2,KIDS_0p0_m27p2_r_SDSS.V1.3.0A_KiDS-1347_GAaP_Gaia.fits,-0.09295666979526948,0.0422102293345627,0.13516689912983218
KIDS_18.6_-31.2,KIDS_18p6_m31p2_r_SDSS.V1.3.0A_KiDS-1347_GAaP_Gaia.fits,-0.08197751931854466,-0.0575910747161678,0.024386444602376864
KIDS_49.9_-33.1,KIDS_49p9_m33p1_r_SDSS.V1.3.0A_KiDS-1347_GAaP_Gaia.fits,0.12526847592972684,0.3050453342857678,0.17977685835604096
KIDS_336.3_-28.2,KIDS_336p3_m28p2_r_SDSS.V1.3.0A_KiDS-1347_GAaP_Gaia.fits,-0.03912131504854552,-0.0302689385231489,0.008852376525396617
KIDS_355.2_-34.1,KIDS_355p2_m34p1_r_SDSS.V1.3.0A_KiDS-1347_GAaP_Gaia.fits,-0.021968694464028535,0.0684859392886214,0.09045463375264993
KIDS_339.3_-30.2,KIDS_339p3_m30p2_r_SDSS.V1.3.0A_KiDS-1347_GAaP_Gaia.fits,-0.19667707395009718,-0.1705017840482434,0.026175289901853777
KIDS_17.8_-33.1,KIDS_17p8_m33p1_r_SDSS.V1.3.0A_KiDS-1347_GAaP_Gaia.fits,-0.03603568482665881,0.1215137601724254,0.15754944499908421
KIDS_9.7_-35.1,KIDS_9p7_m35p1_r_SDSS.V1.3.0A_KiDS-1347_GAaP_Gaia.fits,-0.3921032368403413,-0.2790301593622435,0.1130730774780978
KIDS_2.3_-29.2,KIDS_2p3_m29p2_r_SDSS.V1.3.0A_KiDS-1347_GAaP_Gaia.fits,0.03903338455364715,0.0659199500860279,0.026886565532380745
KIDS_48.2_-27.2,KIDS_48p2_m27p2_r_SDSS.V1.3.0A_KiDS-1347_GAaP_Gaia.fits,0.040674558496694074,0.1277778620610966,0.08710330356440252
KIDS_158.4_-2.5,KIDS_158p4_m2p5_r_SDSS.V1.3.0A_KiDS-1347_GAaP_Gaia.fits,-0.17617804945965507,-0.0963256306687233,0.07985241879093177
KIDS_353.0_-31.2,KIDS_353p0_m31p2_r_SDSS.V1.3.0A_KiDS-1347_GAaP_Gaia.fits,-0.0007641475107675877,0.0128163666431092,0.013580514153876788
KIDS_188.0_1.5,KIDS_188p0_1p5_r_SDSS.V1.3.0A_KiDS-1347_GAaP_Gaia.fits,-0.03482207138103702,-0.007964067871654,0.026858003509383017
KIDS_161.0_-1.5,KIDS_161p0_m1p5_r_SDSS.V1.3.0A_KiDS-1347_GAaP_Gaia.fits,-0.06786580136168904,0.0634674782328214,0.13133327959451044
KIDS_223.0_1.5,KIDS_223p0_1p5_r_SDSS.V1.3.0A_KiDS-1347_GAaP_Gaia.fits,-0.03948607338286156,-0.0705342545634667,-0.031048181180605136
KIDS_22.1_-31.2,KIDS_22p1_m31p2_r_SDSS.V1.3.0A_KiDS-1347_GAaP_Gaia.fits,-0.2652077358479312,-0.1992687470693001,0.06593898877863114
KIDS_162.0_1.5,KIDS_162p0_1p5_r_SDSS.V1.3.0A_KiDS-1347_GAaP_Gaia.fits,-0.05715030085943787,0.0168731803515123,0.07402348121095018
KIDS_342.7_-30.2,KIDS_342p7_m30p2_r_SDSS.V1.3.0A_KiDS-1347_GAaP_Gaia.fits,0.05040904080008368,0.0274747657978178,-0.022934275002265882
KIDS_134.0_-0.5,KIDS_134p0_m0p5_r_SDSS.V1.3.0A_KiDS-1347_GAaP_Gaia.fits,-0.06266074152708306,-0.0790082137960786,-0.016347472268995536
KIDS_14.6_-35.1,KIDS_14p6_m35p1_r_SDSS.V1.3.0A_KiDS-1347_GAaP_Gaia.fits,0.0357544456705938,0.1795487106533786,0.1437942649827848
KIDS_31.5_-31.2,KIDS_31p5_m31p2_r_SDSS.V1.3.0A_KiDS-1347_GAaP_Gaia.fits,-0.07035056820243121,0.2055438975913632,0.2758944657937944
KIDS_50.5_-27.2,KIDS_50p5_m27p2_r_SDSS.V1.3.0A_KiDS-1347_GAaP_Gaia.fits,-0.0038769125906535085,0.1871126783458845,0.190989590936538
KIDS_156.0_-1.5,KIDS_156p0_m1p5_r_SDSS.V1.3.0A_KiDS-1347_GAaP_Gaia.fits,-0.030312165226175275,-0.0156465348697512,0.014665630356424077
KIDS_231.0_-1.5,KIDS_231p0_m1p5_r_SDSS.V1.3.0A_KiDS-1347_GAaP_Gaia.fits,-0.022906527250905015,-0.0143254005743439,0.008581126676561114
KIDS_38.4_-34.1,KIDS_38p4_m34p1_r_SDSS.V1.3.0A_KiDS-1347_GAaP_Gaia.fits,-0.04878576033604384,0.1123063235081149,0.16109208384415874
KIDS_206.6_-3.5,KIDS_206p6_m3p5_r_SDSS.V1.3.0A_KiDS-1347_GAaP_Gaia.fits,0.05696389872387521,0.1450966758131848,0.0881327770893096
KIDS_29.2_-35.1,KIDS_29p2_m35p1_r_SDSS.V1.3.0A_KiDS-1347_GAaP_Gaia.fits,-0.10666685199780265,0.1254242159521515,0.23209106794995416
KIDS_138.0_0.5,KIDS_138p0_0p5_r_SDSS.V1.3.0A_KiDS-1347_GAaP_Gaia.fits,0.014295142710592346,-0.0063849875411937,-0.020680130251786045
KIDS_52.7_-27.2,KIDS_52p7_m27p2_r_SDSS.V1.3.0A_KiDS-1347_GAaP_Gaia.fits,-0.056467725556492626,0.1279744675901259,0.18444219314661853
KIDS_15.8_-28.2,KIDS_15p8_m28p2_r_SDSS.V1.3.0A_KiDS-1347_GAaP_Gaia.fits,-0.09425012398153967,0.0726209553697177,0.1668710793512574
KIDS_220.6_-3.5,KIDS_220p6_m3p5_r_SDSS.V1.3.0A_KiDS-1347_GAaP_Gaia.fits,0.03479572493325821,0.0996468248497388,0.0648510999164806
KIDS_344.6_-33.1,KIDS_344p6_m33p1_r_SDSS.V1.3.0A_KiDS-1347_GAaP_Gaia.fits,0.07099290137799188,0.1550835923039485,0.08409069092595661
KIDS_356.4_-35.1,KIDS_356p4_m35p1_r_SDSS.V1.3.0A_KiDS-1347_GAaP_Gaia.fits,0.05784477219623526,0.1692138762753216,0.11136910407908635
KIDS_225.0_0.5,KIDS_225p0_0p5_r_SDSS.V1.3.0A_KiDS-1347_GAaP_Gaia.fits,0.0035401911158556565,0.067815409502939,0.06427521838708335
KIDS_130.0_1.5,KIDS_130p0_1p5_r_SDSS.V1.3.0A_KiDS-1347_GAaP_Gaia.fits,0.05857181186134879,0.1252546066488752,0.0666827947875264
KIDS_177.0_0.5,KIDS_177p0_0p5_r_SDSS.V1.3.0A_KiDS-1347_GAaP_Gaia.fits,0.07221692923092154,0.1012687804294484,0.02905185119852685
KIDS_26.4_-34.1,KIDS_26p4_m34p1_r_SDSS.V1.3.0A_KiDS-1347_GAaP_Gaia.fits,-0.1088463611274639,0.0723842021753211,0.181230563302785
KIDS_195.0_1.5,KIDS_195p0_1p5_r_SDSS.V1.3.0A_KiDS-1347_GAaP_Gaia.fits,-0.22484544673809195,-0.1430796813765251,0.08176576536156685
KIDS_225.0_1.5,KIDS_225p0_1p5_r_SDSS.V1.3.0A_KiDS-1347_GAaP_Gaia.fits,-0.1851745837794818,-0.1160928202812434,0.06908176349823839
KIDS_165.0_1.5,KIDS_165p0_1p5_r_SDSS.V1.3.0A_KiDS-1347_GAaP_Gaia.fits,-0.03943985493492927,0.1190681040178621,0.15850795895279135
KIDS_9.1_-29.2,KIDS_9p1_m29p2_r_SDSS.V1.3.0A_KiDS-1347_GAaP_Gaia.fits,-0.07734639291369202,0.0032373515093484,0.08058374442304042
KIDS_26.8_-35.1,KIDS_26p8_m35p1_r_SDSS.V1.3.0A_KiDS-1347_GAaP_Gaia.fits,-0.14570258516276205,-0.0591308275775103,0.08657175758525175
KIDS_212.6_-2.5,KIDS_212p6_m2p5_r_SDSS.V1.3.0A_KiDS-1347_GAaP_Gaia.fits,0.02133334577785187,0.1064031336301973,0.08506978785234542
KIDS_343.4_-33.1,KIDS_343p4_m33p1_r_SDSS.V1.3.0A_KiDS-1347_GAaP_Gaia.fits,0.08033316817519287,0.144715424105002,0.06438225592980912
KIDS_4.7_-32.1,KIDS_4p7_m32p1_r_SDSS.V1.3.0A_KiDS-1347_GAaP_Gaia.fits,0.02848916716754564,0.133440969077984,0.10495180191043836
KIDS_206.6_2.5,KIDS_206p6_2p5_r_SDSS.V1.3.0A_KiDS-1347_GAaP_Gaia.fits,-0.19776473312323492,-0.0449012997567152,0.15286343336651972
KIDS_45.4_-31.2,KIDS_45p4_m31p2_r_SDSS.V1.3.0A_KiDS-1347_GAaP_Gaia.fits,0.08128993846800184,0.2206930618691827,0.13940312340118086
KIDS_40.6_-28.2,KIDS_40p6_m28p2_r_SDSS.V1.3.0A_KiDS-1347_GAaP_Gaia.fits,-0.24290378695496226,-0.0136754375274748,0.22922834942748746
KIDS_170.5_-3.5,KIDS_170p5_m3p5_r_SDSS.V1.3.0A_KiDS-1347_GAaP_Gaia.fits,-0.08232818474461978,0.0328827068886713,0.11521089163329108
KIDS_330.8_-35.1,KIDS_330p8_m35p1_r_SDSS.V1.3.0A_KiDS-1347_GAaP_Gaia.fits,-0.06316788172237373,0.0138971263315912,0.07706500805396492
KIDS_53.0_-28.2,KIDS_53p0_m28p2_r_SDSS.V1.3.0A_KiDS-1347_GAaP_Gaia.fits,-0.0638818327427855,0.1067088205003417,0.1705906532431272
KIDS_131.0_-1.5,KIDS_131p0_m1p5_r_SDSS.V1.3.0A_KiDS-1347_GAaP_Gaia.fits,0.04162268888763869,0.0081574512594648,-0.03346523762817389
KIDS_23.8_-33.1,KIDS_23p8_m33p1_r_SDSS.V1.3.0A_KiDS-1347_GAaP_Gaia.fits,0.061756776541749187,0.1250089521736928,0.0632521756319436
KIDS_52.9_-30.2,KIDS_52p9_m30p2_r_SDSS.V1.3.0A_KiDS-1347_GAaP_Gaia.fits,-0.05147162354834453,0.1288100504567701,0.18028167400511463
KIDS_222.0_1.5,KIDS_222p0_1p5_r_SDSS.V1.3.0A_KiDS-1347_GAaP_Gaia.fits,0.0883309427092363,0.1318994368505531,0.043568494141316805
KIDS_208.6_3.5,KIDS_208p6_3p5_r_SDSS.V1.3.0A_KiDS-1347_GAaP_Gaia.fits,0.010899199207152849,0.1007734773453787,0.08987427813822585
KIDS_0.0_-34.1,KIDS_0p0_m34p1_r_SDSS.V1.3.0A_KiDS-1347_GAaP_Gaia.fits,-0.04356938949525027,-0.0669248201708196,-0.023355430675569333
KIDS_353.1_-30.2,KIDS_353p1_m30p2_r_SDSS.V1.3.0A_KiDS-1347_GAaP_Gaia.fits,-0.03191802794521878,0.0892262995092922,0.12114432745451098
KIDS_208.6_-3.5,KIDS_208p6_m3p5_r_SDSS.V1.3.0A_KiDS-1347_GAaP_Gaia.fits,-0.11107667681830083,-0.0391139917475197,0.07196268507078113
KIDS_232.0_-0.5,KIDS_232p0_m0p5_r_SDSS.V1.3.0A_KiDS-1347_GAaP_Gaia.fits,0.06256746417447097,0.0541378061600403,-0.008429658014430672
KIDS_342.1_-27.2,KIDS_342p1_m27p2_r_SDSS.V1.3.0A_KiDS-1347_GAaP_Gaia.fits,-0.006780510776580123,0.0978627590231489,0.10464326979972902
KIDS_331.5_-33.1,KIDS_331p5_m33p1_r_SDSS.V1.3.0A_KiDS-1347_GAaP_Gaia.fits,0.012549092124175917,0.1135770410271548,0.10102794890297888
KIDS_349.9_-27.2,KIDS_349p9_m27p2_r_SDSS.V1.3.0A_KiDS-1347_GAaP_Gaia.fits,-0.09808503334127053,-0.0383155030191321,0.05976953032213843
KIDS_221.6_2.5,KIDS_221p6_2p5_r_SDSS.V1.3.0A_KiDS-1347_GAaP_Gaia.fits,0.023801415824597202,0.0502787069178251,0.026477291093227898
KIDS_159.0_-0.5,KIDS_159p0_m0p5_r_SDSS.V1.3.0A_KiDS-1347_GAaP_Gaia.fits,-0.04469023652295909,0.1115721313110952,0.15626236783405428
KIDS_197.5_3.5,KIDS_197p5_3p5_r_SDSS.V1.3.0A_KiDS-1347_GAaP_Gaia.fits,0.03957118574577218,0.109306395572086,0.06973520982631382
KIDS_32.2_-30.2,KIDS_32p2_m30p2_r_SDSS.V1.3.0A_KiDS-1347_GAaP_Gaia.fits,-0.11706817452410054,0.0645786598321439,0.18164683435624446
KIDS_343.7_-31.2,KIDS_343p7_m31p2_r_SDSS.V1.3.0A_KiDS-1347_GAaP_Gaia.fits,0.047220521178442235,0.0862922485159219,0.03907172733747967
KIDS_47.8_-26.2,KIDS_47p8_m26p2_r_SDSS.V1.3.0A_KiDS-1347_GAaP_Gaia.fits,-0.20741966230254025,-0.0504644195371075,0.15695524276543274
KIDS_42.2_-29.2,KIDS_42p2_m29p2_r_SDSS.V1.3.0A_KiDS-1347_GAaP_Gaia.fits,-0.1793268367092675,-0.0848268163864424,0.09450002032282509
KIDS_184.5_2.5,KIDS_184p5_2p5_r_SDSS.V1.3.0A_KiDS-1347_GAaP_Gaia.fits,0.0810060557838129,0.1179153295329959,0.036909273749183
KIDS_6.9_-30.2,KIDS_6p9_m30p2_r_SDSS.V1.3.0A_KiDS-1347_GAaP_Gaia.fits,0.025409225191206225,0.1295149898156206,0.10410576462441437
KIDS_208.0_-0.5,KIDS_208p0_m0p5_r_SDSS.V1.3.0A_KiDS-1347_GAaP_Gaia.fits,-0.1178110177829044,-0.0350145274248919,0.0827964903580125
KIDS_217.0_-0.5,KIDS_217p0_m0p5_r_SDSS.V1.3.0A_KiDS-1347_GAaP_Gaia.fits,-0.07091688439044316,0.0082573264935327,0.07917421088397586
KIDS_52.9_-32.1,KIDS_52p9_m32p1_r_SDSS.V1.3.0A_KiDS-1347_GAaP_Gaia.fits,-0.039956180907205346,0.0959530206215958,0.13590920152880115
KIDS_351.0_-27.2,KIDS_351p0_m27p2_r_SDSS.V1.3.0A_KiDS-1347_GAaP_Gaia.fits,-0.11440722879360574,-0.010797885556264,0.10360934323734174
KIDS_358.8_-33.1,KIDS_358p8_m33p1_r_SDSS.V1.3.0A_KiDS-1347_GAaP_Gaia.fits,0.091379650905491,0.1657758855859643,0.0743962346804733
KIDS_348.3_-31.2,KIDS_348p3_m31p2_r_SDSS.V1.3.0A_KiDS-1347_GAaP_Gaia.fits,0.06437826907536069,-0.0446012366150035,-0.10897950569036419
KIDS_29.9_-30.2,KIDS_29p9_m30p2_r_SDSS.V1.3.0A_KiDS-1347_GAaP_Gaia.fits,-0.06597612656330878,-0.0338472141870336,0.03212891237627519
KIDS_1.2_-35.1,KIDS_1p2_m35p1_r_SDSS.V1.3.0A_KiDS-1347_GAaP_Gaia.fits,-0.10902473859295134,-0.0196036748713804,0.08942106372157094
KIDS_174.0_1.5,KIDS_174p0_1p5_r_SDSS.V1.3.0A_KiDS-1347_GAaP_Gaia.fits,0.0200317936406363,-0.0215659159961726,-0.0415977096368089
KIDS_351.5_-35.1,KIDS_351p5_m35p1_r_SDSS.V1.3.0A_KiDS-1347_GAaP_Gaia.fits,0.005315678315036654,0.0526685870189908,0.047352908703954144
KIDS_186.5_-2.5,KIDS_186p5_m2p5_r_SDSS.V1.3.0A_KiDS-1347_GAaP_Gaia.fits,0.03222713808940376,0.1199996152586669,0.08777247716926315
KIDS_37.7_-35.1,KIDS_37p7_m35p1_r_SDSS.V1.3.0A_KiDS-1347_GAaP_Gaia.fits,-0.1315951911421012,-0.0005733527400657,0.1310218384020355
KIDS_347.2_-31.2,KIDS_347p2_m31p2_r_SDSS.V1.3.0A_KiDS-1347_GAaP_Gaia.fits,0.02374642762556764,0.1401300436772046,0.11638361605163697
KIDS_175.0_-1.5,KIDS_175p0_m1p5_r_SDSS.V1.3.0A_KiDS-1347_GAaP_Gaia.fits,0.0006961084219119923,0.0859095292625733,0.0852134208406613
KIDS_211.0_-0.5,KIDS_211p0_m0p5_r_SDSS.V1.3.0A_KiDS-1347_GAaP_Gaia.fits,0.0709516407703909,0.1416730598970526,0.07072141912666169
KIDS_355.5_-28.2,KIDS_355p5_m28p2_r_SDSS.V1.3.0A_KiDS-1347_GAaP_Gaia.fits,-0.05706987806762176,0.0693928251885276,0.12646270325614936
KIDS_222.0_-1.5,KIDS_222p0_m1p5_r_SDSS.V1.3.0A_KiDS-1347_GAaP_Gaia.fits,0.06501827322940633,0.1408304836871954,0.07581221045778906
KIDS_335.0_-33.1,KIDS_335p0_m33p1_r_SDSS.V1.3.0A_KiDS-1347_GAaP_Gaia.fits,0.04688592494546567,0.0954007093436294,0.04851478439816373
KIDS_28.8_-30.2,KIDS_28p8_m30p2_r_SDSS.V1.3.0A_KiDS-1347_GAaP_Gaia.fits,-0.027085775044254093,0.1288955317590414,0.15598130680329547
KIDS_340.0_-32.1,KIDS_340p0_m32p1_r_SDSS.V1.3.0A_KiDS-1347_GAaP_Gaia.fits,0.06817577886203627,0.1189070416173472,0.05073126275531094
KIDS_50.4_-34.1,KIDS_50p4_m34p1_r_SDSS.V1.3.0A_KiDS-1347_GAaP_Gaia.fits,0.006604714585468435,0.1369438803338533,0.13033916574838486
KIDS_231.0_-0.5,KIDS_231p0_m0p5_r_SDSS.V1.3.0A_KiDS-1347_GAaP_Gaia.fits,0.0833558548221869,0.0839349210963781,0.0005790662741912006
KIDS_218.0_-0.5,KIDS_218p0_m0p5_r_SDSS.V1.3.0A_KiDS-1347_GAaP_Gaia.fits,0.06391629789817665,0.1446802608497877,0.08076396295161103
KIDS_204.0_1.5,KIDS_204p0_1p5_r_SDSS.V1.3.0A_KiDS-1347_GAaP_Gaia.fits,-0.1106231819802376,0.012815314924187,0.1234384969044246
KIDS_129.0_1.5,KIDS_129p0_1p5_r_SDSS.V1.3.0A_KiDS-1347_GAaP_Gaia.fits,0.043902664037799244,0.063698614126808,0.01979595008900875
KIDS_185.0_-0.5,KIDS_185p0_m0p5_r_SDSS.V1.3.0A_KiDS-1347_GAaP_Gaia.fits,0.0865400230222728,0.1768914381643054,0.09035141514203258
KIDS_10.9_-35.1,KIDS_10p9_m35p1_r_SDSS.V1.3.0A_KiDS-1347_GAaP_Gaia.fits,-0.11689497334297508,-0.0863068510058179,0.030588122337157173
KIDS_39.6_-31.2,KIDS_39p6_m31p2_r_SDSS.V1.3.0A_KiDS-1347_GAaP_Gaia.fits,0.04572974535764254,0.2189151875110878,0.17318544215344525
KIDS_187.5_-2.5,KIDS_187p5_m2p5_r_SDSS.V1.3.0A_KiDS-1347_GAaP_Gaia.fits,0.03573612751052693,0.0729546991028759,0.03721857159234897
KIDS_182.5_3.5,KIDS_182p5_3p5_r_SDSS.V1.3.0A_KiDS-1347_GAaP_Gaia.fits,0.03979815701475932,0.093861408237162,0.054063251222402686
KIDS_168.5_-3.5,KIDS_168p5_m3p5_r_SDSS.V1.3.0A_KiDS-1347_GAaP_Gaia.fits,-0.11802429483945956,0.0154144501471748,0.13343874498663436
KIDS_342.9_-29.2,KIDS_342p9_m29p2_r_SDSS.V1.3.0A_KiDS-1347_GAaP_Gaia.fits,-8.220456216934124e-05,0.0331524664637219,0.03323467102589124
KIDS_49.4_-32.1,KIDS_49p4_m32p1_r_SDSS.V1.3.0A_KiDS-1347_GAaP_Gaia.fits,0.05250592281316624,0.1801896628275853,0.12768374001441907
KIDS_184.0_0.5,KIDS_184p0_0p5_r_SDSS.V1.3.0A_KiDS-1347_GAaP_Gaia.fits,0.0788565602216009,0.1377193683222623,0.05886280810066141
KIDS_354.2_-31.2,KIDS_354p2_m31p2_r_SDSS.V1.3.0A_KiDS-1347_GAaP_Gaia.fits,0.03225970163166016,0.1323282809629264,0.10006857933126623
KIDS_176.0_-0.5,KIDS_176p0_m0p5_r_SDSS.V1.3.0A_KiDS-1347_GAaP_Gaia.fits,0.06510663003726586,0.0484764041921315,-0.016630225845134357
KIDS_52.4_-31.2,KIDS_52p4_m31p2_r_SDSS.V1.3.0A_KiDS-1347_GAaP_Gaia.fits,0.02538929602953649,0.1959836283656559,0.1705943323361194
KIDS_45.9_-32.1,KIDS_45p9_m32p1_r_SDSS.V1.3.0A_KiDS-1347_GAaP_Gaia.fits,0.023746180313648446,0.193320483601517,0.16957430328786854
KIDS_190.5_3.5,KIDS_190p5_3p5_r_SDSS.V1.3.0A_KiDS-1347_GAaP_Gaia.fits,0.019854423647814007,0.1061995608165995,0.08634513716878549
KIDS_36.1_-31.2,KIDS_36p1_m31p2_r_SDSS.V1.3.0A_KiDS-1347_GAaP_Gaia.fits,-0.05851965657969291,0.083938159353371,0.1424578159330639
KIDS_50.0_-26.2,KIDS_50p0_m26p2_r_SDSS.V1.3.0A_KiDS-1347_GAaP_Gaia.fits,0.045455891033088044,0.2312884237293258,0.18583253269623773
KIDS_53.5_-29.2,KIDS_53p5_m29p2_r_SDSS.V1.3.0A_KiDS-1347_GAaP_Gaia.fits,-0.04015283032961822,0.1709927043772668,0.21114553470688502
KIDS_172.5_3.5,KIDS_172p5_3p5_r_SDSS.V1.3.0A_KiDS-1347_GAaP_Gaia.fits,0.03189383451321536,0.0983648518245179,0.06647101731130253
KIDS_49.5_-30.2,KIDS_49p5_m30p2_r_SDSS.V1.3.0A_KiDS-1347_GAaP_Gaia.fits,-0.053993320691629515,0.0932006475868641,0.14719396827849363
KIDS_166.0_1.5,KIDS_166p0_1p5_r_SDSS.V1.3.0A_KiDS-1347_GAaP_Gaia.fits,-0.04741956749005696,0.0560081999970249,0.10342776748708186
KIDS_217.6_3.5,KIDS_217p6_3p5_r_SDSS.V1.3.0A_KiDS-1347_GAaP_Gaia.fits,-0.07619687485257562,0.0079945361736346,0.08419141102621022
KIDS_21.4_-28.2,KIDS_21p4_m28p2_r_SDSS.V1.3.0A_KiDS-1347_GAaP_Gaia.fits,-0.045482701675862075,0.0190417960732237,0.06452449774908578
KIDS_339.8_-33.1,KIDS_339p8_m33p1_r_SDSS.V1.3.0A_KiDS-1347_GAaP_Gaia.fits,0.08727541995992658,0.1162651217886699,0.02898970182874333
KIDS_27.6_-34.1,KIDS_27p6_m34p1_r_SDSS.V1.3.0A_KiDS-1347_GAaP_Gaia.fits,-0.020434824684045005,-99.0,-98.97956517531595
KIDS_166.0_0.5,KIDS_166p0_0p5_r_SDSS.V1.3.0A_KiDS-1347_GAaP_Gaia.fits,-0.04189672581086648,0.0125341593704267,0.05443088518129318
KIDS_212.0_-0.5,KIDS_212p0_m0p5_r_SDSS.V1.3.0A_KiDS-1347_GAaP_Gaia.fits,0.020298539004668964,0.0532788248979913,0.03298028589332234
KIDS_346.8_-34.1,KIDS_346p8_m34p1_r_SDSS.V1.3.0A_KiDS-1347_GAaP_Gaia.fits,0.04426847463892142,0.1353893910791883,0.09112091644026687
KIDS_132.0_-1.5,KIDS_132p0_m1p5_r_SDSS.V1.3.0A_KiDS-1347_GAaP_Gaia.fits,0.04608983713300918,0.0159882316943223,-0.030101605438686882
KIDS_333.6_-34.1,KIDS_333p6_m34p1_r_SDSS.V1.3.0A_KiDS-1347_GAaP_Gaia.fits,-0.07234277813496517,-0.0550801997347408,0.017262578400224375
KIDS_169.5_-3.5,KIDS_169p5_m3p5_r_SDSS.V1.3.0A_KiDS-1347_GAaP_Gaia.fits,-0.11470068644519119,0.0311588801806377,0.14585956662582888
KIDS_10.1_-27.2,KIDS_10p1_m27p2_r_SDSS.V1.3.0A_KiDS-1347_GAaP_Gaia.fits,0.043503403755334874,0.1150350667061553,0.07153166295082043
KIDS_346.5_-28.2,KIDS_346p5_m28p2_r_SDSS.V1.3.0A_KiDS-1347_GAaP_Gaia.fits,0.03088194885020132,0.1264574044432387,0.09557545559303737
KIDS_35.3_-35.1,KIDS_35p3_m35p1_r_SDSS.V1.3.0A_KiDS-1347_GAaP_Gaia.fits,0.03133286763416791,0.2360367210433009,0.204703853409133
KIDS_353.9_-35.1,KIDS_353p9_m35p1_r_SDSS.V1.3.0A_KiDS-1347_GAaP_Gaia.fits,-0.08477610798279692,0.019440530753776,0.10421663873657291
KIDS_204.6_3.5,KIDS_204p6_3p5_r_SDSS.V1.3.0A_KiDS-1347_GAaP_Gaia.fits,0.030319396794569048,0.0780480483297245,0.04772865153515546
KIDS_330.8_-27.2,KIDS_330p8_m27p2_r_SDSS.V1.3.0A_KiDS-1347_GAaP_Gaia.fits,-0.06371573184631704,-0.0143833328963617,0.04933239894995534
KIDS_335.3_-27.2,KIDS_335p3_m27p2_r_SDSS.V1.3.0A_KiDS-1347_GAaP_Gaia.fits,-0.0052877012904953,0.0368153699769022,0.0421030712673975
KIDS_198.0_-1.5,KIDS_198p0_m1p5_r_SDSS.V1.3.0A_KiDS-1347_GAaP_Gaia.fits,-0.1294683804116887,-0.0467269613479591,0.0827414190637296
KIDS_196.0_-0.5,KIDS_196p0_m0p5_r_SDSS.V1.3.0A_KiDS-1347_GAaP_Gaia.fits,-0.1965206381256814,-0.0890287620561565,0.10749187606952491
KIDS_51.1_-26.2,KIDS_51p1_m26p2_r_SDSS.V1.3.0A_KiDS-1347_GAaP_Gaia.fits,-0.06934603918986967,0.1742423511429318,0.24358839033280147
KIDS_193.5_2.5,KIDS_193p5_2p5_r_SDSS.V1.3.0A_KiDS-1347_GAaP_Gaia.fits,0.04137384002440539,0.1065457138537482,0.06517187382934281
KIDS_162.5_-2.5,KIDS_162p5_m2p5_r_SDSS.V1.3.0A_KiDS-1347_GAaP_Gaia.fits,-0.13099840293165357,-0.0345743934541563,0.09642400947749727
KIDS_352.9_-32.1,KIDS_352p9_m32p1_r_SDSS.V1.3.0A_KiDS-1347_GAaP_Gaia.fits,0.03804960503069013,0.0959203217089527,0.057870716678262574
KIDS_8.4_-34.1,KIDS_8p4_m34p1_r_SDSS.V1.3.0A_KiDS-1347_GAaP_Gaia.fits,0.08731593036533432,0.1984274885942282,0.11111155822889389
KIDS_141.0_-1.5,KIDS_141p0_m1p5_r_SDSS.V1.3.0A_KiDS-1347_GAaP_Gaia.fits,0.027500657392485223,0.1125561421893526,0.08505548479686738
KIDS_173.0_-1.5,KIDS_173p0_m1p5_r_SDSS.V1.3.0A_KiDS-1347_GAaP_Gaia.fits,0.06659705343699254,0.1457843160861515,0.07918726264915896
KIDS_137.0_0.5,KIDS_137p0_0p5_r_SDSS.V1.3.0A_KiDS-1347_GAaP_Gaia.fits,0.10122124544707273,0.1487196009906961,0.04749835554362336
KIDS_31.2_-34.1,KIDS_31p2_m34p1_r_SDSS.V1.3.0A_KiDS-1347_GAaP_Gaia.fits,-0.01943912438641518,0.0767819813076456,0.09622110569406078
KIDS_209.6_-3.5,KIDS_209p6_m3p5_r_SDSS.V1.3.0A_KiDS-1347_GAaP_Gaia.fits,0.0469755434535746,0.1631337648333832,0.11615822137980861
KIDS_162.5_2.5,KIDS_162p5_2p5_r_SDSS.V1.3.0A_KiDS-1347_GAaP_Gaia.fits,-0.17584798270300425,-0.0580765473763713,0.11777143532663295
KIDS_198.6_-2.5,KIDS_198p6_m2p5_r_SDSS.V1.3.0A_KiDS-1347_GAaP_Gaia.fits,0.020023373389879945,0.1057093877809486,0.08568601439106865
KIDS_332.9_-28.2,KIDS_332p9_m28p2_r_SDSS.V1.3.0A_KiDS-1347_GAaP_Gaia.fits,-0.08845514966096882,-0.040097465797445,0.04835768386352382
KIDS_196.0_-1.5,KIDS_196p0_m1p5_r_SDSS.V1.3.0A_KiDS-1347_GAaP_Gaia.fits,-0.09101101650434132,-0.0333115568685929,0.05769945963574842
KIDS_174.0_0.5,KIDS_174p0_0p5_r_SDSS.V1.3.0A_KiDS-1347_GAaP_Gaia.fits,0.09781838809851878,0.0923300437182542,-0.005488344380264576
KIDS_337.4_-33.1,KIDS_337p4_m33p1_r_SDSS.V1.3.0A_KiDS-1347_GAaP_Gaia.fits,0.030769391104238084,0.0474525834694206,0.016683192365182516
KIDS_172.0_0.5,KIDS_172p0_0p5_r_SDSS.V1.3.0A_KiDS-1347_GAaP_Gaia.fits,0.058726058765033,0.1636661241843627,0.10494006541932968
KIDS_170.0_0.5,KIDS_170p0_0p5_r_SDSS.V1.3.0A_KiDS-1347_GAaP_Gaia.fits,-0.0253310336535148,0.0666561394250404,0.0919871730785552
KIDS_160.0_-1.5,KIDS_160p0_m1p5_r_SDSS.V1.3.0A_KiDS-1347_GAaP_Gaia.fits,-0.06369164635943705,0.1148302429151559,0.17852188927459295
KIDS_33.9_-28.2,KIDS_33p9_m28p2_r_SDSS.V1.3.0A_KiDS-1347_GAaP_Gaia.fits,-0.20326859163142916,-0.0155421964972687,0.18772639513416045
KIDS_356.5_-30.2,KIDS_356p5_m30p2_r_SDSS.V1.3.0A_KiDS-1347_GAaP_Gaia.fits,-0.05088184431072798,0.0584970310556108,0.10937887536633878
KIDS_136.0_1.5,KIDS_136p0_1p5_r_SDSS.V1.3.0A_KiDS-1347_GAaP_Gaia.fits,0.02580548515997455,0.1289758134644008,0.10317032830442624
KIDS_202.0_-1.5,KIDS_202p0_m1p5_r_SDSS.V1.3.0A_KiDS-1347_GAaP_Gaia.fits,-0.11187963615133362,-0.0402937600857693,0.07158587606556432
KIDS_355.3_-32.1,KIDS_355p3_m32p1_r_SDSS.V1.3.0A_KiDS-1347_GAaP_Gaia.fits,0.030868397596035088,0.118061756944292,0.08719335934825691
KIDS_207.0_0.5,KIDS_207p0_0p5_r_SDSS.V1.3.0A_KiDS-1347_GAaP_Gaia.fits,0.004912268543503517,0.0770634306211998,0.07215116207769628
KIDS_351.8_-32.1,KIDS_351p8_m32p1_r_SDSS.V1.3.0A_KiDS-1347_GAaP_Gaia.fits,0.059037394161377016,0.0831284080864932,0.024091013925116186
KIDS_201.6_-3.5,KIDS_201p6_m3p5_r_SDSS.V1.3.0A_KiDS-1347_GAaP_Gaia.fits,-0.1029272451874412,0.0027648490410821,0.1056920942285233
KIDS_176.5_2.5,KIDS_176p5_2p5_r_SDSS.V1.3.0A_KiDS-1347_GAaP_Gaia.fits,0.11451249723906115,0.1679079604405532,0.05339546320149205
KIDS_13.4_-35.1,KIDS_13p4_m35p1_r_SDSS.V1.3.0A_KiDS-1347_GAaP_Gaia.fits,-0.027391885530011803,0.0849122308921981,0.1123041164222099
KIDS_204.0_-1.5,KIDS_204p0_m1p5_r_SDSS.V1.3.0A_KiDS-1347_GAaP_Gaia.fits,-0.05478014942828027,-0.0258125276289758,0.028967621799304472
KIDS_334.2_-27.2,KIDS_334p2_m27p2_r_SDSS.V1.3.0A_KiDS-1347_GAaP_Gaia.fits,0.08262341634763976,0.1334776173476516,0.05085420100001184
KIDS_177.0_-1.5,KIDS_177p0_m1p5_r_SDSS.V1.3.0A_KiDS-1347_GAaP_Gaia.fits,-0.013437132012752179,0.0420414642680215,0.05547859628077368
KIDS_358.8_-30.2,KIDS_358p8_m30p2_r_SDSS.V1.3.0A_KiDS-1347_GAaP_Gaia.fits,-0.07452163714226331,-0.0344346452050517,0.040086991937211616
KIDS_3.4_-27.2,KIDS_3p4_m27p2_r_SDSS.V1.3.0A_KiDS-1347_GAaP_Gaia.fits,-0.12262159338609627,-0.0213221161558727,0.10129947723022356
KIDS_210.0_1.5,KIDS_210p0_1p5_r_SDSS.V1.3.0A_KiDS-1347_GAaP_Gaia.fits,0.10986005882743537,0.1873527775230018,0.07749271869556644
KIDS_193.0_0.5,KIDS_193p0_0p5_r_SDSS.V1.3.0A_KiDS-1347_GAaP_Gaia.fits,0.033478667553131336,0.126862838411358,0.09338417085822667
KIDS_158.4_-3.5,KIDS_158p4_m3p5_r_SDSS.V1.3.0A_KiDS-1347_GAaP_Gaia.fits,-0.09907729777749555,0.03079253613436,0.12986983391185555
KIDS_169.0_1.5,KIDS_169p0_1p5_r_SDSS.V1.3.0A_KiDS-1347_GAaP_Gaia.fits,-0.028080941891574784,-0.0150132003052494,0.013067741586325385
KIDS_175.5_2.5,KIDS_175p5_2p5_r_SDSS.V1.3.0A_KiDS-1347_GAaP_Gaia.fits,-0.04431249300430909,-0.0607972783749959,-0.01648478537068681
KIDS_214.0_-0.5,KIDS_214p0_m0p5_r_SDSS.V1.3.0A_KiDS-1347_GAaP_Gaia.fits,-0.03814160698110089,0.0311574997905163,0.06929910677161719
KIDS_160.0_1.5,KIDS_160p0_1p5_r_SDSS.V1.3.0A_KiDS-1347_GAaP_Gaia.fits,-0.04917465206779292,0.1237300055971649,0.17290465766495783
KIDS_331.8_-28.2,KIDS_331p8_m28p2_r_SDSS.V1.3.0A_KiDS-1347_GAaP_Gaia.fits,-0.09511904375388944,-0.0103295564249125,0.08478948732897694
KIDS_28.8_-34.1,KIDS_28p8_m34p1_r_SDSS.V1.3.0A_KiDS-1347_GAaP_Gaia.fits,-0.1287975418643932,0.0550186411887424,0.1838161830531356
KIDS_24.8_-28.2,KIDS_24p8_m28p2_r_SDSS.V1.3.0A_KiDS-1347_GAaP_Gaia.fits,0.03876675832397995,0.2012580779340378,0.16249131961005786
KIDS_139.0_-0.5,KIDS_139p0_m0p5_r_SDSS.V1.3.0A_KiDS-1347_GAaP_Gaia.fits,0.05817060031966336,0.1530182926553523,0.09484769233568893
KIDS_357.6_-34.1,KIDS_357p6_m34p1_r_SDSS.V1.3.0A_KiDS-1347_GAaP_Gaia.fits,-0.024462023485231355,0.0439224435327297,0.06838446701796105
KIDS_32.5_-27.2,KIDS_32p5_m27p2_r_SDSS.V1.3.0A_KiDS-1347_GAaP_Gaia.fits,-0.10644701688940877,-0.0756925126391547,0.03075450425025407
KIDS_340.2_-31.2,KIDS_340p2_m31p2_r_SDSS.V1.3.0A_KiDS-1347_GAaP_Gaia.fits,0.06901093875217215,0.1625925337620453,0.09358159500987315
KIDS_5.9_-32.1,KIDS_5p9_m32p1_r_SDSS.V1.3.0A_KiDS-1347_GAaP_Gaia.fits,0.0745258842130482,0.1293567646564447,0.054830880443396485
KIDS_32.9_-32.1,KIDS_32p9_m32p1_r_SDSS.V1.3.0A_KiDS-1347_GAaP_Gaia.fits,0.08296292699492021,0.1848313075329991,0.10186838053807888
KIDS_349.3_-33.1,KIDS_349p3_m33p1_r_SDSS.V1.3.0A_KiDS-1347_GAaP_Gaia.fits,0.05648442882762858,0.0739780579536158,0.017493629125987217
KIDS_165.0_-1.5,KIDS_165p0_m1p5_r_SDSS.V1.3.0A_KiDS-1347_GAaP_Gaia.fits,0.03817253606464183,0.161388455114507,0.12321591904986517
KIDS_195.0_-0.5,KIDS_195p0_m0p5_r_SDSS.V1.3.0A_KiDS-1347_GAaP_Gaia.fits,-0.02340805530911938,0.061043670435256,0.08445172574437537
KIDS_25.9_-32.1,KIDS_25p9_m32p1_r_SDSS.V1.3.0A_KiDS-1347_GAaP_Gaia.fits,-0.08037611114160156,0.0732581064922371,0.15363421763383867
KIDS_219.6_-3.5,KIDS_219p6_m3p5_r_SDSS.V1.3.0A_KiDS-1347_GAaP_Gaia.fits,0.005860240204744113,0.1085646745656508,0.10270443436090669
KIDS_357.7_-28.2,KIDS_357p7_m28p2_r_SDSS.V1.3.0A_KiDS-1347_GAaP_Gaia.fits,0.0945182018834955,0.0782407092607053,-0.0162774926227902
KIDS_190.0_1.5,KIDS_190p0_1p5_r_SDSS.V1.3.0A_KiDS-1347_GAaP_Gaia.fits,-0.21999563120506657,-0.1539751339782848,0.06602049722678177
KIDS_156.0_1.5,KIDS_156p0_1p5_r_SDSS.V1.3.0A_KiDS-1347_GAaP_Gaia.fits,-0.049639598535729385,0.0968649541987001,0.14650455273442947
KIDS_330.3_-33.1,KIDS_330p3_m33p1_r_SDSS.V1.3.0A_KiDS-1347_GAaP_Gaia.fits,0.04894674778960445,0.1339894629370954,0.08504271514749095
KIDS_0.0_-33.1,KIDS_0p0_m33p1_r_SDSS.V1.3.0A_KiDS-1347_GAaP_Gaia.fits,0.00236320296521475,0.1243709889868291,0.12200778602161436
KIDS_211.6_3.5,KIDS_211p6_3p5_r_SDSS.V1.3.0A_KiDS-1347_GAaP_Gaia.fits,0.060478531050194045,0.1292787058213756,0.06880017477118155
KIDS_132.0_-0.5,KIDS_132p0_m0p5_r_SDSS.V1.3.0A_KiDS-1347_GAaP_Gaia.fits,0.07271236451370276,0.0263619580734391,-0.04635040644026366
KIDS_188.0_-1.5,KIDS_188p0_m1p5_r_SDSS.V1.3.0A_KiDS-1347_GAaP_Gaia.fits,0.2486235150065015,0.3829420943215703,0.13431857931506877
KIDS_344.1_-29.2,KIDS_344p1_m29p2_r_SDSS.V1.3.0A_KiDS-1347_GAaP_Gaia.fits,-0.006897272578072489,-0.0221227965304119,-0.01522552395233941
KIDS_163.5_3.5,KIDS_163p5_3p5_r_SDSS.V1.3.0A_KiDS-1347_GAaP_Gaia.fits,-0.09895584717062633,0.1055254761621711,0.20448132333279745
KIDS_204.0_0.5,KIDS_204p0_0p5_r_SDSS.V1.3.0A_KiDS-1347_GAaP_Gaia.fits,0.06774244005176344,0.0849696479600417,0.017227207908278253
KIDS_219.0_-0.5,KIDS_219p0_m0p5_r_SDSS.V1.3.0A_KiDS-1347_GAaP_Gaia.fits,0.05422706722344081,0.0309352789730931,-0.023291788250347712
KIDS_335.8_-30.2,KIDS_335p8_m30p2_r_SDSS.V1.3.0A_KiDS-1347_GAaP_Gaia.fits,-0.0242970203950926,0.0107157969168747,0.0350128173119673
KIDS_215.0_1.5,KIDS_215p0_1p5_r_SDSS.V1.3.0A_KiDS-1347_GAaP_Gaia.fits,0.07854776005641625,0.1413017956837731,0.06275403562735685
KIDS_167.5_-2.5,KIDS_167p5_m2p5_r_SDSS.V1.3.0A_KiDS-1347_GAaP_Gaia.fits,-0.19232769799820523,-0.1178351694218042,0.07449252857640103
KIDS_26.5_-30.2,KIDS_26p5_m30p2_r_SDSS.V1.3.0A_KiDS-1347_GAaP_Gaia.fits,-0.02117569367675351,0.0796051352872615,0.10078082896401501
KIDS_5.6_-28.2,KIDS_5p6_m28p2_r_SDSS.V1.3.0A_KiDS-1347_GAaP_Gaia.fits,-0.05879559284467076,-0.0591879571715328,-0.0003923643268620436
KIDS_338.7_-27.2,KIDS_338p7_m27p2_r_SDSS.V1.3.0A_KiDS-1347_GAaP_Gaia.fits,-0.05893959657442985,-0.0251067815784182,0.03383281499601165
KIDS_203.6_-2.5,KIDS_203p6_m2p5_r_SDSS.V1.3.0A_KiDS-1347_GAaP_Gaia.fits,-0.11524680601519707,0.0538174163073841,0.16906422232258117
KIDS_169.5_-2.5,KIDS_169p5_m2p5_r_SDSS.V1.3.0A_KiDS-1347_GAaP_Gaia.fits,-0.08661218412710728,0.0129998028368377,0.09961198696394498
KIDS_333.5_-30.2,KIDS_333p5_m30p2_r_SDSS.V1.3.0A_KiDS-1347_GAaP_Gaia.fits,-0.012900467842687557,0.0340628426144445,0.046963310457132056
KIDS_134.0_1.5,KIDS_134p0_1p5_r_SDSS.V1.3.0A_KiDS-1347_GAaP_Gaia.fits,0.047062551468450085,0.0780583181685149,0.030995766700064813
KIDS_332.4_-34.1,KIDS_332p4_m34p1_r_SDSS.V1.3.0A_KiDS-1347_GAaP_Gaia.fits,-0.049059924721399445,0.0128020829430813,0.061862007664480745
KIDS_189.0_-0.5,KIDS_189p0_m0p5_r_SDSS.V1.3.0A_KiDS-1347_GAaP_Gaia.fits,-0.019234563362245688,0.0651660480693651,0.08440061143161079
KIDS_198.6_2.5,KIDS_198p6_2p5_r_SDSS.V1.3.0A_KiDS-1347_GAaP_Gaia.fits,0.04425331200357746,0.0934008296675842,0.04914751766400674
KIDS_342.0_-34.1,KIDS_342p0_m34p1_r_SDSS.V1.3.0A_KiDS-1347_GAaP_Gaia.fits,0.03172645389548305,0.1151598428177918,0.08343338892230875
KIDS_20.0_-32.1,KIDS_20p0_m32p1_r_SDSS.V1.3.0A_KiDS-1347_GAaP_Gaia.fits,0.036424408387222315,0.2347031397653993,0.19827873137817698
KIDS_46.7_-26.2,KIDS_46p7_m26p2_r_SDSS.V1.3.0A_KiDS-1347_GAaP_Gaia.fits,-0.016928070492309655,0.08107336769556,0.09800143818786966
KIDS_206.6_3.5,KIDS_206p6_3p5_r_SDSS.V1.3.0A_KiDS-1347_GAaP_Gaia.fits,0.03111689040256657,0.0926070789714818,0.06149018856891522
KIDS_19.1_-27.2,KIDS_19p1_m27p2_r_SDSS.V1.3.0A_KiDS-1347_GAaP_Gaia.fits,0.02915142404398227,0.0997742647455982,0.07062284070161592
KIDS_13.2_-34.1,KIDS_13p2_m34p1_r_SDSS.V1.3.0A_KiDS-1347_GAaP_Gaia.fits,-1.0201651887023606,-0.8732432702786701,0.1469219184236905
KIDS_186.0_0.5,KIDS_186p0_0p5_r_SDSS.V1.3.0A_KiDS-1347_GAaP_Gaia.fits,0.012110994482381454,0.0808384469968017,0.06872745251442025
KIDS_218.0_-1.5,KIDS_218p0_m1p5_r_SDSS.V1.3.0A_KiDS-1347_GAaP_Gaia.fits,0.004443527493013327,0.0932757603304606,0.08883223283744728
KIDS_38.9_-35.1,KIDS_38p9_m35p1_r_SDSS.V1.3.0A_KiDS-1347_GAaP_Gaia.fits,-0.09185191708132856,-0.0016558692911926,0.09019604779013596
KIDS_3.5_-31.2,KIDS_3p5_m31p2_r_SDSS.V1.3.0A_KiDS-1347_GAaP_Gaia.fits,-0.021368387800929742,0.1674608628100711,0.18882925061100087
KIDS_133.0_0.5,KIDS_133p0_0p5_r_SDSS.V1.3.0A_KiDS-1347_GAaP_Gaia.fits,0.021295990423719435,0.0495007835333532,0.028204793109633766
KIDS_33.6_-34.1,KIDS_33p6_m34p1_r_SDSS.V1.3.0A_KiDS-1347_GAaP_Gaia.fits,-0.07426884371109208,0.0250250470738941,0.09929389078498618
KIDS_10.2_-28.2,KIDS_10p2_m28p2_r_SDSS.V1.3.0A_KiDS-1347_GAaP_Gaia.fits,-0.15532439123040756,-0.1538138069714964,0.0015105842589111518
KIDS_159.4_2.5,KIDS_159p4_2p5_r_SDSS.V1.3.0A_KiDS-1347_GAaP_Gaia.fits,-0.12783525036004667,-0.0165520674601599,0.11128318289988677
KIDS_44.0_-28.2,KIDS_44p0_m28p2_r_SDSS.V1.3.0A_KiDS-1347_GAaP_Gaia.fits,-0.0231704675547479,0.1050497265999199,0.1282201941546678
KIDS_342.4_-32.1,KIDS_342p4_m32p1_r_SDSS.V1.3.0A_KiDS-1347_GAaP_Gaia.fits,0.029036742532057208,0.0936099055244411,0.06457316299238389
KIDS_51.3_-31.2,KIDS_51p3_m31p2_r_SDSS.V1.3.0A_KiDS-1347_GAaP_Gaia.fits,0.03992306965568138,0.1317981823400485,0.09187511268436713
KIDS_12.3_-27.2,KIDS_12p3_m27p2_r_SDSS.V1.3.0A_KiDS-1347_GAaP_Gaia.fits,-0.11303387291292424,-0.0616336459700235,0.051400226942900744
KIDS_229.0_0.5,KIDS_229p0_0p5_r_SDSS.V1.3.0A_KiDS-1347_GAaP_Gaia.fits,-0.03540311721672679,-0.0156022960934801,0.019800821123246687
KIDS_140.0_1.5,KIDS_140p0_1p5_r_SDSS.V1.3.0A_KiDS-1347_GAaP_Gaia.fits,0.04745332411850718,0.1395982881344988,0.0921449640159916
KIDS_336.4_-27.2,KIDS_336p4_m27p2_r_SDSS.V1.3.0A_KiDS-1347_GAaP_Gaia.fits,-0.008742389991170038,0.0236352131784453,0.03237760316961534
KIDS_222.0_0.5,KIDS_222p0_0p5_r_SDSS.V1.3.0A_KiDS-1347_GAaP_Gaia.fits,0.026758615444953518,0.0462119261579411,0.01945331071298758
KIDS_189.5_2.5,KIDS_189p5_2p5_r_SDSS.V1.3.0A_KiDS-1347_GAaP_Gaia.fits,-0.11468506298742628,-0.0509576308164665,0.06372743217095977
KIDS_202.6_3.5,KIDS_202p6_3p5_r_SDSS.V1.3.0A_KiDS-1347_GAaP_Gaia.fits,0.031570021736166284,0.1211203476739419,0.08955032593777562
KIDS_222.6_-2.5,KIDS_222p6_m2p5_r_SDSS.V1.3.0A_KiDS-1347_GAaP_Gaia.fits,0.0663094865012535,0.0971233489198378,0.030813862418584304
KIDS_51.6_-27.2,KIDS_51p6_m27p2_r_SDSS.V1.3.0A_KiDS-1347_GAaP_Gaia.fits,-0.048048852357155586,0.223839406618336,0.2718882589754916
KIDS_235.0_1.5,KIDS_235p0_1p5_r_SDSS.V1.3.0A_KiDS-1347_GAaP_Gaia.fits,-0.24669946597205114,-0.1765802330359298,0.07011923293612135
KIDS_134.0_-1.5,KIDS_134p0_m1p5_r_SDSS.V1.3.0A_KiDS-1347_GAaP_Gaia.fits,0.04753170412348847,0.0351858247885619,-0.01234587933492657
KIDS_34.5_-30.2,KIDS_34p5_m30p2_r_SDSS.V1.3.0A_KiDS-1347_GAaP_Gaia.fits,-0.0035249959324801378,0.1519501525975705,0.15547514853005062
KIDS_231.6_2.5,KIDS_231p6_2p5_r_SDSS.V1.3.0A_KiDS-1347_GAaP_Gaia.fits,-0.04660187442862049,-0.0165846438142077,0.030017230614412787
KIDS_203.6_3.5,KIDS_203p6_3p5_r_SDSS.V1.3.0A_KiDS-1347_GAaP_Gaia.fits,0.011906469012036888,0.1184979739485591,0.10659150493652221
KIDS_198.6_-3.5,KIDS_198p6_m3p5_r_SDSS.V1.3.0A_KiDS-1347_GAaP_Gaia.fits,0.029886510375423475,0.0384568321535067,0.008570321778083222
KIDS_230.0_-1.5,KIDS_230p0_m1p5_r_SDSS.V1.3.0A_KiDS-1347_GAaP_Gaia.fits,-0.004109571704570145,-0.015890398250837,-0.011780826546266856
KIDS_334.8_-34.1,KIDS_334p8_m34p1_r_SDSS.V1.3.0A_KiDS-1347_GAaP_Gaia.fits,-0.05035741228205917,0.0032235821878106,0.053580994469869775
KIDS_209.6_-2.5,KIDS_209p6_m2p5_r_SDSS.V1.3.0A_KiDS-1347_GAaP_Gaia.fits,0.02126691882135849,0.124281329812372,0.10301441099101351
KIDS_20.7_-30.2,KIDS_20p7_m30p2_r_SDSS.V1.3.0A_KiDS-1347_GAaP_Gaia.fits,0.06394831017912982,0.0930365304789305,0.029088220299800682
KIDS_212.6_3.5,KIDS_212p6_3p5_r_SDSS.V1.3.0A_KiDS-1347_GAaP_Gaia.fits,-0.020505921154078927,0.0420896982921438,0.06259561944622272
KIDS_195.5_2.5,KIDS_195p5_2p5_r_SDSS.V1.3.0A_KiDS-1347_GAaP_Gaia.fits,0.06074786052808268,0.1196563734234983,0.05890851289541562
KIDS_194.0_0.5,KIDS_194p0_0p5_r_SDSS.V1.3.0A_KiDS-1347_GAaP_Gaia.fits,-0.05529020328400322,0.0231579584269504,0.07844816171095362
KIDS_22.4_-27.2,KIDS_22p4_m27p2_r_SDSS.V1.3.0A_KiDS-1347_GAaP_Gaia.fits,-0.13122147628793188,0.0582726949128371,0.18949417120076897
KIDS_219.6_2.5,KIDS_219p6_2p5_r_SDSS.V1.3.0A_KiDS-1347_GAaP_Gaia.fits,0.39190367429428397,0.4254318877907466,0.03352821349646262
KIDS_47.5_-33.1,KIDS_47p5_m33p1_r_SDSS.V1.3.0A_KiDS-1347_GAaP_Gaia.fits,-0.00535912516378631,0.0491477414742695,0.05450686663805581
KIDS_352.8_-34.1,KIDS_352p8_m34p1_r_SDSS.V1.3.0A_KiDS-1347_GAaP_Gaia.fits,-0.001262315864408503,0.0141385056698632,0.015400821534271704
KIDS_227.0_-1.5,KIDS_227p0_m1p5_r_SDSS.V1.3.0A_KiDS-1347_GAaP_Gaia.fits,-0.049201583891791995,0.0028276948659729,0.0520292787577649
KIDS_170.5_-2.5,KIDS_170p5_m2p5_r_SDSS.V1.3.0A_KiDS-1347_GAaP_Gaia.fits,-0.11691536937752481,-0.0072680309025065,0.10964733847501831
KIDS_350.7_-31.2,KIDS_350p7_m31p2_r_SDSS.V1.3.0A_KiDS-1347_GAaP_Gaia.fits,0.06698658741901464,0.1077280705040392,0.04074148308502455
KIDS_171.5_-3.5,KIDS_171p5_m3p5_r_SDSS.V1.3.0A_KiDS-1347_GAaP_Gaia.fits,-0.1890752708287293,-0.0473496566685067,0.1417256141602226
KIDS_41.9_-31.2,KIDS_41p9_m31p2_r_SDSS.V1.3.0A_KiDS-1347_GAaP_Gaia.fits,-0.010121167581148588,0.2328278468794802,0.24294901446062878
KIDS_223.6_-3.5,KIDS_223p6_m3p5_r_SDSS.V1.3.0A_KiDS-1347_GAaP_Gaia.fits,0.06279081809812186,0.0627810735605201,-9.74453760176075e-06
KIDS_41.8_-28.2,KIDS_41p8_m28p2_r_SDSS.V1.3.0A_KiDS-1347_GAaP_Gaia.fits,-0.2109433574065858,-0.0496020390113605,0.16134131839522528
KIDS_355.2_-33.1,KIDS_355p2_m33p1_r_SDSS.V1.3.0A_KiDS-1347_GAaP_Gaia.fits,0.07306122551225631,0.1775242369607884,0.10446301144853208
KIDS_52.8_-34.1,KIDS_52p8_m34p1_r_SDSS.V1.3.0A_KiDS-1347_GAaP_Gaia.fits,-0.02062274420069518,0.0666016372138605,0.08722438141455569
KIDS_208.0_1.5,KIDS_208p0_1p5_r_SDSS.V1.3.0A_KiDS-1347_GAaP_Gaia.fits,-0.1147525834030472,0.0195428330235675,0.1342954164266147
KIDS_337.9_-31.2,KIDS_337p9_m31p2_r_SDSS.V1.3.0A_KiDS-1347_GAaP_Gaia.fits,0.0006027222742157889,0.0026076686341891,0.002004946359973311
KIDS_329.7_-27.2,KIDS_329p7_m27p2_r_SDSS.V1.3.0A_KiDS-1347_GAaP_Gaia.fits,0.04738236875732337,0.1544435506919327,0.10706118193460931
KIDS_9.0_-28.2,KIDS_9p0_m28p2_r_SDSS.V1.3.0A_KiDS-1347_GAaP_Gaia.fits,0.057388429963989324,0.4475563011927351,0.39016787122874574
KIDS_337.0_-30.2,KIDS_337p0_m30p2_r_SDSS.V1.3.0A_KiDS-1347_GAaP_Gaia.fits,0.008026366244580127,0.0699599551867256,0.06193358894214547
KIDS_1.2_-34.1,KIDS_1p2_m34p1_r_SDSS.V1.3.0A_KiDS-1347_GAaP_Gaia.fits,0.009697925307501576,0.0805880988496027,0.07089017354210113
KIDS_228.0_0.5,KIDS_228p0_0p5_r_SDSS.V1.3.0A_KiDS-1347_GAaP_Gaia.fits,0.08373779426506404,0.1218767573535948,0.03813896308853075
KIDS_41.4_-35.1,KIDS_41p4_m35p1_r_SDSS.V1.3.0A_KiDS-1347_GAaP_Gaia.fits,-0.3588895050723361,-0.1896954928259742,0.16919401224636188
KIDS_168.5_-2.5,KIDS_168p5_m2p5_r_SDSS.V1.3.0A_KiDS-1347_GAaP_Gaia.fits,-0.1256901208264103,-0.0530189691826162,0.07267115164379409
KIDS_349.2_-34.1,KIDS_349p2_m34p1_r_SDSS.V1.3.0A_KiDS-1347_GAaP_Gaia.fits,0.012960327266791957,0.1316457662114545,0.11868543894466253
KIDS_175.5_3.5,KIDS_175p5_3p5_r_SDSS.V1.3.0A_KiDS-1347_GAaP_Gaia.fits,0.03322871381703686,0.1196215782150408,0.08639286439800394
KIDS_20.2_-27.2,KIDS_20p2_m27p2_r_SDSS.V1.3.0A_KiDS-1347_GAaP_Gaia.fits,-0.10418960228436877,-0.0532160469653338,0.05097355531903497
KIDS_201.0_-0.5,KIDS_201p0_m0p5_r_SDSS.V1.3.0A_KiDS-1347_GAaP_Gaia.fits,0.01514504940719466,0.0986785038934034,0.08353345448620873
KIDS_8.5_-35.1,KIDS_8p5_m35p1_r_SDSS.V1.3.0A_KiDS-1347_GAaP_Gaia.fits,-0.10651105117638862,0.0177615880505739,0.12427263922696252
KIDS_21.9_-30.2,KIDS_21p9_m30p2_r_SDSS.V1.3.0A_KiDS-1347_GAaP_Gaia.fits,0.05322358791692742,0.1426952718111308,0.0894716838942034
KIDS_220.6_-2.5,KIDS_220p6_m2p5_r_SDSS.V1.3.0A_KiDS-1347_GAaP_Gaia.fits,0.06775623823966541,0.1396807639786101,0.07192452573894469
KIDS_187.5_-3.5,KIDS_187p5_m3p5_r_SDSS.V1.3.0A_KiDS-1347_GAaP_Gaia.fits,0.07283294015470283,0.1890753325447734,0.116242
KIDS_181.0_-0.5,KIDS_181p0_m0p5_r_SDSS.V1.3.0A_KiDS-1347_GAaP_Gaia.fits,0.010450243168326379,0.0109278562437357,0.00047761307540932114
KIDS_178.5_3.5,KIDS_178p5_3p5_r_SDSS.V1.3.0A_KiDS-1347_GAaP_Gaia.fits,-0.1975535036170117,-0.1638178564821612,0.0337356471348505
KIDS_25.8_-27.2,KIDS_25p8_m27p2_r_SDSS.V1.3.0A_KiDS-1347_GAaP_Gaia.fits,0.02530360092039663,0.1082547713414308,0.08295117042103417
KIDS_17.6_-32.1,KIDS_17p6_m32p1_r_SDSS.V1.3.0A_KiDS-1347_GAaP_Gaia.fits,-0.04892898795328454,0.1149019297648206,0.16383091771810515
KIDS_352.1_-28.2,KIDS_352p1_m28p2_r_SDSS.V1.3.0A_KiDS-1347_GAaP_Gaia.fits,-0.8485706360263671,-0.8400175955543828,0.008553040471984241
KIDS_31.6_-28.2,KIDS_31p6_m28p2_r_SDSS.V1.3.0A_KiDS-1347_GAaP_Gaia.fits,-0.18851836911892336,-0.1116719174168234,0.07684645170209996
KIDS_41.2_-32.1,KIDS_41p2_m32p1_r_SDSS.V1.3.0A_KiDS-1347_GAaP_Gaia.fits,0.1336696953166009,0.3658491985978113,0.2321795032812104
KIDS_161.4_-2.5,KIDS_161p4_m2p5_r_SDSS.V1.3.0A_KiDS-1347_GAaP_Gaia.fits,-0.08146440370847541,0.0423435728407441,0.12380797654921952
KIDS_177.5_3.5,KIDS_177p5_3p5_r_SDSS.V1.3.0A_KiDS-1347_GAaP_Gaia.fits,-0.11320124106251586,-0.0610697086855868,0.05213153237692906
KIDS_357.6_-33.1,KIDS_357p6_m33p1_r_SDSS.V1.3.0A_KiDS-1347_GAaP_Gaia.fits,0.061499590681288685,0.047895980577574,-0.013603610103714685
KIDS_215.0_-0.5,KIDS_215p0_m0p5_r_SDSS.V1.3.0A_KiDS-1347_GAaP_Gaia.fits,0.03323194340897852,0.1586560081600448,0.12542406475106627
KIDS_220.0_-0.5,KIDS_220p0_m0p5_r_SDSS.V1.3.0A_KiDS-1347_GAaP_Gaia.fits,0.048367751708192755,0.0818246381737925,0.033456886465599744
KIDS_192.5_2.5,KIDS_192p5_2p5_r_SDSS.V1.3.0A_KiDS-1347_GAaP_Gaia.fits,-0.1124571322938854,0.0129677221141728,0.1254248544080582
KIDS_164.5_2.5,KIDS_164p5_2p5_r_SDSS.V1.3.0A_KiDS-1347_GAaP_Gaia.fits,-0.03892643427378084,0.1036046065101012,0.14253104078388204
KIDS_351.8_-31.2,KIDS_351p8_m31p2_r_SDSS.V1.3.0A_KiDS-1347_GAaP_Gaia.fits,0.045672508841541976,0.1421159519247569,0.09644344308321492
KIDS_234.0_1.5,KIDS_234p0_1p5_r_SDSS.V1.3.0A_KiDS-1347_GAaP_Gaia.fits,-0.13424618840584798,-0.0330718610939125,0.10117432731193549
KIDS_36.5_-29.2,KIDS_36p5_m29p2_r_SDSS.V1.3.0A_KiDS-1347_GAaP_Gaia.fits,-0.11487043648610507,0.0728748722948163,0.18774530878092138
KIDS_219.6_3.5,KIDS_219p6_3p5_r_SDSS.V1.3.0A_KiDS-1347_GAaP_Gaia.fits,-0.07911881068968607,0.0324989265685717,0.11161773725825777
KIDS_343.9_-30.2,KIDS_343p9_m30p2_r_SDSS.V1.3.0A_KiDS-1347_GAaP_Gaia.fits,-0.00500198864634234,-0.0163297611981878,-0.011327772551845462
KIDS_30.8_-29.2,KIDS_30p8_m29p2_r_SDSS.V1.3.0A_KiDS-1347_GAaP_Gaia.fits,-0.09201059985505086,0.0814613580196966,0.17347195787474745
KIDS_238.0_-1.5,KIDS_238p0_m1p5_r_SDSS.V1.3.0A_KiDS-1347_GAaP_Gaia.fits,0.07489926856196152,0.135000861689048,0.06010159312708649
KIDS_190.5_-3.5,KIDS_190p5_m3p5_r_SDSS.V1.3.0A_KiDS-1347_GAaP_Gaia.fits,-0.08816377549612911,-0.0309533609025644,0.05721041459356471
KIDS_29.1_-31.2,KIDS_29p1_m31p2_r_SDSS.V1.3.0A_KiDS-1347_GAaP_Gaia.fits,-0.016162740149820262,0.1134331519539321,0.12959589210375236
KIDS_171.0_0.5,KIDS_171p0_0p5_r_SDSS.V1.3.0A_KiDS-1347_GAaP_Gaia.fits,-0.014792742421615851,0.1395979773126145,0.15439071973423035
KIDS_173.5_3.5,KIDS_173p5_3p5_r_SDSS.V1.3.0A_KiDS-1347_GAaP_Gaia.fits,-0.08621830448766901,-0.0739176543397437,0.012300650147925307
KIDS_341.2_-32.1,KIDS_341p2_m32p1_r_SDSS.V1.3.0A_KiDS-1347_GAaP_Gaia.fits,0.05200685395661709,0.1008444421778217,0.048837588221204604
KIDS_204.0_-0.5,KIDS_204p0_m0p5_r_SDSS.V1.3.0A_KiDS-1347_GAaP_Gaia.fits,-0.06823456828812932,0.1344095611136723,0.20264412940180163
KIDS_20.4_-34.1,KIDS_20p4_m34p1_r_SDSS.V1.3.0A_KiDS-1347_GAaP_Gaia.fits,0.01144859644963532,0.1046021950306327,0.09315359858099738
KIDS_138.4_2.5,KIDS_138p4_2p5_r_SDSS.V1.3.0A_KiDS-1347_GAaP_Gaia.fits,-0.03514764146173163,-0.0084435069038879,0.026704134557843734
KIDS_211.0_-1.5,KIDS_211p0_m1p5_r_SDSS.V1.3.0A_KiDS-1347_GAaP_Gaia.fits,0.031087036771881016,0.1381092795003299,0.10702224272844887
KIDS_179.5_3.5,KIDS_179p5_3p5_r_SDSS.V1.3.0A_KiDS-1347_GAaP_Gaia.fits,-0.09084784877590157,-0.0067159560739653,0.08413189270193627
KIDS_40.4_-33.1,KIDS_40p4_m33p1_r_SDSS.V1.3.0A_KiDS-1347_GAaP_Gaia.fits,0.016728571609500947,0.0899856326284439,0.07325706101894296
KIDS_49.3_-27.2,KIDS_49p3_m27p2_r_SDSS.V1.3.0A_KiDS-1347_GAaP_Gaia.fits,-0.3512929869601972,-0.101533931492015,0.24975905546818217
KIDS_189.0_1.5,KIDS_189p0_1p5_r_SDSS.V1.3.0A_KiDS-1347_GAaP_Gaia.fits,-0.251617593162632,-0.1485390628115244,0.10307853035110759
KIDS_7.9_-28.2,KIDS_7p9_m28p2_r_SDSS.V1.3.0A_KiDS-1347_GAaP_Gaia.fits,-0.062185250367926215,0.0842848868817935,0.14647013724971972
KIDS_217.6_-2.5,KIDS_217p6_m2p5_r_SDSS.V1.3.0A_KiDS-1347_GAaP_Gaia.fits,0.050152871645638225,0.1490667550114231,0.09891388336578488
KIDS_23.1_-35.1,KIDS_23p1_m35p1_r_SDSS.V1.3.0A_KiDS-1347_GAaP_Gaia.fits,-0.10695980617294201,-0.0734051405254514,0.033554665647490614
KIDS_15.3_-32.1,KIDS_15p3_m32p1_r_SDSS.V1.3.0A_KiDS-1347_GAaP_Gaia.fits,-0.15228063986657617,-0.0125454763791017,0.13973516348747447
KIDS_340.8_-28.2,KIDS_340p8_m28p2_r_SDSS.V1.3.0A_KiDS-1347_GAaP_Gaia.fits,-0.06381947071945476,0.0656065637822499,0.12942603450170465
KIDS_163.5_-3.5,KIDS_163p5_m3p5_r_SDSS.V1.3.0A_KiDS-1347_GAaP_Gaia.fits,-0.20285645197688448,-0.0975528201708551,0.10530363180602938
KIDS_10.5_-31.2,KIDS_10p5_m31p2_r_SDSS.V1.3.0A_KiDS-1347_GAaP_Gaia.fits,-0.10124740301852661,0.0946146177262371,0.19586202074476372
KIDS_5.8_-30.2,KIDS_5p8_m30p2_r_SDSS.V1.3.0A_KiDS-1347_GAaP_Gaia.fits,-0.02828243173402248,0.0428852637431018,0.07116769547712429
KIDS_213.0_-0.5,KIDS_213p0_m0p5_r_SDSS.V1.3.0A_KiDS-1347_GAaP_Gaia.fits,-0.002593963210792305,0.1167569808609867,0.119350944071779
KIDS_356.4_-33.1,KIDS_356p4_m33p1_r_SDSS.V1.3.0A_KiDS-1347_GAaP_Gaia.fits,-0.022500798966851476,0.0904419190755934,0.11294271804244488
KIDS_356.5_-31.2,KIDS_356p5_m31p2_r_SDSS.V1.3.0A_KiDS-1347_GAaP_Gaia.fits,-0.012898594994778814,0.1180953185621156,0.1309939135568944
KIDS_14.6_-27.2,KIDS_14p6_m27p2_r_SDSS.V1.3.0A_KiDS-1347_GAaP_Gaia.fits,0.05608520096248272,0.2072996392990538,0.15121443833657106
KIDS_25.2_-34.1,KIDS_25p2_m34p1_r_SDSS.V1.3.0A_KiDS-1347_GAaP_Gaia.fits,-0.06924594678135074,-0.0298080416630939,0.03943790511825684
KIDS_174.5_-2.5,KIDS_174p5_m2p5_r_SDSS.V1.3.0A_KiDS-1347_GAaP_Gaia.fits,-0.10162542496192745,-0.0606025881313909,0.04102283683053655
KIDS_174.5_2.5,KIDS_174p5_2p5_r_SDSS.V1.3.0A_KiDS-1347_GAaP_Gaia.fits,0.06359121257794062,0.0699484842526002,0.006357271674659576
KIDS_2.3_-31.2,KIDS_2p3_m31p2_r_SDSS.V1.3.0A_KiDS-1347_GAaP_Gaia.fits,0.07578793413886954,0.1355424484228909,0.05975451428402136
KIDS_42.6_-30.2,KIDS_42p6_m30p2_r_SDSS.V1.3.0A_KiDS-1347_GAaP_Gaia.fits,0.02480397772409751,0.1360087159953289,0.1112047382712314
KIDS_46.0_-27.2,KIDS_46p0_m27p2_r_SDSS.V1.3.0A_KiDS-1347_GAaP_Gaia.fits,-0.02525432121776225,0.2476761625844264,0.27293048380218865
KIDS_199.6_-3.5,KIDS_199p6_m3p5_r_SDSS.V1.3.0A_KiDS-1347_GAaP_Gaia.fits,0.0009485099602750402,0.1042488163335874,0.10330030637331236
KIDS_341.9_-28.2,KIDS_341p9_m28p2_r_SDSS.V1.3.0A_KiDS-1347_GAaP_Gaia.fits,-0.047534958671365535,0.0402252754315907,0.08776023410295623
KIDS_215.0_-1.5,KIDS_215p0_m1p5_r_SDSS.V1.3.0A_KiDS-1347_GAaP_Gaia.fits,0.3723692793421154,0.4590247654543652,0.08665548611224982
KIDS_354.1_-33.1,KIDS_354p1_m33p1_r_SDSS.V1.3.0A_KiDS-1347_GAaP_Gaia.fits,0.04441514498060498,0.161583237987186,0.11716809300658101
KIDS_49.2_-34.1,KIDS_49p2_m34p1_r_SDSS.V1.3.0A_KiDS-1347_GAaP_Gaia.fits,0.11611749763742865,0.2608527866229611,0.14473528898553242
KIDS_52.3_-33.1,KIDS_52p3_m33p1_r_SDSS.V1.3.0A_KiDS-1347_GAaP_Gaia.fits,0.004413806800544706,0.1688775958275084,0.16446378902696368
KIDS_357.7_-30.2,KIDS_357p7_m30p2_r_SDSS.V1.3.0A_KiDS-1347_GAaP_Gaia.fits,-0.0357699659156524,0.0367771322606026,0.072547098176255
KIDS_199.0_-0.5,KIDS_199p0_m0p5_r_SDSS.V1.3.0A_KiDS-1347_GAaP_Gaia.fits,0.07165930039691078,0.1462807773100813,0.07462147691317052
KIDS_166.0_-1.5,KIDS_166p0_m1p5_r_SDSS.V1.3.0A_KiDS-1347_GAaP_Gaia.fits,-0.10571220020897759,0.0581405529519533,0.1638527531609309
KIDS_45.6_-26.2,KIDS_45p6_m26p2_r_SDSS.V1.3.0A_KiDS-1347_GAaP_Gaia.fits,-0.013545583417119256,0.1393345442999989,0.15288012771711815
KIDS_172.0_-1.5,KIDS_172p0_m1p5_r_SDSS.V1.3.0A_KiDS-1347_GAaP_Gaia.fits,0.023363504055205153,0.0985305291849235,0.07516702512971835
KIDS_333.9_-33.1,KIDS_333p9_m33p1_r_SDSS.V1.3.0A_KiDS-1347_GAaP_Gaia.fits,0.08254227077614769,0.1472913730377412,0.06474910226159351
KIDS_230.0_0.5,KIDS_230p0_0p5_r_SDSS.V1.3.0A_KiDS-1347_GAaP_Gaia.fits,0.05559346934797252,0.0977160379202984,0.04212256857232588
KIDS_236.0_-1.5,KIDS_236p0_m1p5_r_SDSS.V1.3.0A_KiDS-1347_GAaP_Gaia.fits,-0.032318604907601245,0.065168835469607,0.09748744037720825
KIDS_48.6_-35.1,KIDS_48p6_m35p1_r_SDSS.V1.3.0A_KiDS-1347_GAaP_Gaia.fits,-0.054430022880960244,-0.0005911188975372,0.053838903983423045
KIDS_33.8_-31.2,KIDS_33p8_m31p2_r_SDSS.V1.3.0A_KiDS-1347_GAaP_Gaia.fits,0.021389840123450327,0.1516209171754454,0.13023107705199508
KIDS_179.0_-0.5,KIDS_179p0_m0p5_r_SDSS.V1.3.0A_KiDS-1347_GAaP_Gaia.fits,0.0557374338076309,0.0583988550492962,0.002661421241665296
KIDS_228.0_-0.5,KIDS_228p0_m0p5_r_SDSS.V1.3.0A_KiDS-1347_GAaP_Gaia.fits,0.054262247396432275,0.1738823454528297,0.11962009805639744
KIDS_180.0_1.5,KIDS_180p0_1p5_r_SDSS.V1.3.0A_KiDS-1347_GAaP_Gaia.fits,0.057713599951417595,0.1465368219641084,0.0888232220126908
KIDS_46.6_-31.2,KIDS_46p6_m31p2_r_SDSS.V1.3.0A_KiDS-1347_GAaP_Gaia.fits,0.02674784293450222,0.1825226822263815,0.15577483929187927
KIDS_357.6_-32.1,KIDS_357p6_m32p1_r_SDSS.V1.3.0A_KiDS-1347_GAaP_Gaia.fits,0.05214562703755217,0.1294449586806906,0.07729933164313844
KIDS_226.0_-1.5,KIDS_226p0_m1p5_r_SDSS.V1.3.0A_KiDS-1347_GAaP_Gaia.fits,-0.0709574170718057,-0.0001039080383224,0.0708535090334833
KIDS_235.0_0.5,KIDS_235p0_0p5_r_SDSS.V1.3.0A_KiDS-1347_GAaP_Gaia.fits,0.04795930539614249,0.1379450335644043,0.08998572816826181
KIDS_214.0_1.5,KIDS_214p0_1p5_r_SDSS.V1.3.0A_KiDS-1347_GAaP_Gaia.fits,0.04116241499048885,0.1570101961005782,0.11584778111008935
KIDS_7.1_-33.1,KIDS_7p1_m33p1_r_SDSS.V1.3.0A_KiDS-1347_GAaP_Gaia.fits,-0.004943068901606673,0.0416124066633095,0.046555475564916175
KIDS_51.9_-28.2,KIDS_51p9_m28p2_r_SDSS.V1.3.0A_KiDS-1347_GAaP_Gaia.fits,-0.016269667101247137,0.1618291041128753,0.17809877121412243
KIDS_230.6_2.5,KIDS_230p6_2p5_r_SDSS.V1.3.0A_KiDS-1347_GAaP_Gaia.fits,-0.060422586685181884,-0.0115867621959492,0.04883582448923268
KIDS_188.5_2.5,KIDS_188p5_2p5_r_SDSS.V1.3.0A_KiDS-1347_GAaP_Gaia.fits,-0.12161957473039339,-0.0947439843763471,0.026875590354046297
KIDS_335.3_-32.1,KIDS_335p3_m32p1_r_SDSS.V1.3.0A_KiDS-1347_GAaP_Gaia.fits,0.08741510795386691,0.1426416365431084,0.0552265285892415
KIDS_338.8_-32.1,KIDS_338p8_m32p1_r_SDSS.V1.3.0A_KiDS-1347_GAaP_Gaia.fits,0.04991239627873367,0.0987245331065069,0.04881213682777323
KIDS_47.4_-35.1,KIDS_47p4_m35p1_r_SDSS.V1.3.0A_KiDS-1347_GAaP_Gaia.fits,-0.05424008894977589,-0.001820747210896,0.05241934173887989
KIDS_349.5_-31.2,KIDS_349p5_m31p2_r_SDSS.V1.3.0A_KiDS-1347_GAaP_Gaia.fits,0.04495132932503836,0.0607581022694278,0.01580677294438944
KIDS_188.5_-2.5,KIDS_188p5_m2p5_r_SDSS.V1.3.0A_KiDS-1347_GAaP_Gaia.fits,0.06370611171091396,0.1969091338097875,0.13320302209887352
KIDS_162.0_-0.5,KIDS_162p0_m0p5_r_SDSS.V1.3.0A_KiDS-1347_GAaP_Gaia.fits,0.018662910842030936,0.1520464906942569,0.133383579852226
KIDS_160.0_-0.5,KIDS_160p0_m0p5_r_SDSS.V1.3.0A_KiDS-1347_GAaP_Gaia.fits,-0.053318598346238644,0.2371787919840584,0.29049739033029703
KIDS_35.6_-33.1,KIDS_35p6_m33p1_r_SDSS.V1.3.0A_KiDS-1347_GAaP_Gaia.fits,0.07889426003850293,0.1947935496444346,0.11589928960593167
KIDS_165.5_-3.5,KIDS_165p5_m3p5_r_SDSS.V1.3.0A_KiDS-1347_GAaP_Gaia.fits,-0.1490764316863936,-0.0302857735579272,0.1187906581284664
KIDS_133.4_2.5,KIDS_133p4_2p5_r_SDSS.V1.3.0A_KiDS-1347_GAaP_Gaia.fits,0.0355468343770885,0.0434965945053009,0.0079497601282124
KIDS_206.6_-2.5,KIDS_206p6_m2p5_r_SDSS.V1.3.0A_KiDS-1347_GAaP_Gaia.fits,0.09468275660508307,0.1542383363376093,0.05955557973252623
KIDS_353.2_-29.2,KIDS_353p2_m29p2_r_SDSS.V1.3.0A_KiDS-1347_GAaP_Gaia.fits,-0.065726822980513,0.0196882805910878,0.08541510357160079
KIDS_175.0_-0.5,KIDS_175p0_m0p5_r_SDSS.V1.3.0A_KiDS-1347_GAaP_Gaia.fits,0.015932402100241883,0.1363061377770906,0.12037373567684873
KIDS_184.0_1.5,KIDS_184p0_1p5_r_SDSS.V1.3.0A_KiDS-1347_GAaP_Gaia.fits,0.08139148373075665,0.1090906092023848,0.027699125471628144
KIDS_157.0_0.5,KIDS_157p0_0p5_r_SDSS.V1.3.0A_KiDS-1347_GAaP_Gaia.fits,-0.005199318486718438,0.145729960711597,0.15092927919831545
KIDS_134.4_2.5,KIDS_134p4_2p5_r_SDSS.V1.3.0A_KiDS-1347_GAaP_Gaia.fits,0.08004006478604164,0.1388301073167719,0.05879004253073025
KIDS_9.6_-34.1,KIDS_9p6_m34p1_r_SDSS.V1.3.0A_KiDS-1347_GAaP_Gaia.fits,-1.0181233967744379,-0.8299787072709203,0.1881446895035176
KIDS_4.5_-27.2,KIDS_4p5_m27p2_r_SDSS.V1.3.0A_KiDS-1347_GAaP_Gaia.fits,-0.10066911708694845,0.0244079241514826,0.12507704123843105
KIDS_32.7_-28.2,KIDS_32p7_m28p2_r_SDSS.V1.3.0A_KiDS-1347_GAaP_Gaia.fits,-0.10452966304163633,-0.0333031103627134,0.07122655267892293
KIDS_199.0_1.5,KIDS_199p0_1p5_r_SDSS.V1.3.0A_KiDS-1347_GAaP_Gaia.fits,0.11452951629733393,0.2248945952456401,0.11036507894830616
KIDS_187.5_2.5,KIDS_187p5_2p5_r_SDSS.V1.3.0A_KiDS-1347_GAaP_Gaia.fits,0.04437841992902107,0.0839846161102519,0.03960619618123083
KIDS_30.3_-31.2,KIDS_30p3_m31p2_r_SDSS.V1.3.0A_KiDS-1347_GAaP_Gaia.fits,-0.04023857797808891,0.0348759346804077,0.07511451265849661
KIDS_337.4_-28.2,KIDS_337p4_m28p2_r_SDSS.V1.3.0A_KiDS-1347_GAaP_Gaia.fits,-0.029471059064338542,0.0061571955346257,0.035628254598964244
KIDS_236.0_0.5,KIDS_236p0_0p5_r_SDSS.V1.3.0A_KiDS-1347_GAaP_Gaia.fits,-0.12836558468880901,-0.0050607728972022,0.12330481179160681
KIDS_232.0_0.5,KIDS_232p0_0p5_r_SDSS.V1.3.0A_KiDS-1347_GAaP_Gaia.fits,-0.002377116384601169,0.0321275667793973,0.03450468316399847
KIDS_344.2_-28.2,KIDS_344p2_m28p2_r_SDSS.V1.3.0A_KiDS-1347_GAaP_Gaia.fits,-0.05778444609357994,-0.0046537737840624,0.05313067230951754
KIDS_132.4_2.5,KIDS_132p4_2p5_r_SDSS.V1.3.0A_KiDS-1347_GAaP_Gaia.fits,0.07395908481004897,0.0447605037127814,-0.029198581097267563
KIDS_12.2_-35.1,KIDS_12p2_m35p1_r_SDSS.V1.3.0A_KiDS-1347_GAaP_Gaia.fits,0.11875247931363118,0.1414135855879892,0.02266110627435801
KIDS_354.1_-32.1,KIDS_354p1_m32p1_r_SDSS.V1.3.0A_KiDS-1347_GAaP_Gaia.fits,0.06865813675206381,0.1426933760827733,0.07403523933070949
KIDS_161.4_2.5,KIDS_161p4_2p5_r_SDSS.V1.3.0A_KiDS-1347_GAaP_Gaia.fits,-0.07191248730404956,0.037463125026983,0.10937561233103256
KIDS_200.0_-1.5,KIDS_200p0_m1p5_r_SDSS.V1.3.0A_KiDS-1347_GAaP_Gaia.fits,-0.07819977490261695,0.0045179474829911,0.08271772238560805
KIDS_189.5_-3.5,KIDS_189p5_m3p5_r_SDSS.V1.3.0A_KiDS-1347_GAaP_Gaia.fits,-0.011399835921726192,0.1538309482699599,0.1652307841916861
KIDS_331.5_-29.2,KIDS_331p5_m29p2_r_SDSS.V1.3.0A_KiDS-1347_GAaP_Gaia.fits,-0.06120301069578479,0.086568018143994,0.14777102883977877
KIDS_212.0_-1.5,KIDS_212p0_m1p5_r_SDSS.V1.3.0A_KiDS-1347_GAaP_Gaia.fits,0.02812735694573222,0.0923228033413333,0.06419544639560108
KIDS_340.4_-30.2,KIDS_340p4_m30p2_r_SDSS.V1.3.0A_KiDS-1347_GAaP_Gaia.fits,0.030772282089207778,0.0747333607966677,0.043961078707459925
KIDS_218.6_3.5,KIDS_218p6_3p5_r_SDSS.V1.3.0A_KiDS-1347_GAaP_Gaia.fits,-0.08032925025927945,-0.0070931827255034,0.07323606753377605
KIDS_26.9_-27.2,KIDS_26p9_m27p2_r_SDSS.V1.3.0A_KiDS-1347_GAaP_Gaia.fits,-0.11046879653639088,-0.0602701203847317,0.05019867615165918
KIDS_169.0_0.5,KIDS_169p0_0p5_r_SDSS.V1.3.0A_KiDS-1347_GAaP_Gaia.fits,-0.016657203295471323,0.0396242292483279,0.05628143254379922
KIDS_341.4_-31.2,KIDS_341p4_m31p2_r_SDSS.V1.3.0A_KiDS-1347_GAaP_Gaia.fits,0.0637357637455499,0.1079139572766152,0.04417819353106529
KIDS_2.3_-30.2,KIDS_2p3_m30p2_r_SDSS.V1.3.0A_KiDS-1347_GAaP_Gaia.fits,0.04062199615299639,0.0791882383358041,0.038566242182807714
KIDS_213.0_0.5,KIDS_213p0_0p5_r_SDSS.V1.3.0A_KiDS-1347_GAaP_Gaia.fits,-0.01634886251406617,0.065679047284362,0.08202790979842817
KIDS_42.0_-34.1,KIDS_42p0_m34p1_r_SDSS.V1.3.0A_KiDS-1347_GAaP_Gaia.fits,0.01202409216286103,0.0253581205633654,0.01333402840050437
KIDS_345.9_-32.1,KIDS_345p9_m32p1_r_SDSS.V1.3.0A_KiDS-1347_GAaP_Gaia.fits,0.06472966825020532,0.1121779240496615,0.04744825579945618
KIDS_39.1_-30.2,KIDS_39p1_m30p2_r_SDSS.V1.3.0A_KiDS-1347_GAaP_Gaia.fits,-0.02065885867923037,0.0873372698359722,0.10799612851520257
KIDS_211.6_2.5,KIDS_211p6_2p5_r_SDSS.V1.3.0A_KiDS-1347_GAaP_Gaia.fits,0.05542251812284458,0.2129296678816413,0.15750714975879673
KIDS_157.4_2.5,KIDS_157p4_2p5_r_SDSS.V1.3.0A_KiDS-1347_GAaP_Gaia.fits,-0.10380656660920037,-0.0286737593424124,0.07513280726678798
KIDS_6.0_-34.1,KIDS_6p0_m34p1_r_SDSS.V1.3.0A_KiDS-1347_GAaP_Gaia.fits,-0.043902868010325974,0.0623626096930364,0.10626547770336237
KIDS_234.7_2.5,KIDS_234p7_2p5_r_SDSS.V1.3.0A_KiDS-1347_GAaP_Gaia.fits,-0.027901806189306905,0.0240163929346297,0.05191819912393661
KIDS_207.6_2.5,KIDS_207p6_2p5_r_SDSS.V1.3.0A_KiDS-1347_GAaP_Gaia.fits,0.2883652032925362,0.3536922365621644,0.06532703326962824
KIDS_353.3_-27.2,KIDS_353p3_m27p2_r_SDSS.V1.3.0A_KiDS-1347_GAaP_Gaia.fits,-0.09573235611554307,0.0127985742499834,0.10853093036552647
KIDS_29.3_-28.2,KIDS_29p3_m28p2_r_SDSS.V1.3.0A_KiDS-1347_GAaP_Gaia.fits,-0.09983390704090547,0.112775555737528,0.21260946277843346
KIDS_30.3_-27.2,KIDS_30p3_m27p2_r_SDSS.V1.3.0A_KiDS-1347_GAaP_Gaia.fits,-0.11514738250027942,0.1286038222155974,0.24375120471587683
KIDS_184.5_-2.5,KIDS_184p5_m2p5_r_SDSS.V1.3.0A_KiDS-1347_GAaP_Gaia.fits,0.014413429230921537,0.1295003269658049,0.11508689773488337
KIDS_196.5_-2.5,KIDS_196p5_m2p5_r_SDSS.V1.3.0A_KiDS-1347_GAaP_Gaia.fits,0.2704688257082887,0.2741468386307927,0.003678012922504026
KIDS_350.5_-33.1,KIDS_350p5_m33p1_r_SDSS.V1.3.0A_KiDS-1347_GAaP_Gaia.fits,0.05584295798171843,0.0482650810173576,-0.007577876964360825
KIDS_8.0_-29.2,KIDS_8p0_m29p2_r_SDSS.V1.3.0A_KiDS-1347_GAaP_Gaia.fits,-0.15185651981011625,-0.0111560752792008,0.14070044453091546
KIDS_181.0_0.5,KIDS_181p0_0p5_r_SDSS.V1.3.0A_KiDS-1347_GAaP_Gaia.fits,0.023397111566808904,0.0558105473669689,0.03241343580016
KIDS_156.4_3.5,KIDS_156p4_3p5_r_SDSS.V1.3.0A_KiDS-1347_GAaP_Gaia.fits,0.046797105379705606,0.1211195421656116,0.074322436785906
KIDS_10.7_-33.1,KIDS_10p7_m33p1_r_SDSS.V1.3.0A_KiDS-1347_GAaP_Gaia.fits,-0.024154810986996914,0.1335861361726044,0.1577409471596013
KIDS_6.8_-29.2,KIDS_6p8_m29p2_r_SDSS.V1.3.0A_KiDS-1347_GAaP_Gaia.fits,-0.09750956102093297,0.0867216133924383,0.18423117441337128
KIDS_179.5_-2.5,KIDS_179p5_m2p5_r_SDSS.V1.3.0A_KiDS-1347_GAaP_Gaia.fits,0.03792345118822648,0.0754751088213194,0.03755165763309292
KIDS_176.0_0.5,KIDS_176p0_0p5_r_SDSS.V1.3.0A_KiDS-1347_GAaP_Gaia.fits,0.05225104847731798,0.1186928561585517,0.06644180768123373
KIDS_13.5_-28.2,KIDS_13p5_m28p2_r_SDSS.V1.3.0A_KiDS-1347_GAaP_Gaia.fits,0.12115684854681565,0.1367089871595735,0.015552138612757851
KIDS_221.6_-2.5,KIDS_221p6_m2p5_r_SDSS.V1.3.0A_KiDS-1347_GAaP_Gaia.fits,0.0698126086649663,0.1184330425156618,0.04862043385069549
KIDS_339.6_-34.1,KIDS_339p6_m34p1_r_SDSS.V1.3.0A_KiDS-1347_GAaP_Gaia.fits,-0.07208570332940692,-0.0501603952284456,0.02192530810096132
KIDS_202.6_-3.5,KIDS_202p6_m3p5_r_SDSS.V1.3.0A_KiDS-1347_GAaP_Gaia.fits,0.1064884904979195,0.1831050065012068,0.07661651600328731
KIDS_191.5_3.5,KIDS_191p5_3p5_r_SDSS.V1.3.0A_KiDS-1347_GAaP_Gaia.fits,-0.07304734521712158,-0.0593371548570099,0.013710190360111688
KIDS_167.0_0.5,KIDS_167p0_0p5_r_SDSS.V1.3.0A_KiDS-1347_GAaP_Gaia.fits,0.03716338649798305,0.0988150896912314,0.06165170319324835
KIDS_3.6_-33.1,KIDS_3p6_m33p1_r_SDSS.V1.3.0A_KiDS-1347_GAaP_Gaia.fits,0.06939189926417336,0.1686802775632808,0.09928837829910744
KIDS_205.6_-3.5,KIDS_205p6_m3p5_r_SDSS.V1.3.0A_KiDS-1347_GAaP_Gaia.fits,0.07431972693688736,0.1079120764665622,0.03359234952967484
KIDS_196.5_3.5,KIDS_196p5_3p5_r_SDSS.V1.3.0A_KiDS-1347_GAaP_Gaia.fits,-0.08452044027566283,-0.0446006685732427,0.03991977170242013
KIDS_182.0_1.5,KIDS_182p0_1p5_r_SDSS.V1.3.0A_KiDS-1347_GAaP_Gaia.fits,0.012078174618351131,0.0531195276374949,0.041041353019143766
KIDS_233.0_-1.5,KIDS_233p0_m1p5_r_SDSS.V1.3.0A_KiDS-1347_GAaP_Gaia.fits,-0.07578843855964248,0.0705247076309875,0.14631314619063
KIDS_331.8_-32.1,KIDS_331p8_m32p1_r_SDSS.V1.3.0A_KiDS-1347_GAaP_Gaia.fits,0.06784475516381308,0.1963348523404306,0.12849009717661752
KIDS_179.0_0.5,KIDS_179p0_0p5_r_SDSS.V1.3.0A_KiDS-1347_GAaP_Gaia.fits,0.032874172164202825,0.0972035248476566,0.06432935268345377
KIDS_0.0_-35.1,KIDS_0p0_m35p1_r_SDSS.V1.3.0A_KiDS-1347_GAaP_Gaia.fits,-0.17122205297842438,-0.0839436457486324,0.08727840722979198
KIDS_171.0_-1.5,KIDS_171p0_m1p5_r_SDSS.V1.3.0A_KiDS-1347_GAaP_Gaia.fits,-0.2021536768111107,-0.0142860249876847,0.18786765182342602
KIDS_156.4_-3.5,KIDS_156p4_m3p5_r_SDSS.V1.3.0A_KiDS-1347_GAaP_Gaia.fits,-0.10980096964529348,-0.0161695764820252,0.09363139316326828
KIDS_192.5_-2.5,KIDS_192p5_m2p5_r_SDSS.V1.3.0A_KiDS-1347_GAaP_Gaia.fits,-0.22684144146270477,-0.0715215199794239,0.1553199214832809
KIDS_222.6_2.5,KIDS_222p6_2p5_r_SDSS.V1.3.0A_KiDS-1347_GAaP_Gaia.fits,0.0780901158438249,0.1204937021033065,0.042403586259481596
KIDS_36.5_-35.1,KIDS_36p5_m35p1_r_SDSS.V1.3.0A_KiDS-1347_GAaP_Gaia.fits,0.0837917009029589,0.2008758870025795,0.1170841860996206
KIDS_45.0_-35.1,KIDS_45p0_m35p1_r_SDSS.V1.3.0A_KiDS-1347_GAaP_Gaia.fits,-0.03368730141993248,0.0524948856343946,0.08618218705432708
KIDS_196.5_-3.5,KIDS_196p5_m3p5_r_SDSS.V1.3.0A_KiDS-1347_GAaP_Gaia.fits,0.009377652378309287,0.1754026371028945,0.1660249847245852
KIDS_164.0_1.5,KIDS_164p0_1p5_r_SDSS.V1.3.0A_KiDS-1347_GAaP_Gaia.fits,0.040360314768980714,0.0924755879441206,0.052115273175139885
KIDS_132.0_1.5,KIDS_132p0_1p5_r_SDSS.V1.3.0A_KiDS-1347_GAaP_Gaia.fits,0.06678997282447477,0.0793637385268682,0.012573765702393436
KIDS_166.5_-3.5,KIDS_166p5_m3p5_r_SDSS.V1.3.0A_KiDS-1347_GAaP_Gaia.fits,-0.1293279427439733,-0.0182950586792073,0.111032884064766
KIDS_346.2_-30.2,KIDS_346p2_m30p2_r_SDSS.V1.3.0A_KiDS-1347_GAaP_Gaia.fits,-0.30002379331862516,-0.1687733299133433,0.13125046340528188
KIDS_211.0_1.5,KIDS_211p0_1p5_r_SDSS.V1.3.0A_KiDS-1347_GAaP_Gaia.fits,0.11007482524847871,0.1846854772055009,0.0746106519570222
KIDS_185.5_3.5,KIDS_185p5_3p5_r_SDSS.V1.3.0A_KiDS-1347_GAaP_Gaia.fits,-0.10387221414697986,-0.0648652431709148,0.039006970976065064
KIDS_184.5_3.5,KIDS_184p5_3p5_r_SDSS.V1.3.0A_KiDS-1347_GAaP_Gaia.fits,-0.10031759481933725,-0.0226471022945021,0.07767049252483516
KIDS_8.2_-32.1,KIDS_8p2_m32p1_r_SDSS.V1.3.0A_KiDS-1347_GAaP_Gaia.fits,-0.05914312160284865,0.0188533528325937,0.07799647443544236
KIDS_15.9_-29.2,KIDS_15p9_m29p2_r_SDSS.V1.3.0A_KiDS-1347_GAaP_Gaia.fits,-0.08534822367700334,0.0198575463953234,0.10520577007232675
KIDS_237.0_1.5,KIDS_237p0_1p5_r_SDSS.V1.3.0A_KiDS-1347_GAaP_Gaia.fits,-0.032608061169602354,0.0817721994677712,0.11438026063737355
KIDS_164.5_3.5,KIDS_164p5_3p5_r_SDSS.V1.3.0A_KiDS-1347_GAaP_Gaia.fits,-0.22646235480101037,-0.1307178535295843,0.09574450127142609
KIDS_202.0_0.5,KIDS_202p0_0p5_r_SDSS.V1.3.0A_KiDS-1347_GAaP_Gaia.fits,0.027444940081163383,0.0869641832227913,0.05951924314162792
KIDS_48.9_-26.2,KIDS_48p9_m26p2_r_SDSS.V1.3.0A_KiDS-1347_GAaP_Gaia.fits,-0.12441773640979006,0.0302194351941209,0.15463717160391097
KIDS_175.0_0.5,KIDS_175p0_0p5_r_SDSS.V1.3.0A_KiDS-1347_GAaP_Gaia.fits,0.03089222367903771,0.1185752071724052,0.08768298349336749
KIDS_173.0_1.5,KIDS_173p0_1p5_r_SDSS.V1.3.0A_KiDS-1347_GAaP_Gaia.fits,0.0433644472076504,0.2014616988334289,0.1580972516257785
KIDS_172.0_1.5,KIDS_172p0_1p5_r_SDSS.V1.3.0A_KiDS-1347_GAaP_Gaia.fits,0.04711985351100219,0.1333893922359689,0.08626953872496672
KIDS_27.1_-32.1,KIDS_27p1_m32p1_r_SDSS.V1.3.0A_KiDS-1347_GAaP_Gaia.fits,-0.23866788844623196,0.0664993704182219,0.30516725886445384
KIDS_157.4_-2.5,KIDS_157p4_m2p5_r_SDSS.V1.3.0A_KiDS-1347_GAaP_Gaia.fits,-0.14677694537741362,-0.0775016042853519,0.06927534109206172
KIDS_209.6_2.5,KIDS_209p6_2p5_r_SDSS.V1.3.0A_KiDS-1347_GAaP_Gaia.fits,-0.06843408265538334,-0.0248624272993099,0.043571655356073435
KIDS_165.0_-0.5,KIDS_165p0_m0p5_r_SDSS.V1.3.0A_KiDS-1347_GAaP_Gaia.fits,-0.0528383900276472,0.01082902398378,0.0636674140114272
KIDS_341.6_-30.2,KIDS_341p6_m30p2_r_SDSS.V1.3.0A_KiDS-1347_GAaP_Gaia.fits,0.043654541379613145,0.0250784221064608,-0.018576119273152343
KIDS_19.2_-28.2,KIDS_19p2_m28p2_r_SDSS.V1.3.0A_KiDS-1347_GAaP_Gaia.fits,-0.04895544314943262,0.3450209994939215,0.39397644264335413
KIDS_236.7_2.5,KIDS_236p7_2p5_r_SDSS.V1.3.0A_KiDS-1347_GAaP_Gaia.fits,0.0039386031766076995,0.1235310909705283,0.11959248779392061
KIDS_187.0_1.5,KIDS_187p0_1p5_r_SDSS.V1.3.0A_KiDS-1347_GAaP_Gaia.fits,0.045914936396222364,0.0716107580527734,0.02569582165655103
KIDS_29.7_-33.1,KIDS_29p7_m33p1_r_SDSS.V1.3.0A_KiDS-1347_GAaP_Gaia.fits,-0.054850630033847714,0.125799593127567,0.1806502231614147
KIDS_167.5_-3.5,KIDS_167p5_m3p5_r_SDSS.V1.3.0A_KiDS-1347_GAaP_Gaia.fits,-0.10767766502666865,0.0165522065297482,0.12422987155641685
KIDS_208.6_2.5,KIDS_208p6_2p5_r_SDSS.V1.3.0A_KiDS-1347_GAaP_Gaia.fits,-0.16681994575185957,-0.1403859603847525,0.02643398536710706
KIDS_208.0_0.5,KIDS_208p0_0p5_r_SDSS.V1.3.0A_KiDS-1347_GAaP_Gaia.fits,0.058865544057059196,0.0757373120964153,0.016871768039356097
KIDS_167.0_-0.5,KIDS_167p0_m0p5_r_SDSS.V1.3.0A_KiDS-1347_GAaP_Gaia.fits,-0.05989356417055661,0.0794629206834604,0.13935648485401703
KIDS_184.5_-3.5,KIDS_184p5_m3p5_r_SDSS.V1.3.0A_KiDS-1347_GAaP_Gaia.fits,0.053220001006161484,0.1157957979842407,0.06257579697807922
KIDS_5.7_-29.2,KIDS_5p7_m29p2_r_SDSS.V1.3.0A_KiDS-1347_GAaP_Gaia.fits,-0.04273386080002736,0.0983628148330083,0.14109667563303566
KIDS_138.0_-0.5,KIDS_138p0_m0p5_r_SDSS.V1.3.0A_KiDS-1347_GAaP_Gaia.fits,0.057226503977695915,0.0860307955505267,0.028804291572830786
KIDS_28.0_-31.2,KIDS_28p0_m31p2_r_SDSS.V1.3.0A_KiDS-1347_GAaP_Gaia.fits,-0.08137841800850268,0.0482384511228231,0.12961686913132578
KIDS_33.4_-30.2,KIDS_33p4_m30p2_r_SDSS.V1.3.0A_KiDS-1347_GAaP_Gaia.fits,-0.04358942671715485,0.1961839874018515,0.23977341411900635
KIDS_205.0_0.5,KIDS_205p0_0p5_r_SDSS.V1.3.0A_KiDS-1347_GAaP_Gaia.fits,-0.03384910802916044,0.022279477633629,0.05612858566278944
KIDS_184.0_-1.5,KIDS_184p0_m1p5_r_SDSS.V1.3.0A_KiDS-1347_GAaP_Gaia.fits,0.07101180574229538,0.1317590136761677,0.06074720793387234
KIDS_217.6_2.5,KIDS_217p6_2p5_r_SDSS.V1.3.0A_KiDS-1347_GAaP_Gaia.fits,0.06239570850345003,0.0929801061956211,0.030584397692171063
KIDS_330.1_-30.2,KIDS_330p1_m30p2_r_SDSS.V1.3.0A_KiDS-1347_GAaP_Gaia.fits,0.03561511003267311,0.1047235292533491,0.06910841922067598
KIDS_171.5_2.5,KIDS_171p5_2p5_r_SDSS.V1.3.0A_KiDS-1347_GAaP_Gaia.fits,-0.06222528660067908,0.0645998580759875,0.12682514467666658
KIDS_227.0_-0.5,KIDS_227p0_m0p5_r_SDSS.V1.3.0A_KiDS-1347_GAaP_Gaia.fits,0.0744624307265205,0.131295415671458,0.05683298494493749
KIDS_165.0_0.5,KIDS_165p0_0p5_r_SDSS.V1.3.0A_KiDS-1347_GAaP_Gaia.fits,-0.04278884264161936,0.0719313558092944,0.11472019845091376
KIDS_357.6_-35.1,KIDS_357p6_m35p1_r_SDSS.V1.3.0A_KiDS-1347_GAaP_Gaia.fits,-0.11075119780797646,-0.0483824731840133,0.06236872462396316
KIDS_48.7_-33.1,KIDS_48p7_m33p1_r_SDSS.V1.3.0A_KiDS-1347_GAaP_Gaia.fits,0.036173718463400284,0.2115460835844542,0.17537236512105392
KIDS_51.1_-35.1,KIDS_51p1_m35p1_r_SDSS.V1.3.0A_KiDS-1347_GAaP_Gaia.fits,-0.047079921026832144,0.040103735830417,0.08718365685724914
KIDS_217.0_0.5,KIDS_217p0_0p5_r_SDSS.V1.3.0A_KiDS-1347_GAaP_Gaia.fits,-0.03743893200678569,0.0337341268378715,0.07117305884465719
KIDS_336.5_-32.1,KIDS_336p5_m32p1_r_SDSS.V1.3.0A_KiDS-1347_GAaP_Gaia.fits,-0.01772313715918168,0.045863664087738,0.06358680124691968
KIDS_201.0_-1.5,KIDS_201p0_m1p5_r_SDSS.V1.3.0A_KiDS-1347_GAaP_Gaia.fits,-0.09128844236362901,-0.0288217953668181,0.06246664699681091
KIDS_224.0_-1.5,KIDS_224p0_m1p5_r_SDSS.V1.3.0A_KiDS-1347_GAaP_Gaia.fits,0.035533475391548,0.0658574439021385,0.030323968510590507
KIDS_209.0_-0.5,KIDS_209p0_m0p5_r_SDSS.V1.3.0A_KiDS-1347_GAaP_Gaia.fits,-0.011272026060749979,0.060369618826626,0.07164164488737598
KIDS_218.6_2.5,KIDS_218p6_2p5_r_SDSS.V1.3.0A_KiDS-1347_GAaP_Gaia.fits,0.046473268363347905,0.1046672350389711,0.058193966675623196
KIDS_197.0_-1.5,KIDS_197p0_m1p5_r_SDSS.V1.3.0A_KiDS-1347_GAaP_Gaia.fits,-0.0856744134489009,-0.0744292783446309,0.011245135104269999
KIDS_5.8_-31.2,KIDS_5p8_m31p2_r_SDSS.V1.3.0A_KiDS-1347_GAaP_Gaia.fits,0.06272615117480757,0.1231584149244285,0.060432263749620935
KIDS_19.6_-30.2,KIDS_19p6_m30p2_r_SDSS.V1.3.0A_KiDS-1347_GAaP_Gaia.fits,-0.10666071791586726,-0.0375681950196192,0.06909252289624807
KIDS_131.0_0.5,KIDS_131p0_0p5_r_SDSS.V1.3.0A_KiDS-1347_GAaP_Gaia.fits,0.06441075923615634,0.0208202191696735,-0.043590540066482844
KIDS_214.0_-1.5,KIDS_214p0_m1p5_r_SDSS.V1.3.0A_KiDS-1347_GAaP_Gaia.fits,-0.0311020675580492,0.0988904521809285,0.12999251973897769
KIDS_171.5_3.5,KIDS_171p5_3p5_r_SDSS.V1.3.0A_KiDS-1347_GAaP_Gaia.fits,0.020317909846692503,0.145281761690045,0.1249638518433525
KIDS_180.5_-3.5,KIDS_180p5_m3p5_r_SDSS.V1.3.0A_KiDS-1347_GAaP_Gaia.fits,0.06323782506765678,0.1058588743944015,0.04262104932674472
KIDS_50.1_-29.2,KIDS_50p1_m29p2_r_SDSS.V1.3.0A_KiDS-1347_GAaP_Gaia.fits,0.05658110173154184,0.2292156488829299,0.17263454715138804
KIDS_138.0_1.5,KIDS_138p0_1p5_r_SDSS.V1.3.0A_KiDS-1347_GAaP_Gaia.fits,0.04583679034309499,0.051467972510905,0.005631182167810007
KIDS_216.6_2.5,KIDS_216p6_2p5_r_SDSS.V1.3.0A_KiDS-1347_GAaP_Gaia.fits,-0.031213276221471103,0.0369247576711929,0.06813803389266401
KIDS_201.0_0.5,KIDS_201p0_0p5_r_SDSS.V1.3.0A_KiDS-1347_GAaP_Gaia.fits,0.05302251013543816,0.1214557357791857,0.06843322564374754
KIDS_237.7_2.5,KIDS_237p7_2p5_r_SDSS.V1.3.0A_KiDS-1347_GAaP_Gaia.fits,0.025505470215728562,0.126005156063223,0.10049968584749443
KIDS_36.8_-30.2,KIDS_36p8_m30p2_r_SDSS.V1.3.0A_KiDS-1347_GAaP_Gaia.fits,0.0363626632858523,0.2972548725283013,0.260892209242449
KIDS_348.1_-33.1,KIDS_348p1_m33p1_r_SDSS.V1.3.0A_KiDS-1347_GAaP_Gaia.fits,-0.030302960252048233,-0.0058083436666264,0.024494616585421833
KIDS_201.6_3.5,KIDS_201p6_3p5_r_SDSS.V1.3.0A_KiDS-1347_GAaP_Gaia.fits,0.0436985639609827,0.0525828316697361,0.008884267708753404
KIDS_165.5_2.5,KIDS_165p5_2p5_r_SDSS.V1.3.0A_KiDS-1347_GAaP_Gaia.fits,-0.09597585749036489,0.1387659880130699,0.2347418455034348
KIDS_198.0_-0.5,KIDS_198p0_m0p5_r_SDSS.V1.3.0A_KiDS-1347_GAaP_Gaia.fits,-0.013443469049566517,0.0869407123873143,0.10038418143688081
KIDS_199.6_2.5,KIDS_199p6_2p5_r_SDSS.V1.3.0A_KiDS-1347_GAaP_Gaia.fits,-0.0878486095199685,-0.1182898160644505,-0.030441206544482
KIDS_51.8_-32.1,KIDS_51p8_m32p1_r_SDSS.V1.3.0A_KiDS-1347_GAaP_Gaia.fits,-0.04269932015885616,0.0628129177587891,0.10551223791764526
KIDS_223.6_-2.5,KIDS_223p6_m2p5_r_SDSS.V1.3.0A_KiDS-1347_GAaP_Gaia.fits,0.09809937924177384,0.1157006154600015,0.017601236218227664
KIDS_11.9_-33.1,KIDS_11p9_m33p1_r_SDSS.V1.3.0A_KiDS-1347_GAaP_Gaia.fits,-0.13082312976762703,0.0605089139201074,0.19133204368773443
KIDS_3.6_-35.1,KIDS_3p6_m35p1_r_SDSS.V1.3.0A_KiDS-1347_GAaP_Gaia.fits,-0.09385761553440033,-0.0146720880105545,0.07918552752384583
KIDS_43.2_-34.1,KIDS_43p2_m34p1_r_SDSS.V1.3.0A_KiDS-1347_GAaP_Gaia.fits,0.04604854635732504,0.1932608309816723,0.14721228462434727
KIDS_202.0_1.5,KIDS_202p0_1p5_r_SDSS.V1.3.0A_KiDS-1347_GAaP_Gaia.fits,-0.08827158425478485,-0.0250464042974847,0.06322517995730015
KIDS_183.0_-0.5,KIDS_183p0_m0p5_r_SDSS.V1.3.0A_KiDS-1347_GAaP_Gaia.fits,0.011683103066564726,0.0498256976778157,0.038142594611250975
KIDS_156.0_-0.5,KIDS_156p0_m0p5_r_SDSS.V1.3.0A_KiDS-1347_GAaP_Gaia.fits,0.08587223228187371,0.2467375202919437,0.16086528801007
KIDS_37.6_-29.2,KIDS_37p6_m29p2_r_SDSS.V1.3.0A_KiDS-1347_GAaP_Gaia.fits,-0.09375866814600889,0.0873080551940444,0.1810667233400533
KIDS_233.0_-0.5,KIDS_233p0_m0p5_r_SDSS.V1.3.0A_KiDS-1347_GAaP_Gaia.fits,-0.016703615001235905,0.0488053813982051,0.06550899639944101
KIDS_28.2_-32.1,KIDS_28p2_m32p1_r_SDSS.V1.3.0A_KiDS-1347_GAaP_Gaia.fits,-0.11284196908995439,-0.0483626902287359,0.06447927886121849
KIDS_169.0_-0.5,KIDS_169p0_m0p5_r_SDSS.V1.3.0A_KiDS-1347_GAaP_Gaia.fits,-0.06326016302572782,0.0817561240156787,0.1450162870414065
KIDS_48.3_-30.2,KIDS_48p3_m30p2_r_SDSS.V1.3.0A_KiDS-1347_GAaP_Gaia.fits,0.07890435133122434,0.2018104437001735,0.12290609236894917
KIDS_351.9_-30.2,KIDS_351p9_m30p2_r_SDSS.V1.3.0A_KiDS-1347_GAaP_Gaia.fits,-0.00912194176633492,0.0014897721647679,0.01061171393110282
KIDS_358.8_-35.1,KIDS_358p8_m35p1_r_SDSS.V1.3.0A_KiDS-1347_GAaP_Gaia.fits,-0.05199917601962223,0.022297749103981,0.07429692512360322
KIDS_24.5_-31.2,KIDS_24p5_m31p2_r_SDSS.V1.3.0A_KiDS-1347_GAaP_Gaia.fits,-0.026263487887799447,0.0232785830246598,0.04954207091245925
KIDS_172.5_-2.5,KIDS_172p5_m2p5_r_SDSS.V1.3.0A_KiDS-1347_GAaP_Gaia.fits,-0.058354661401462476,0.049103479110543,0.10745814051200547
KIDS_333.1_-27.2,KIDS_333p1_m27p2_r_SDSS.V1.3.0A_KiDS-1347_GAaP_Gaia.fits,0.025575494591350445,0.0977998284075711,0.07222433381622065
KIDS_195.5_-3.5,KIDS_195p5_m3p5_r_SDSS.V1.3.0A_KiDS-1347_GAaP_Gaia.fits,0.02548638902980377,0.0621898713571857,0.03670348232738193
KIDS_32.8_-35.1,KIDS_32p8_m35p1_r_SDSS.V1.3.0A_KiDS-1347_GAaP_Gaia.fits,0.06620865807599208,0.1172868307878501,0.05107817271185802
KIDS_2.4_-32.1,KIDS_2p4_m32p1_r_SDSS.V1.3.0A_KiDS-1347_GAaP_Gaia.fits,0.03017257642632841,0.1469409950244776,0.1167684185981492
KIDS_192.0_-0.5,KIDS_192p0_m0p5_r_SDSS.V1.3.0A_KiDS-1347_GAaP_Gaia.fits,-0.012013294852694228,0.0470965457059458,0.05910984055864003
KIDS_199.6_-2.5,KIDS_199p6_m2p5_r_SDSS.V1.3.0A_KiDS-1347_GAaP_Gaia.fits,-0.09750131837582668,-0.0557331730650472,0.04176814531077948
KIDS_189.0_0.5,KIDS_189p0_0p5_r_SDSS.V1.3.0A_KiDS-1347_GAaP_Gaia.fits,0.008987882891313012,0.0434266865670488,0.03443880367573579
KIDS_184.0_-0.5,KIDS_184p0_m0p5_r_SDSS.V1.3.0A_KiDS-1347_GAaP_Gaia.fits,0.03945591222830637,0.0995581854535095,0.06010227322520313
KIDS_221.0_1.5,KIDS_221p0_1p5_r_SDSS.V1.3.0A_KiDS-1347_GAaP_Gaia.fits,0.3906994477007215,0.4617464362553015,0.07104698855457997
KIDS_213.6_-2.5,KIDS_213p6_m2p5_r_SDSS.V1.3.0A_KiDS-1347_GAaP_Gaia.fits,-0.23645330356112068,-0.139645647112412,0.09680765644870867
KIDS_11.7_-31.2,KIDS_11p7_m31p2_r_SDSS.V1.3.0A_KiDS-1347_GAaP_Gaia.fits,-0.00347338387719158,0.0861128669210721,0.08958625079826368
KIDS_220.6_3.5,KIDS_220p6_3p5_r_SDSS.V1.3.0A_KiDS-1347_GAaP_Gaia.fits,-0.07924852347405428,-0.0145811258785724,0.06466739759548189
KIDS_203.6_2.5,KIDS_203p6_2p5_r_SDSS.V1.3.0A_KiDS-1347_GAaP_Gaia.fits,-0.08837481208790021,0.0218796506405282,0.11025446272842841
KIDS_355.1_-35.1,KIDS_355p1_m35p1_r_SDSS.V1.3.0A_KiDS-1347_GAaP_Gaia.fits,-0.051272084227131726,0.0450413074838869,0.09631339171101863
KIDS_160.4_2.5,KIDS_160p4_2p5_r_SDSS.V1.3.0A_KiDS-1347_GAaP_Gaia.fits,-0.16818776537077026,-0.0515795941773708,0.11660817119339947
KIDS_14.7_-28.2,KIDS_14p7_m28p2_r_SDSS.V1.3.0A_KiDS-1347_GAaP_Gaia.fits,-0.08659991623604238,-0.0211679349071275,0.06543198132891488
KIDS_192.0_0.5,KIDS_192p0_0p5_r_SDSS.V1.3.0A_KiDS-1347_GAaP_Gaia.fits,0.0643461907046052,0.0714068811976775,0.0070606904930723
KIDS_203.0_-1.5,KIDS_203p0_m1p5_r_SDSS.V1.3.0A_KiDS-1347_GAaP_Gaia.fits,-0.16848236169752676,-0.0075281848080424,0.16095417688948435
KIDS_219.6_-2.5,KIDS_219p6_m2p5_r_SDSS.V1.3.0A_KiDS-1347_GAaP_Gaia.fits,0.028452197582948854,0.0988599082808785,0.07040771069792964
KIDS_17.1_-29.2,KIDS_17p1_m29p2_r_SDSS.V1.3.0A_KiDS-1347_GAaP_Gaia.fits,-0.049815876421775346,0.1824030210219359,0.23221889744371124
KIDS_188.5_-3.5,KIDS_188p5_m3p5_r_SDSS.V1.3.0A_KiDS-1347_GAaP_Gaia.fits,0.06182240791409084,0.1558260491133657,0.09400364119927486
KIDS_211.6_-2.5,KIDS_211p6_m2p5_r_SDSS.V1.3.0A_KiDS-1347_GAaP_Gaia.fits,0.04908003760892121,0.1476904737493025,0.09861043614038129
KIDS_135.0_1.5,KIDS_135p0_1p5_r_SDSS.V1.3.0A_KiDS-1347_GAaP_Gaia.fits,-0.06816152639938536,0.0010415657180901,0.06920309211747545
KIDS_186.0_-1.5,KIDS_186p0_m1p5_r_SDSS.V1.3.0A_KiDS-1347_GAaP_Gaia.fits,0.04766313559599313,0.0982841572365564,0.050621021640563264
KIDS_197.5_2.5,KIDS_197p5_2p5_r_SDSS.V1.3.0A_KiDS-1347_GAaP_Gaia.fits,-0.09070029667729826,0.0231187737473751,0.11381907042467336
KIDS_36.8_-33.1,KIDS_36p8_m33p1_r_SDSS.V1.3.0A_KiDS-1347_GAaP_Gaia.fits,-0.007332653572825212,0.0525660623989663,0.059898715971791514
KIDS_183.5_2.5,KIDS_183p5_2p5_r_SDSS.V1.3.0A_KiDS-1347_GAaP_Gaia.fits,-0.09227709917081908,-0.050166723578328,0.04211037559249108
KIDS_192.0_-1.5,KIDS_192p0_m1p5_r_SDSS.V1.3.0A_KiDS-1347_GAaP_Gaia.fits,-0.11849589582500189,-0.0721153272102001,0.04638056861480179
KIDS_39.5_-28.2,KIDS_39p5_m28p2_r_SDSS.V1.3.0A_KiDS-1347_GAaP_Gaia.fits,-0.06583215393127886,0.1419367526414782,0.20776890657275707
KIDS_225.6_2.5,KIDS_225p6_2p5_r_SDSS.V1.3.0A_KiDS-1347_GAaP_Gaia.fits,0.08429565716634753,0.1606648540957148,0.07636919692936726
KIDS_352.9_-33.1,KIDS_352p9_m33p1_r_SDSS.V1.3.0A_KiDS-1347_GAaP_Gaia.fits,0.04108544476041617,0.102580218299864,0.06149477353944782
KIDS_12.0_-34.1,KIDS_12p0_m34p1_r_SDSS.V1.3.0A_KiDS-1347_GAaP_Gaia.fits,-0.11567826638465903,-0.0013933400733118,0.11428492631134723
KIDS_48.5_-28.2,KIDS_48p5_m28p2_r_SDSS.V1.3.0A_KiDS-1347_GAaP_Gaia.fits,-0.012979310931221691,0.1314800598913081,0.1444593708225298
KIDS_345.6_-34.1,KIDS_345p6_m34p1_r_SDSS.V1.3.0A_KiDS-1347_GAaP_Gaia.fits,0.08889623512994642,0.1916714418918472,0.10277520676190079
KIDS_164.0_-0.5,KIDS_164p0_m0p5_r_SDSS.V1.3.0A_KiDS-1347_GAaP_Gaia.fits,-0.041574573317795904,0.0467101621057939,0.0882847354235898
KIDS_3.4_-28.2,KIDS_3p4_m28p2_r_SDSS.V1.3.0A_KiDS-1347_GAaP_Gaia.fits,0.10243149826796925,0.1800373283763925,0.07760583010842324
KIDS_218.6_-2.5,KIDS_218p6_m2p5_r_SDSS.V1.3.0A_KiDS-1347_GAaP_Gaia.fits,0.03578404023582049,0.1205200481699003,0.08473600793407982
KIDS_206.0_-1.5,KIDS_206p0_m1p5_r_SDSS.V1.3.0A_KiDS-1347_GAaP_Gaia.fits,-0.03655598785743722,-0.0247913339294496,0.011764653927987617
KIDS_338.6_-33.1,KIDS_338p6_m33p1_r_SDSS.V1.3.0A_KiDS-1347_GAaP_Gaia.fits,0.07372742650403892,0.1963669428174777,0.12263951631343879
KIDS_139.0_0.5,KIDS_139p0_0p5_r_SDSS.V1.3.0A_KiDS-1347_GAaP_Gaia.fits,0.07247675918856804,0.0614585166940679,-0.01101824249450014
KIDS_209.0_-1.5,KIDS_209p0_m1p5_r_SDSS.V1.3.0A_KiDS-1347_GAaP_Gaia.fits,-0.09044056158941682,0.0584456454870246,0.14888620707644143
KIDS_14.3_-33.1,KIDS_14p3_m33p1_r_SDSS.V1.3.0A_KiDS-1347_GAaP_Gaia.fits,-0.025531014560958798,0.0816098641894236,0.1071408787503824
KIDS_31.9_-29.2,KIDS_31p9_m29p2_r_SDSS.V1.3.0A_KiDS-1347_GAaP_Gaia.fits,-0.043043417653587907,0.1314463633052121,0.1744897809588
KIDS_6.1_-35.1,KIDS_6p1_m35p1_r_SDSS.V1.3.0A_KiDS-1347_GAaP_Gaia.fits,0.06938518983791751,0.2536609083816074,0.18427571854368985
KIDS_202.0_-0.5,KIDS_202p0_m0p5_r_SDSS.V1.3.0A_KiDS-1347_GAaP_Gaia.fits,0.18123980014358926,0.246315226619646,0.06507542647605674
KIDS_30.9_-33.1,KIDS_30p9_m33p1_r_SDSS.V1.3.0A_KiDS-1347_GAaP_Gaia.fits,0.025702348032662678,0.1662610255629525,0.14055867753028983
KIDS_207.6_-2.5,KIDS_207p6_m2p5_r_SDSS.V1.3.0A_KiDS-1347_GAaP_Gaia.fits,-0.20844941137132442,-0.1514503452018413,0.05699906616948311
KIDS_157.4_-3.5,KIDS_157p4_m3p5_r_SDSS.V1.3.0A_KiDS-1347_GAaP_Gaia.fits,-0.12300371584075673,-0.0125649405241742,0.11043877531658253
KIDS_14.1_-32.1,KIDS_14p1_m32p1_r_SDSS.V1.3.0A_KiDS-1347_GAaP_Gaia.fits,-0.03268036100197638,0.1229201302452718,0.15560049124724817
KIDS_234.0_0.5,KIDS_234p0_0p5_r_SDSS.V1.3.0A_KiDS-1347_GAaP_Gaia.fits,-0.14542282251476427,-0.0589987318467601,0.08642409066800416
KIDS_348.6_-29.2,KIDS_348p6_m29p2_r_SDSS.V1.3.0A_KiDS-1347_GAaP_Gaia.fits,-0.08602529207848494,0.0858913069372425,0.17191659901572745
KIDS_20.5_-29.2,KIDS_20p5_m29p2_r_SDSS.V1.3.0A_KiDS-1347_GAaP_Gaia.fits,-0.02141164600914819,0.1714463559076954,0.1928580019168436
KIDS_338.1_-30.2,KIDS_338p1_m30p2_r_SDSS.V1.3.0A_KiDS-1347_GAaP_Gaia.fits,-0.19453760697619835,-0.1813641906985994,0.013173416277598937
KIDS_226.0_-0.5,KIDS_226p0_m0p5_r_SDSS.V1.3.0A_KiDS-1347_GAaP_Gaia.fits,-0.023009697439714066,0.0609752569392009,0.08398495437891497
KIDS_206.0_1.5,KIDS_206p0_1p5_r_SDSS.V1.3.0A_KiDS-1347_GAaP_Gaia.fits,-0.06651551913360867,0.0391580148487564,0.10567353398236508
KIDS_220.6_2.5,KIDS_220p6_2p5_r_SDSS.V1.3.0A_KiDS-1347_GAaP_Gaia.fits,0.11488886347385452,0.1495568234857914,0.034667960011936894
KIDS_202.6_-2.5,KIDS_202p6_m2p5_r_SDSS.V1.3.0A_KiDS-1347_GAaP_Gaia.fits,0.07974450503540981,0.1530009840137171,0.07325647897830728
KIDS_203.0_1.5,KIDS_203p0_1p5_r_SDSS.V1.3.0A_KiDS-1347_GAaP_Gaia.fits,-0.08348366899455387,-0.0819574993319534,0.0015261696626004684
KIDS_349.7_-29.2,KIDS_349p7_m29p2_r_SDSS.V1.3.0A_KiDS-1347_GAaP_Gaia.fits,0.022109456559433208,0.1528426398129292,0.13073318325349598
KIDS_197.0_-0.5,KIDS_197p0_m0p5_r_SDSS.V1.3.0A_KiDS-1347_GAaP_Gaia.fits,0.12026766280134356,0.2220051469458137,0.10173748414447013
KIDS_28.0_-27.2,KIDS_28p0_m27p2_r_SDSS.V1.3.0A_KiDS-1347_GAaP_Gaia.fits,0.0534546796868733,0.1319728566364199,0.07851817694954659
KIDS_219.0_-1.5,KIDS_219p0_m1p5_r_SDSS.V1.3.0A_KiDS-1347_GAaP_Gaia.fits,0.08175177997825141,0.1330399776828676,0.05128819770461619
KIDS_349.8_-28.2,KIDS_349p8_m28p2_r_SDSS.V1.3.0A_KiDS-1347_GAaP_Gaia.fits,0.0544248379710636,0.1062602452733922,0.0518354073023286
KIDS_158.0_1.5,KIDS_158p0_1p5_r_SDSS.V1.3.0A_KiDS-1347_GAaP_Gaia.fits,-0.04042942020071555,0.0287229623768079,0.06915238257752344
KIDS_168.5_3.5,KIDS_168p5_3p5_r_SDSS.V1.3.0A_KiDS-1347_GAaP_Gaia.fits,-0.1371653339950645,-0.0323242903793694,0.1048410436156951
KIDS_202.6_2.5,KIDS_202p6_2p5_r_SDSS.V1.3.0A_KiDS-1347_GAaP_Gaia.fits,-0.07482250808633709,0.0144828567323716,0.08930536481870868
KIDS_354.0_-34.1,KIDS_354p0_m34p1_r_SDSS.V1.3.0A_KiDS-1347_GAaP_Gaia.fits,0.020808696060239787,0.0656416754260459,0.04483297936580612
KIDS_339.8_-27.2,KIDS_339p8_m27p2_r_SDSS.V1.3.0A_KiDS-1347_GAaP_Gaia.fits,0.04094576786024915,0.0932914149035094,0.052345647043260245
KIDS_347.7_-27.2,KIDS_347p7_m27p2_r_SDSS.V1.3.0A_KiDS-1347_GAaP_Gaia.fits,-0.14059718296758963,0.0490158590957253,0.18961304206331492
KIDS_339.7_-28.2,KIDS_339p7_m28p2_r_SDSS.V1.3.0A_KiDS-1347_GAaP_Gaia.fits,-0.08565614408262698,-0.0209365900957277,0.06471955398689927
KIDS_200.0_-0.5,KIDS_200p0_m0p5_r_SDSS.V1.3.0A_KiDS-1347_GAaP_Gaia.fits,-0.020932861531348004,0.0520491253699089,0.0729819869012569
KIDS_174.0_-1.5,KIDS_174p0_m1p5_r_SDSS.V1.3.0A_KiDS-1347_GAaP_Gaia.fits,0.05070312982405119,0.1298959610558925,0.0791928312318413
KIDS_8.3_-33.1,KIDS_8p3_m33p1_r_SDSS.V1.3.0A_KiDS-1347_GAaP_Gaia.fits,-0.10790191091254964,0.015961265178519,0.12386317609106864
KIDS_204.6_-3.5,KIDS_204p6_m3p5_r_SDSS.V1.3.0A_KiDS-1347_GAaP_Gaia.fits,0.0833387260891828,0.1238484963393502,0.0405097702501674
KIDS_140.0_-1.5,KIDS_140p0_m1p5_r_SDSS.V1.3.0A_KiDS-1347_GAaP_Gaia.fits,0.05771536648359398,0.1175901159483362,0.059874749464742215
KIDS_21.6_-34.1,KIDS_21p6_m34p1_r_SDSS.V1.3.0A_KiDS-1347_GAaP_Gaia.fits,0.06335293644180065,0.2193697103913648,0.15601677394956415
KIDS_34.2_-29.2,KIDS_34p2_m29p2_r_SDSS.V1.3.0A_KiDS-1347_GAaP_Gaia.fits,-0.04610372841033436,0.1405828089605232,0.18668653737085755
KIDS_159.4_3.5,KIDS_159p4_3p5_r_SDSS.V1.3.0A_KiDS-1347_GAaP_Gaia.fits,-0.11806556518352715,0.0196647522608186,0.13773031744434575
KIDS_17.0_-35.1,KIDS_17p0_m35p1_r_SDSS.V1.3.0A_KiDS-1347_GAaP_Gaia.fits,-0.10214279903054416,-0.0530319642294808,0.049110834801063354
KIDS_38.0_-30.2,KIDS_38p0_m30p2_r_SDSS.V1.3.0A_KiDS-1347_GAaP_Gaia.fits,-0.02303949036050279,0.0647032533009631,0.0877427436614659
KIDS_346.5_-27.2,KIDS_346p5_m27p2_r_SDSS.V1.3.0A_KiDS-1347_GAaP_Gaia.fits,-0.43501397412335463,-0.3327199249662518,0.10229404915710283
KIDS_182.0_-0.5,KIDS_182p0_m0p5_r_SDSS.V1.3.0A_KiDS-1347_GAaP_Gaia.fits,0.07873234999821481,0.1917246065566359,0.11299225655842109
KIDS_193.5_-2.5,KIDS_193p5_m2p5_r_SDSS.V1.3.0A_KiDS-1347_GAaP_Gaia.fits,-0.06342689741935054,-0.0325863581820862,0.030840539237264333
KIDS_158.0_-0.5,KIDS_158p0_m0p5_r_SDSS.V1.3.0A_KiDS-1347_GAaP_Gaia.fits,-0.07425547442864053,0.1774651442332372,0.2517206186618777
KIDS_34.1_-32.1,KIDS_34p1_m32p1_r_SDSS.V1.3.0A_KiDS-1347_GAaP_Gaia.fits,0.03040175646841503,0.1830592258849481,0.15265746941653308
KIDS_11.5_-30.2,KIDS_11p5_m30p2_r_SDSS.V1.3.0A_KiDS-1347_GAaP_Gaia.fits,-0.05115576018922435,0.0123555637387072,0.06351132392793155
KIDS_141.0_-0.5,KIDS_141p0_m0p5_r_SDSS.V1.3.0A_KiDS-1347_GAaP_Gaia.fits,0.051771632334961945,0.0646980973923541,0.012926465057392159
KIDS_223.0_0.5,KIDS_223p0_0p5_r_SDSS.V1.3.0A_KiDS-1347_GAaP_Gaia.fits,-0.06723617959981718,0.0515993430950071,0.11883552269482428
KIDS_2.4_-34.1,KIDS_2p4_m34p1_r_SDSS.V1.3.0A_KiDS-1347_GAaP_Gaia.fits,0.006966859582648949,0.1173087103736619,0.11034185079101295
KIDS_36.0_-34.1,KIDS_36p0_m34p1_r_SDSS.V1.3.0A_KiDS-1347_GAaP_Gaia.fits,-0.04720990324238364,0.1247099369696419,0.17191984021202555
KIDS_222.0_-0.5,KIDS_222p0_m0p5_r_SDSS.V1.3.0A_KiDS-1347_GAaP_Gaia.fits,0.023453606113187586,0.077907763853233,0.05445415774004542
KIDS_334.7_-30.2,KIDS_334p7_m30p2_r_SDSS.V1.3.0A_KiDS-1347_GAaP_Gaia.fits,-0.24725800409948614,-0.1689435696160789,0.07831443448340725
KIDS_332.7_-33.1,KIDS_332p7_m33p1_r_SDSS.V1.3.0A_KiDS-1347_GAaP_Gaia.fits,0.07343276497852763,0.1544864232362461,0.08105365825771846
KIDS_330.9_-31.2,KIDS_330p9_m31p2_r_SDSS.V1.3.0A_KiDS-1347_GAaP_Gaia.fits,0.11747089154515805,0.2071757117674988,0.08970482022234075
KIDS_178.5_2.5,KIDS_178p5_2p5_r_SDSS.V1.3.0A_KiDS-1347_GAaP_Gaia.fits,0.1045923631006193,0.1787047224989502,0.0741123593983309
KIDS_234.0_-0.5,KIDS_234p0_m0p5_r_SDSS.V1.3.0A_KiDS-1347_GAaP_Gaia.fits,0.059008120648031195,0.1014025040224487,0.042394383374417505
KIDS_129.0_0.5,KIDS_129p0_0p5_r_SDSS.V1.3.0A_KiDS-1347_GAaP_Gaia.fits,0.06892569217461658,0.0425875006544926,-0.026338191520123982
KIDS_13.1_-33.1,KIDS_13p1_m33p1_r_SDSS.V1.3.0A_KiDS-1347_GAaP_Gaia.fits,-0.12273764165020304,-0.0392497247737183,0.08348791687648474
KIDS_355.4_-30.2,KIDS_355p4_m30p2_r_SDSS.V1.3.0A_KiDS-1347_GAaP_Gaia.fits,0.0050080944400016925,0.0434680511803944,0.03845995674039271
KIDS_347.1_-32.1,KIDS_347p1_m32p1_r_SDSS.V1.3.0A_KiDS-1347_GAaP_Gaia.fits,0.020233775250196803,0.0925664447704069,0.0723326695202101
KIDS_28.2_-28.2,KIDS_28p2_m28p2_r_SDSS.V1.3.0A_KiDS-1347_GAaP_Gaia.fits,-0.01375715795924043,0.2048973922857049,0.21865455024494532
KIDS_28.0_-35.1,KIDS_28p0_m35p1_r_SDSS.V1.3.0A_KiDS-1347_GAaP_Gaia.fits,-0.08170868587664634,0.0060021393023292,0.08771082517897555
KIDS_351.0_-28.2,KIDS_351p0_m28p2_r_SDSS.V1.3.0A_KiDS-1347_GAaP_Gaia.fits,-0.05602769026180529,0.061205923295325,0.1172336135571303
KIDS_339.5_-29.2,KIDS_339p5_m29p2_r_SDSS.V1.3.0A_KiDS-1347_GAaP_Gaia.fits,0.07628915679063342,0.0930920404489483,0.01680288365831488
KIDS_38.7_-29.2,KIDS_38p7_m29p2_r_SDSS.V1.3.0A_KiDS-1347_GAaP_Gaia.fits,-0.18797458921265972,0.0034045162516664,0.19137910546432613
KIDS_167.5_2.5,KIDS_167p5_2p5_r_SDSS.V1.3.0A_KiDS-1347_GAaP_Gaia.fits,-0.08928053420183796,0.0363895710324373,0.12567010523427524
KIDS_194.5_3.5,KIDS_194p5_3p5_r_SDSS.V1.3.0A_KiDS-1347_GAaP_Gaia.fits,-0.10140974210869028,-0.05732468331183,0.044085058796860276
KIDS_349.6_-30.2,KIDS_349p6_m30p2_r_SDSS.V1.3.0A_KiDS-1347_GAaP_Gaia.fits,0.022978579383212266,0.0832838190845342,0.06030523970132193
KIDS_165.5_-2.5,KIDS_165p5_m2p5_r_SDSS.V1.3.0A_KiDS-1347_GAaP_Gaia.fits,-0.12336743359652921,0.0528901740700933,0.17625760766662252
KIDS_23.6_-27.2,KIDS_23p6_m27p2_r_SDSS.V1.3.0A_KiDS-1347_GAaP_Gaia.fits,0.01592172041058683,0.1781814101592334,0.16225968974864657
KIDS_220.0_1.5,KIDS_220p0_1p5_r_SDSS.V1.3.0A_KiDS-1347_GAaP_Gaia.fits,-0.029158274113743776,-0.0414467079936962,-0.012288433879952425
KIDS_334.1_-32.1,KIDS_334p1_m32p1_r_SDSS.V1.3.0A_KiDS-1347_GAaP_Gaia.fits,0.05088103958678569,0.1216184205407026,0.0707373809539169
KIDS_2.2_-27.2,KIDS_2p2_m27p2_r_SDSS.V1.3.0A_KiDS-1347_GAaP_Gaia.fits,-0.11144236071983535,0.0125508373022154,0.12399319802205075
KIDS_194.0_-0.5,KIDS_194p0_m0p5_r_SDSS.V1.3.0A_KiDS-1347_GAaP_Gaia.fits,-0.007338009477792062,0.0111865006650513,0.018524510142843363
KIDS_4.7_-31.2,KIDS_4p7_m31p2_r_SDSS.V1.3.0A_KiDS-1347_GAaP_Gaia.fits,-0.017076144921038705,0.0650065812252914,0.08208272614633011
KIDS_20.7_-35.1,KIDS_20p7_m35p1_r_SDSS.V1.3.0A_KiDS-1347_GAaP_Gaia.fits,-0.06535333478970332,0.0585371956980292,0.12389053048773252
KIDS_341.0_-33.1,KIDS_341p0_m33p1_r_SDSS.V1.3.0A_KiDS-1347_GAaP_Gaia.fits,0.001134221212677089,0.0108407926021083,0.009706571389431212
KIDS_170.0_1.5,KIDS_170p0_1p5_r_SDSS.V1.3.0A_KiDS-1347_GAaP_Gaia.fits,-0.042602436753732764,0.0609147995198301,0.10351723627356287
KIDS_18.2_-35.1,KIDS_18p2_m35p1_r_SDSS.V1.3.0A_KiDS-1347_GAaP_Gaia.fits,-0.09126815424600729,0.0610811972255598,0.15234935147156708
KIDS_227.0_0.5,KIDS_227p0_0p5_r_SDSS.V1.3.0A_KiDS-1347_GAaP_Gaia.fits,0.04562326338780158,0.1167002447375741,0.07107698134977251
KIDS_346.3_-29.2,KIDS_346p3_m29p2_r_SDSS.V1.3.0A_KiDS-1347_GAaP_Gaia.fits,0.04512805643909962,0.0710895661334474,0.02596150969434778
KIDS_130.0_-0.5,KIDS_130p0_m0p5_r_SDSS.V1.3.0A_KiDS-1347_GAaP_Gaia.fits,0.07773002203655999,0.0479421181450559,-0.02978790389150409
KIDS_173.5_-2.5,KIDS_173p5_m2p5_r_SDSS.V1.3.0A_KiDS-1347_GAaP_Gaia.fits,0.07189283920838802,0.2123307015232765,0.14043786231488847
KIDS_332.4_-30.2,KIDS_332p4_m30p2_r_SDSS.V1.3.0A_KiDS-1347_GAaP_Gaia.fits,-0.03399410838908251,0.0852404184915521,0.11923452688063461
KIDS_129.0_-1.5,KIDS_129p0_m1p5_r_SDSS.V1.3.0A_KiDS-1347_GAaP_Gaia.fits,0.07436343708638923,0.0538442186550108,-0.020519218431378432
KIDS_332.0_-31.2,KIDS_332p0_m31p2_r_SDSS.V1.3.0A_KiDS-1347_GAaP_Gaia.fits,0.06820280426564464,0.1240474359666909,0.05584463170104627
KIDS_156.4_2.5,KIDS_156p4_2p5_r_SDSS.V1.3.0A_KiDS-1347_GAaP_Gaia.fits,0.05831927721404048,0.3326689968866287,0.27434971967258825
KIDS_217.0_1.5,KIDS_217p0_1p5_r_SDSS.V1.3.0A_KiDS-1347_GAaP_Gaia.fits,0.048702871454004655,0.1288733925846407,0.08017052113063605
KIDS_38.8_-32.1,KIDS_38p8_m32p1_r_SDSS.V1.3.0A_KiDS-1347_GAaP_Gaia.fits,0.013623881434398605,0.1624025220168493,0.1487786405824507
KIDS_35.3_-32.1,KIDS_35p3_m32p1_r_SDSS.V1.3.0A_KiDS-1347_GAaP_Gaia.fits,-0.014212191728044901,0.1554586983716624,0.16967089009970732
KIDS_215.6_-3.5,KIDS_215p6_m3p5_r_SDSS.V1.3.0A_KiDS-1347_GAaP_Gaia.fits,0.08231114920908389,0.1195695097815908,0.03725836057250691
KIDS_174.5_-3.5,KIDS_174p5_m3p5_r_SDSS.V1.3.0A_KiDS-1347_GAaP_Gaia.fits,-0.10851791158367805,-0.0478985128077563,0.06061939877592175
KIDS_218.6_-3.5,KIDS_218p6_m3p5_r_SDSS.V1.3.0A_KiDS-1347_GAaP_Gaia.fits,0.020774207343656523,0.1423429226931425,0.12156871534948598
KIDS_228.0_1.5,KIDS_228p0_1p5_r_SDSS.V1.3.0A_KiDS-1347_GAaP_Gaia.fits,-0.22910342405100068,-0.1811004387735097,0.04800298527749097
KIDS_188.0_0.5,KIDS_188p0_0p5_r_SDSS.V1.3.0A_KiDS-1347_GAaP_Gaia.fits,-0.007730677336226871,0.0518256594168125,0.05955633675303937
KIDS_19.5_-35.1,KIDS_19p5_m35p1_r_SDSS.V1.3.0A_KiDS-1347_GAaP_Gaia.fits,-0.09962646095381072,-0.0121838663547862,0.08744259459902452
KIDS_221.6_-3.5,KIDS_221p6_m3p5_r_SDSS.V1.3.0A_KiDS-1347_GAaP_Gaia.fits,0.008674500821731768,0.0715513566155215,0.06287685579378974
KIDS_157.0_1.5,KIDS_157p0_1p5_r_SDSS.V1.3.0A_KiDS-1347_GAaP_Gaia.fits,-0.05085533980691223,0.0865115256112035,0.1373668654181157
KIDS_41.5_-27.2,KIDS_41p5_m27p2_r_SDSS.V1.3.0A_KiDS-1347_GAaP_Gaia.fits,0.06299867223437103,0.1675747823667429,0.10457611013237186
KIDS_18.8_-32.1,KIDS_18p8_m32p1_r_SDSS.V1.3.0A_KiDS-1347_GAaP_Gaia.fits,-0.0352218308269161,0.2281139132186969,0.263335744045613
KIDS_50.8_-28.2,KIDS_50p8_m28p2_r_SDSS.V1.3.0A_KiDS-1347_GAaP_Gaia.fits,-0.057904119889122946,0.1585010062482358,0.21640512613735874
KIDS_191.0_0.5,KIDS_191p0_0p5_r_SDSS.V1.3.0A_KiDS-1347_GAaP_Gaia.fits,-0.05134193194754061,0.0178144162063883,0.0691563481539289
KIDS_334.0_-28.2,KIDS_334p0_m28p2_r_SDSS.V1.3.0A_KiDS-1347_GAaP_Gaia.fits,-0.07046758833985614,-0.0268797110660347,0.04358787727382144
KIDS_193.5_3.5,KIDS_193p5_3p5_r_SDSS.V1.3.0A_KiDS-1347_GAaP_Gaia.fits,-0.16001115104397914,-0.0611417349974239,0.09886941604655525
KIDS_345.4_-27.2,KIDS_345p4_m27p2_r_SDSS.V1.3.0A_KiDS-1347_GAaP_Gaia.fits,0.05400641069671733,0.0777610690809096,0.023754658384192273
KIDS_162.5_3.5,KIDS_162p5_3p5_r_SDSS.V1.3.0A_KiDS-1347_GAaP_Gaia.fits,-0.10604117223153545,0.0122237397716279,0.11826491200316334
KIDS_21.3_-27.2,KIDS_21p3_m27p2_r_SDSS.V1.3.0A_KiDS-1347_GAaP_Gaia.fits,-0.1421069845734286,0.0520253403321872,0.1941323249056158
KIDS_30.5_-28.2,KIDS_30p5_m28p2_r_SDSS.V1.3.0A_KiDS-1347_GAaP_Gaia.fits,-0.06673732604245666,-0.0022658351012495,0.06447149094120716
KIDS_337.6_-32.1,KIDS_337p6_m32p1_r_SDSS.V1.3.0A_KiDS-1347_GAaP_Gaia.fits,0.03165437954904629,0.0517730899230986,0.020118710374052308
KIDS_177.5_-2.5,KIDS_177p5_m2p5_r_SDSS.V1.3.0A_KiDS-1347_GAaP_Gaia.fits,-0.06296117421740724,-0.0367558053747465,0.02620536884266074
KIDS_12.8_-31.2,KIDS_12p8_m31p2_r_SDSS.V1.3.0A_KiDS-1347_GAaP_Gaia.fits,-0.11933635821200803,-0.085529806135176,0.03380655207683203
KIDS_23.9_-29.2,KIDS_23p9_m29p2_r_SDSS.V1.3.0A_KiDS-1347_GAaP_Gaia.fits,-0.12224708800390588,0.0334332117270694,0.15568029973097527
KIDS_182.0_-1.5,KIDS_182p0_m1p5_r_SDSS.V1.3.0A_KiDS-1347_GAaP_Gaia.fits,-0.021597289665589728,0.1366290025063308,0.15822629217192052
KIDS_349.1_-35.1,KIDS_349p1_m35p1_r_SDSS.V1.3.0A_KiDS-1347_GAaP_Gaia.fits,0.07726034881705546,0.1176470567714655,0.040386707954410045
KIDS_343.2_-27.2,KIDS_343p2_m27p2_r_SDSS.V1.3.0A_KiDS-1347_GAaP_Gaia.fits,0.050157155231656814,0.0995246423775656,0.04936748714590879
KIDS_227.0_1.5,KIDS_227p0_1p5_r_SDSS.V1.3.0A_KiDS-1347_GAaP_Gaia.fits,0.008277461376938314,0.0831735528813718,0.07489609150443349
KIDS_346.0_-31.2,KIDS_346p0_m31p2_r_SDSS.V1.3.0A_KiDS-1347_GAaP_Gaia.fits,0.03190938155673088,0.0746963972482368,0.04278701569150593
KIDS_207.6_3.5,KIDS_207p6_3p5_r_SDSS.V1.3.0A_KiDS-1347_GAaP_Gaia.fits,-0.10832062878802606,0.0043425294645823,0.11266315825260836
KIDS_141.4_2.5,KIDS_141p4_2p5_r_SDSS.V1.3.0A_KiDS-1347_GAaP_Gaia.fits,0.14612885201589473,0.2565597339115735,0.11043088189567876
KIDS_347.6_-28.2,KIDS_347p6_m28p2_r_SDSS.V1.3.0A_KiDS-1347_GAaP_Gaia.fits,-0.13724924274831704,0.0230812516813377,0.16033049442965475
KIDS_199.0_0.5,KIDS_199p0_0p5_r_SDSS.V1.3.0A_KiDS-1347_GAaP_Gaia.fits,0.03411708700015928,0.1018756885713989,0.06775860157123963
KIDS_15.1_-31.2,KIDS_15p1_m31p2_r_SDSS.V1.3.0A_KiDS-1347_GAaP_Gaia.fits,-0.016294385305080664,0.0903323896089036,0.10662677491398426
KIDS_341.8_-35.1,KIDS_341p8_m35p1_r_SDSS.V1.3.0A_KiDS-1347_GAaP_Gaia.fits,-0.010775577997794689,0.0094933280262466,0.020268906024041286
KIDS_22.4_-32.1,KIDS_22p4_m32p1_r_SDSS.V1.3.0A_KiDS-1347_GAaP_Gaia.fits,-0.11641430566327235,-0.0315849279703003,0.08482937769297205
KIDS_188.0_-0.5,KIDS_188p0_m0p5_r_SDSS.V1.3.0A_KiDS-1347_GAaP_Gaia.fits,0.19240995038373188,0.2606753321340666,0.0682653817503347
KIDS_229.0_-1.5,KIDS_229p0_m1p5_r_SDSS.V1.3.0A_KiDS-1347_GAaP_Gaia.fits,-0.013512143919816796,0.8164712129403917,0.8299833568602085
KIDS_333.2_-35.1,KIDS_333p2_m35p1_r_SDSS.V1.3.0A_KiDS-1347_GAaP_Gaia.fits,-0.09927317081014414,-0.0997541159795776,-0.00048094516943346377
KIDS_158.0_0.5,KIDS_158p0_0p5_r_SDSS.V1.3.0A_KiDS-1347_GAaP_Gaia.fits,-0.014946980081295247,0.1212326965128111,0.13617967659410635
KIDS_39.3_-27.2,KIDS_39p3_m27p2_r_SDSS.V1.3.0A_KiDS-1347_GAaP_Gaia.fits,-0.10050638369171064,-0.0390565817835052,0.06144980190820544
KIDS_191.0_-0.5,KIDS_191p0_m0p5_r_SDSS.V1.3.0A_KiDS-1347_GAaP_Gaia.fits,-0.013105329342273125,0.0505472453765738,0.06365257471884692
KIDS_339.3_-35.1,KIDS_339p3_m35p1_r_SDSS.V1.3.0A_KiDS-1347_GAaP_Gaia.fits,-0.05153614685008076,-0.007749108940965,0.04378703790911576
KIDS_196.5_2.5,KIDS_196p5_2p5_r_SDSS.V1.3.0A_KiDS-1347_GAaP_Gaia.fits,-0.07367829400934142,-0.0552018783160516,0.018476415693289824
KIDS_191.0_-1.5,KIDS_191p0_m1p5_r_SDSS.V1.3.0A_KiDS-1347_GAaP_Gaia.fits,-0.11012692494913781,-0.0523100486907952,0.057816876258342614
KIDS_195.5_-2.5,KIDS_195p5_m2p5_r_SDSS.V1.3.0A_KiDS-1347_GAaP_Gaia.fits,0.25271541185034163,0.318923990919239,0.06620857906889738
KIDS_163.5_-2.5,KIDS_163p5_m2p5_r_SDSS.V1.3.0A_KiDS-1347_GAaP_Gaia.fits,-0.16681504609135886,-0.0450760048464328,0.12173904124492606
KIDS_354.3_-29.2,KIDS_354p3_m29p2_r_SDSS.V1.3.0A_KiDS-1347_GAaP_Gaia.fits,-0.0752609017379065,0.0820710428900835,0.15733194462799
KIDS_354.4_-28.2,KIDS_354p4_m28p2_r_SDSS.V1.3.0A_KiDS-1347_GAaP_Gaia.fits,-0.039676672491655934,-0.0064541783237314,0.033222494167924534
KIDS_181.5_-3.5,KIDS_181p5_m3p5_r_SDSS.V1.3.0A_KiDS-1347_GAaP_Gaia.fits,0.031849357074989336,0.0935847618838905,0.06173540480890117
KIDS_27.6_-30.2,KIDS_27p6_m30p2_r_SDSS.V1.3.0A_KiDS-1347_GAaP_Gaia.fits,-0.0020170552276630727,0.0585809867856534,0.06059804201331647
KIDS_139.0_-1.5,KIDS_139p0_m1p5_r_SDSS.V1.3.0A_KiDS-1347_GAaP_Gaia.fits,0.037810773406142834,0.0880319024217839,0.05022112901564106
KIDS_159.0_-1.5,KIDS_159p0_m1p5_r_SDSS.V1.3.0A_KiDS-1347_GAaP_Gaia.fits,-0.045484094992892354,0.1176441503672229,0.16312824536011525
KIDS_25.1_-29.2,KIDS_25p1_m29p2_r_SDSS.V1.3.0A_KiDS-1347_GAaP_Gaia.fits,-0.021468434567869912,0.261213571770387,0.2826820063382569
KIDS_166.5_3.5,KIDS_166p5_3p5_r_SDSS.V1.3.0A_KiDS-1347_GAaP_Gaia.fits,0.03808185997530451,0.1813200401114153,0.14323818013611078
KIDS_51.8_-30.2,KIDS_51p8_m30p2_r_SDSS.V1.3.0A_KiDS-1347_GAaP_Gaia.fits,-0.014885201402617482,0.2197616770481232,0.23464687845074067
KIDS_157.0_-0.5,KIDS_157p0_m0p5_r_SDSS.V1.3.0A_KiDS-1347_GAaP_Gaia.fits,-0.031032531563368854,0.0811400567222315,0.11217258828560035
KIDS_221.0_0.5,KIDS_221p0_0p5_r_SDSS.V1.3.0A_KiDS-1347_GAaP_Gaia.fits,0.04061856338035005,0.1449462340637556,0.10432767068340554
KIDS_195.5_3.5,KIDS_195p5_3p5_r_SDSS.V1.3.0A_KiDS-1347_GAaP_Gaia.fits,-0.07545361253576024,-0.0439374543950002,0.031516158140760045
KIDS_42.4_-32.1,KIDS_42p4_m32p1_r_SDSS.V1.3.0A_KiDS-1347_GAaP_Gaia.fits,0.13895813682140684,0.2899921101515837,0.15103397333017687
KIDS_205.0_1.5,KIDS_205p0_1p5_r_SDSS.V1.3.0A_KiDS-1347_GAaP_Gaia.fits,-0.11114173667513225,-0.0750054919071246,0.03613624476800764
KIDS_35.0_-28.2,KIDS_35p0_m28p2_r_SDSS.V1.3.0A_KiDS-1347_GAaP_Gaia.fits,-0.2189405017656155,-0.0845792807402595,0.134361221025356
KIDS_207.0_-1.5,KIDS_207p0_m1p5_r_SDSS.V1.3.0A_KiDS-1347_GAaP_Gaia.fits,-0.04680500867876844,-0.0048447903015166,0.04196021837725184
KIDS_356.6_-28.2,KIDS_356p6_m28p2_r_SDSS.V1.3.0A_KiDS-1347_GAaP_Gaia.fits,0.07956935556447534,0.250744198944749,0.17117484338027364
KIDS_25.5_-35.1,KIDS_25p5_m35p1_r_SDSS.V1.3.0A_KiDS-1347_GAaP_Gaia.fits,-0.10561067404724658,0.0001418441729481,0.10575251822019469
KIDS_1.1_-27.2,KIDS_1p1_m27p2_r_SDSS.V1.3.0A_KiDS-1347_GAaP_Gaia.fits,-0.12970507587710842,-0.0385674634610375,0.0911376124160709
KIDS_20.2_-33.1,KIDS_20p2_m33p1_r_SDSS.V1.3.0A_KiDS-1347_GAaP_Gaia.fits,-0.039728092075895255,0.0847885759797233,0.12451666805561855
KIDS_193.5_-3.5,KIDS_193p5_m3p5_r_SDSS.V1.3.0A_KiDS-1347_GAaP_Gaia.fits,0.060097679607062617,0.1261639951442727,0.0660663155372101
KIDS_3.5_-30.2,KIDS_3p5_m30p2_r_SDSS.V1.3.0A_KiDS-1347_GAaP_Gaia.fits,-0.02960751695868813,0.0417284948601815,0.07133601181886963
KIDS_18.1_-28.2,KIDS_18p1_m28p2_r_SDSS.V1.3.0A_KiDS-1347_GAaP_Gaia.fits,-0.04106537722467937,0.0826867169389206,0.12375209416359997
KIDS_44.4_-29.2,KIDS_44p4_m29p2_r_SDSS.V1.3.0A_KiDS-1347_GAaP_Gaia.fits,-0.0711248207712327,0.3163229426490137,0.38744776342024645
KIDS_221.6_3.5,KIDS_221p6_3p5_r_SDSS.V1.3.0A_KiDS-1347_GAaP_Gaia.fits,0.04304898806676517,0.1100860750111883,0.06703708694442313
KIDS_10.3_-29.2,KIDS_10p3_m29p2_r_SDSS.V1.3.0A_KiDS-1347_GAaP_Gaia.fits,-0.025690492926771974,0.0799091416597668,0.10559963458653877
KIDS_46.3_-28.2,KIDS_46p3_m28p2_r_SDSS.V1.3.0A_KiDS-1347_GAaP_Gaia.fits,-0.025310744093257592,0.2867828610872325,0.3120936051804901
KIDS_9.3_-31.2,KIDS_9p3_m31p2_r_SDSS.V1.3.0A_KiDS-1347_GAaP_Gaia.fits,-0.13848838957493864,-0.0076164274200297,0.13087196215490896
KIDS_16.6_-33.1,KIDS_16p6_m33p1_r_SDSS.V1.3.0A_KiDS-1347_GAaP_Gaia.fits,-0.06668362865195274,0.1230791697070075,0.18976279835896023
KIDS_230.0_-0.5,KIDS_230p0_m0p5_r_SDSS.V1.3.0A_KiDS-1347_GAaP_Gaia.fits,0.008724022807060389,0.0382605676439354,0.02953654483687501
KIDS_231.0_0.5,KIDS_231p0_0p5_r_SDSS.V1.3.0A_KiDS-1347_GAaP_Gaia.fits,-0.09897497346307785,-0.0628909413160929,0.036084032146984954
KIDS_4.8_-33.1,KIDS_4p8_m33p1_r_SDSS.V1.3.0A_KiDS-1347_GAaP_Gaia.fits,0.07990757177684014,0.1708638939183181,0.09095632214147796
KIDS_223.6_2.5,KIDS_223p6_2p5_r_SDSS.V1.3.0A_KiDS-1347_GAaP_Gaia.fits,-0.009780660202073771,0.046065850922896,0.05584651112496977
KIDS_232.0_-1.5,KIDS_232p0_m1p5_r_SDSS.V1.3.0A_KiDS-1347_GAaP_Gaia.fits,-0.03694685423651328,0.025890105855814,0.06283696009232728
KIDS_159.4_-2.5,KIDS_159p4_m2p5_r_SDSS.V1.3.0A_KiDS-1347_GAaP_Gaia.fits,-0.2808215204810882,-0.0936281285658193,0.1871933919152689
KIDS_169.5_2.5,KIDS_169p5_2p5_r_SDSS.V1.3.0A_KiDS-1347_GAaP_Gaia.fits,-0.21728168889752406,-0.1154758744614052,0.10180581443611886
KIDS_344.9_-31.2,KIDS_344p9_m31p2_r_SDSS.V1.3.0A_KiDS-1347_GAaP_Gaia.fits,0.025726281178213614,0.1334994106913366,0.107773129513123
KIDS_6.7_-27.2,KIDS_6p7_m27p2_r_SDSS.V1.3.0A_KiDS-1347_GAaP_Gaia.fits,-0.08061512321424896,0.0099878208117086,0.09060294402595756
KIDS_347.8_-35.1,KIDS_347p8_m35p1_r_SDSS.V1.3.0A_KiDS-1347_GAaP_Gaia.fits,0.05555281422442374,0.1415488475563792,0.08599603333195546
KIDS_205.6_-2.5,KIDS_205p6_m2p5_r_SDSS.V1.3.0A_KiDS-1347_GAaP_Gaia.fits,0.29626378650726126,0.3519550080961513,0.05569122158889006
KIDS_220.0_-1.5,KIDS_220p0_m1p5_r_SDSS.V1.3.0A_KiDS-1347_GAaP_Gaia.fits,-0.05337754992221985,0.03312704885771,0.08650459877992986
KIDS_235.0_-1.5,KIDS_235p0_m1p5_r_SDSS.V1.3.0A_KiDS-1347_GAaP_Gaia.fits,-0.011920346836240533,0.0637946546579386,0.07571500149417913
KIDS_219.0_0.5,KIDS_219p0_0p5_r_SDSS.V1.3.0A_KiDS-1347_GAaP_Gaia.fits,0.034338543446138514,0.102930720583807,0.06859217713766849
KIDS_163.0_-0.5,KIDS_163p0_m0p5_r_SDSS.V1.3.0A_KiDS-1347_GAaP_Gaia.fits,0.021226876966256844,0.1159164547838686,0.09468957781761175
KIDS_195.0_0.5,KIDS_195p0_0p5_r_SDSS.V1.3.0A_KiDS-1347_GAaP_Gaia.fits,0.05322990946495671,0.1171046014380153,0.06387469197305859
KIDS_44.3_-31.2,KIDS_44p3_m31p2_r_SDSS.V1.3.0A_KiDS-1347_GAaP_Gaia.fits,0.05377119212352385,0.2472790569319288,0.19350786480840496
KIDS_33.3_-33.1,KIDS_33p3_m33p1_r_SDSS.V1.3.0A_KiDS-1347_GAaP_Gaia.fits,0.05067768855581038,0.0876902483247685,0.03701255976895812
KIDS_171.0_1.5,KIDS_171p0_1p5_r_SDSS.V1.3.0A_KiDS-1347_GAaP_Gaia.fits,-0.034704774896970464,0.0845554347311401,0.11926020962811057
KIDS_334.4_-31.2,KIDS_334p4_m31p2_r_SDSS.V1.3.0A_KiDS-1347_GAaP_Gaia.fits,0.03695028098481643,0.064105100243279,0.027154819258462574
KIDS_358.9_-29.2,KIDS_358p9_m29p2_r_SDSS.V1.3.0A_KiDS-1347_GAaP_Gaia.fits,-0.09522175988647105,0.0229645653194286,0.11818632520589965
KIDS_183.5_-2.5,KIDS_183p5_m2p5_r_SDSS.V1.3.0A_KiDS-1347_GAaP_Gaia.fits,-0.053162587162471325,-0.0011024480015101,0.05206013916096122
KIDS_162.0_-1.5,KIDS_162p0_m1p5_r_SDSS.V1.3.0A_KiDS-1347_GAaP_Gaia.fits,-0.08958213340919605,-0.00978293044783,0.07979920296136604
KIDS_350.3_-35.1,KIDS_350p3_m35p1_r_SDSS.V1.3.0A_KiDS-1347_GAaP_Gaia.fits,0.08650324885765863,0.0648790450039271,-0.021624203853731525
KIDS_210.0_-1.5,KIDS_210p0_m1p5_r_SDSS.V1.3.0A_KiDS-1347_GAaP_Gaia.fits,-0.08162338850179982,-0.1212525520401702,-0.039629163538370385
KIDS_22.8_-29.2,KIDS_22p8_m29p2_r_SDSS.V1.3.0A_KiDS-1347_GAaP_Gaia.fits,-0.08078356825937952,0.2024260203433652,0.2832095886027447
KIDS_350.4_-34.1,KIDS_350p4_m34p1_r_SDSS.V1.3.0A_KiDS-1347_GAaP_Gaia.fits,-0.00261071275272734,0.1174475549230436,0.12005826767577094
KIDS_26.2_-29.2,KIDS_26p2_m29p2_r_SDSS.V1.3.0A_KiDS-1347_GAaP_Gaia.fits,-0.032569162540305924,0.1231979646171519,0.15576712715745783
KIDS_352.1_-27.2,KIDS_352p1_m27p2_r_SDSS.V1.3.0A_KiDS-1347_GAaP_Gaia.fits,-0.11313536243354647,0.0328789466604868,0.14601430909403326
KIDS_210.6_-3.5,KIDS_210p6_m3p5_r_SDSS.V1.3.0A_KiDS-1347_GAaP_Gaia.fits,0.03940233733132731,0.1506792407369964,0.11127690340566909
KIDS_4.9_-35.1,KIDS_4p9_m35p1_r_SDSS.V1.3.0A_KiDS-1347_GAaP_Gaia.fits,-0.09589082651481562,-0.0722928285041866,0.02359799801062902
KIDS_32.4_-34.1,KIDS_32p4_m34p1_r_SDSS.V1.3.0A_KiDS-1347_GAaP_Gaia.fits,-0.07782752785603655,0.1587375105818888,0.23656503843792537
KIDS_205.0_-1.5,KIDS_205p0_m1p5_r_SDSS.V1.3.0A_KiDS-1347_GAaP_Gaia.fits,-0.549348089901136,-0.4393932642814015,0.10995482561973452
KIDS_181.0_1.5,KIDS_181p0_1p5_r_SDSS.V1.3.0A_KiDS-1347_GAaP_Gaia.fits,0.015580278561132963,0.0641935957495555,0.04861331718842253
KIDS_165.5_3.5,KIDS_165p5_3p5_r_SDSS.V1.3.0A_KiDS-1347_GAaP_Gaia.fits,-0.007616161802056515,0.1021500960064924,0.10976625780854891
KIDS_180.0_0.5,KIDS_180p0_0p5_r_SDSS.V1.3.0A_KiDS-1347_GAaP_Gaia.fits,0.04824343929440911,0.0486983534732543,0.00045491417884518937
KIDS_180.0_-1.5,KIDS_180p0_m1p5_r_SDSS.V1.3.0A_KiDS-1347_GAaP_Gaia.fits,0.10679194651831476,0.1086045428587918,0.001812596340477035
KIDS_43.3_-29.2,KIDS_43p3_m29p2_r_SDSS.V1.3.0A_KiDS-1347_GAaP_Gaia.fits,-0.06024486269741483,0.0162705348330575,0.07651539753047233
KIDS_186.0_-0.5,KIDS_186p0_m0p5_r_SDSS.V1.3.0A_KiDS-1347_GAaP_Gaia.fits,0.05397206267074183,0.1476679290136796,0.09369586634293775
KIDS_46.7_-29.2,KIDS_46p7_m29p2_r_SDSS.V1.3.0A_KiDS-1347_GAaP_Gaia.fits,-0.2281175302457584,-0.0087877106601924,0.219329819585566
KIDS_216.6_-2.5,KIDS_216p6_m2p5_r_SDSS.V1.3.0A_KiDS-1347_GAaP_Gaia.fits,0.2739118209152305,0.3584324266984572,0.08452060578322673
KIDS_40.3_-30.2,KIDS_40p3_m30p2_r_SDSS.V1.3.0A_KiDS-1347_GAaP_Gaia.fits,0.029925220038984957,0.2309542878335957,0.20102906779461074
KIDS_168.0_-1.5,KIDS_168p0_m1p5_r_SDSS.V1.3.0A_KiDS-1347_GAaP_Gaia.fits,-0.1973201519609654,-0.1428107996061174,0.054509352354847995
KIDS_166.5_-2.5,KIDS_166p5_m2p5_r_SDSS.V1.3.0A_KiDS-1347_GAaP_Gaia.fits,-0.09846926629177175,-0.0249966870056688,0.07347257928610294
KIDS_42.6_-35.1,KIDS_42p6_m35p1_r_SDSS.V1.3.0A_KiDS-1347_GAaP_Gaia.fits,-0.0887741400209813,0.0937551912421727,0.18252933126315402
KIDS_230.0_1.5,KIDS_230p0_1p5_r_SDSS.V1.3.0A_KiDS-1347_GAaP_Gaia.fits,-0.021696774207699304,0.1013030062046946,0.1229997804123939
KIDS_0.0_-28.2,KIDS_0p0_m28p2_r_SDSS.V1.3.0A_KiDS-1347_GAaP_Gaia.fits,0.039917872637023746,0.1855943965404314,0.14567652390340763
KIDS_358.8_-32.1,KIDS_358p8_m32p1_r_SDSS.V1.3.0A_KiDS-1347_GAaP_Gaia.fits,-0.2231898865381696,-0.1344113175224756,0.088778569015694
KIDS_198.0_1.5,KIDS_198p0_1p5_r_SDSS.V1.3.0A_KiDS-1347_GAaP_Gaia.fits,-0.06355398040452045,0.0439360436294481,0.10749002403396855
KIDS_15.6_-34.1,KIDS_15p6_m34p1_r_SDSS.V1.3.0A_KiDS-1347_GAaP_Gaia.fits,-0.04163220326632036,0.0909981274035028,0.13263033066982316
KIDS_210.0_-0.5,KIDS_210p0_m0p5_r_SDSS.V1.3.0A_KiDS-1347_GAaP_Gaia.fits,0.0007037580347864503,0.0181860913510015,0.01748233331621505
KIDS_159.0_0.5,KIDS_159p0_0p5_r_SDSS.V1.3.0A_KiDS-1347_GAaP_Gaia.fits,-0.040832940022018954,0.176058975107829,0.21689191512984796
KIDS_181.0_-1.5,KIDS_181p0_m1p5_r_SDSS.V1.3.0A_KiDS-1347_GAaP_Gaia.fits,0.03729320225601426,0.0327214866978721,-0.0045717155581421615
KIDS_224.6_-3.5,KIDS_224p6_m3p5_r_SDSS.V1.3.0A_KiDS-1347_GAaP_Gaia.fits,0.06709288144853479,0.1421872274490307,0.07509434600049592
KIDS_187.0_0.5,KIDS_187p0_0p5_r_SDSS.V1.3.0A_KiDS-1347_GAaP_Gaia.fits,0.0030056294800561434,0.1263316332903633,0.12332600381030714
KIDS_344.2_-35.1,KIDS_344p2_m35p1_r_SDSS.V1.3.0A_KiDS-1347_GAaP_Gaia.fits,0.051590552904365185,0.0212910144386217,-0.030299538465743486
KIDS_43.8_-35.1,KIDS_43p8_m35p1_r_SDSS.V1.3.0A_KiDS-1347_GAaP_Gaia.fits,-0.08429028533498636,0.0938169322259315,0.17810721756091785
KIDS_223.0_-0.5,KIDS_223p0_m0p5_r_SDSS.V1.3.0A_KiDS-1347_GAaP_Gaia.fits,0.04962057289485901,0.1152352606161005,0.06561468772124149
KIDS_178.0_-0.5,KIDS_178p0_m0p5_r_SDSS.V1.3.0A_KiDS-1347_GAaP_Gaia.fits,0.027118162458582312,0.1132288618204795,0.08611069936189719
KIDS_176.5_3.5,KIDS_176p5_3p5_r_SDSS.V1.3.0A_KiDS-1347_GAaP_Gaia.fits,0.023037204729527028,0.0771359639026262,0.05409875917309917
KIDS_171.5_-2.5,KIDS_171p5_m2p5_r_SDSS.V1.3.0A_KiDS-1347_GAaP_Gaia.fits,-0.1622487613940253,-0.0758768456775264,0.08637191571649891
KIDS_186.5_-3.5,KIDS_186p5_m3p5_r_SDSS.V1.3.0A_KiDS-1347_GAaP_Gaia.fits,0.05441164854602009,0.1668424448984997,0.1124307963524796
KIDS_27.1_-28.2,KIDS_27p1_m28p2_r_SDSS.V1.3.0A_KiDS-1347_GAaP_Gaia.fits,-0.05911225960188132,-0.0210095850982053,0.03810267450367602
KIDS_173.5_2.5,KIDS_173p5_2p5_r_SDSS.V1.3.0A_KiDS-1347_GAaP_Gaia.fits,0.10356853763820102,0.1592747414729393,0.055706203834738274
KIDS_38.1_-27.2,KIDS_38p1_m27p2_r_SDSS.V1.3.0A_KiDS-1347_GAaP_Gaia.fits,-0.08579736861260556,0.0902691925316403,0.17606656114424585
KIDS_44.9_-27.2,KIDS_44p9_m27p2_r_SDSS.V1.3.0A_KiDS-1347_GAaP_Gaia.fits,-0.01199602590436423,0.0191977097223547,0.03119373562671893
KIDS_13.8_-30.2,KIDS_13p8_m30p2_r_SDSS.V1.3.0A_KiDS-1347_GAaP_Gaia.fits,-0.07007465584360592,0.2288022281955218,0.2988768840391277
KIDS_215.6_2.5,KIDS_215p6_2p5_r_SDSS.V1.3.0A_KiDS-1347_GAaP_Gaia.fits,-0.06346916418004195,-0.0391081023138154,0.024361061866226545
KIDS_0.0_-30.2,KIDS_0p0_m30p2_r_SDSS.V1.3.0A_KiDS-1347_GAaP_Gaia.fits,-0.02864447309698963,0.1829964806240109,0.2116409537210005
KIDS_211.0_0.5,KIDS_211p0_0p5_r_SDSS.V1.3.0A_KiDS-1347_GAaP_Gaia.fits,0.09690120251713634,0.2004345500135294,0.10353334749639305
KIDS_349.4_-32.1,KIDS_349p4_m32p1_r_SDSS.V1.3.0A_KiDS-1347_GAaP_Gaia.fits,0.027890442622111045,0.1131657188340542,0.08527527621194315
KIDS_233.0_1.5,KIDS_233p0_1p5_r_SDSS.V1.3.0A_KiDS-1347_GAaP_Gaia.fits,-0.0018200119856361524,0.0439489855212662,0.04576899750690235
KIDS_16.3_-31.2,KIDS_16p3_m31p2_r_SDSS.V1.3.0A_KiDS-1347_GAaP_Gaia.fits,0.015657975882247252,0.2731353082595513,0.257477332377304
KIDS_173.0_-0.5,KIDS_173p0_m0p5_r_SDSS.V1.3.0A_KiDS-1347_GAaP_Gaia.fits,0.011160459458528046,0.0293211571379867,0.018160697679458652
KIDS_232.0_1.5,KIDS_232p0_1p5_r_SDSS.V1.3.0A_KiDS-1347_GAaP_Gaia.fits,0.08530125848154191,0.185077292628509,0.09977603414696709
KIDS_352.7_-35.1,KIDS_352p7_m35p1_r_SDSS.V1.3.0A_KiDS-1347_GAaP_Gaia.fits,-0.040690700736816215,-0.0053966397828491,0.035294060953967116
KIDS_21.4_-33.1,KIDS_21p4_m33p1_r_SDSS.V1.3.0A_KiDS-1347_GAaP_Gaia.fits,-0.016459245525313138,0.1373269427553323,0.15378618828064544
KIDS_0.0_-29.2,KIDS_0p0_m29p2_r_SDSS.V1.3.0A_KiDS-1347_GAaP_Gaia.fits,-0.0648050759003895,-0.039523812678712,0.0252812632216775
KIDS_213.0_1.5,KIDS_213p0_1p5_r_SDSS.V1.3.0A_KiDS-1347_GAaP_Gaia.fits,0.0816025543117453,0.1800832210407273,0.098480666728982
KIDS_166.0_-0.5,KIDS_166p0_m0p5_r_SDSS.V1.3.0A_KiDS-1347_GAaP_Gaia.fits,-0.030195308596785222,0.056058114073204,0.08625342266998923
KIDS_51.6_-34.1,KIDS_51p6_m34p1_r_SDSS.V1.3.0A_KiDS-1347_GAaP_Gaia.fits,0.02671518373221346,0.1686282167837517,0.14191303305153824
KIDS_185.5_2.5,KIDS_185p5_2p5_r_SDSS.V1.3.0A_KiDS-1347_GAaP_Gaia.fits,0.04470264677825247,0.1003222567086645,0.05561960993041203
KIDS_336.7_-31.2,KIDS_336p7_m31p2_r_SDSS.V1.3.0A_KiDS-1347_GAaP_Gaia.fits,-0.03186120999475395,-0.016222227042687,0.01563898295206695
KIDS_32.6_-31.2,KIDS_32p6_m31p2_r_SDSS.V1.3.0A_KiDS-1347_GAaP_Gaia.fits,0.0842594302108463,0.2426182207880018,0.15835879057715552
KIDS_24.2_-30.2,KIDS_24p2_m30p2_r_SDSS.V1.3.0A_KiDS-1347_GAaP_Gaia.fits,-0.06887696614045039,0.051232147029347,0.12010911316979739
KIDS_235.0_-0.5,KIDS_235p0_m0p5_r_SDSS.V1.3.0A_KiDS-1347_GAaP_Gaia.fits,-0.11894326597464736,-0.0088008647210243,0.11014240125362305
KIDS_141.0_1.5,KIDS_141p0_1p5_r_SDSS.V1.3.0A_KiDS-1347_GAaP_Gaia.fits,-0.1255366520124694,-0.0858936606212246,0.03964299139124482
KIDS_15.8_-35.1,KIDS_15p8_m35p1_r_SDSS.V1.3.0A_KiDS-1347_GAaP_Gaia.fits,-0.3579157431703829,-0.296490036430076,0.061425706740306896
KIDS_187.0_-1.5,KIDS_187p0_m1p5_r_SDSS.V1.3.0A_KiDS-1347_GAaP_Gaia.fits,0.06749985514347698,0.0702129693581932,0.0027131142147162196
KIDS_159.4_-3.5,KIDS_159p4_m3p5_r_SDSS.V1.3.0A_KiDS-1347_GAaP_Gaia.fits,-0.13414927325871714,0.0016172460432892,0.13576651930200634
KIDS_134.0_0.5,KIDS_134p0_0p5_r_SDSS.V1.3.0A_KiDS-1347_GAaP_Gaia.fits,-0.014800013607988216,0.0608961210457591,0.07569613465374732
KIDS_214.6_-3.5,KIDS_214p6_m3p5_r_SDSS.V1.3.0A_KiDS-1347_GAaP_Gaia.fits,-0.10574138770684391,-0.0664119908859706,0.0393293968208733
KIDS_176.5_-3.5,KIDS_176p5_m3p5_r_SDSS.V1.3.0A_KiDS-1347_GAaP_Gaia.fits,-0.12844834680950531,-0.0237536503487272,0.10469469646077811
KIDS_183.0_1.5,KIDS_183p0_1p5_r_SDSS.V1.3.0A_KiDS-1347_GAaP_Gaia.fits,0.07620999779892183,0.1637476455566489,0.08753764775772706
KIDS_14.0_-31.2,KIDS_14p0_m31p2_r_SDSS.V1.3.0A_KiDS-1347_GAaP_Gaia.fits,-0.03464509632949983,0.0032748163981913,0.03791991272769113
KIDS_194.5_2.5,KIDS_194p5_2p5_r_SDSS.V1.3.0A_KiDS-1347_GAaP_Gaia.fits,-0.0894908811280441,-0.0576202603498859,0.0318706207781582
KIDS_191.5_-2.5,KIDS_191p5_m2p5_r_SDSS.V1.3.0A_KiDS-1347_GAaP_Gaia.fits,-0.08354669644804699,-0.0576046315817258,0.02594206486632119
KIDS_35.3_-29.2,KIDS_35p3_m29p2_r_SDSS.V1.3.0A_KiDS-1347_GAaP_Gaia.fits,-0.1023246931078651,0.1175151172346671,0.2198398103425322
KIDS_9.0_-27.2,KIDS_9p0_m27p2_r_SDSS.V1.3.0A_KiDS-1347_GAaP_Gaia.fits,-0.12539822695825298,-0.0106424811345783,0.11475574582367468
KIDS_4.6_-29.2,KIDS_4p6_m29p2_r_SDSS.V1.3.0A_KiDS-1347_GAaP_Gaia.fits,-0.029989308124086594,0.1567504531060053,0.1867397612300919
KIDS_35.9_-27.2,KIDS_35p9_m27p2_r_SDSS.V1.3.0A_KiDS-1347_GAaP_Gaia.fits,-0.09311053821636525,-0.0545037195114254,0.03860681870493985
KIDS_191.5_2.5,KIDS_191p5_2p5_r_SDSS.V1.3.0A_KiDS-1347_GAaP_Gaia.fits,-0.09475107795338356,-0.1122762255266922,-0.01752514757330864
KIDS_1.2_-32.1,KIDS_1p2_m32p1_r_SDSS.V1.3.0A_KiDS-1347_GAaP_Gaia.fits,0.07129085085707673,0.2282518845322042,0.15696103367512748
KIDS_31.6_-35.1,KIDS_31p6_m35p1_r_SDSS.V1.3.0A_KiDS-1347_GAaP_Gaia.fits,-0.08333220009913037,-0.0270539186512167,0.056278281447913664
KIDS_14.8_-29.2,KIDS_14p8_m29p2_r_SDSS.V1.3.0A_KiDS-1347_GAaP_Gaia.fits,-0.056911636617925615,0.1104619932787765,0.16737362989670213
KIDS_229.0_1.5,KIDS_229p0_1p5_r_SDSS.V1.3.0A_KiDS-1347_GAaP_Gaia.fits,-0.04763650947946685,0.0043355637693934,0.051972073248860245
KIDS_194.0_-1.5,KIDS_194p0_m1p5_r_SDSS.V1.3.0A_KiDS-1347_GAaP_Gaia.fits,-0.1231289350316033,-0.1515687796282371,-0.02843984459663379
KIDS_8.2_-31.2,KIDS_8p2_m31p2_r_SDSS.V1.3.0A_KiDS-1347_GAaP_Gaia.fits,-0.10716504155009668,0.0335236913733419,0.1406887329234386
KIDS_186.5_3.5,KIDS_186p5_3p5_r_SDSS.V1.3.0A_KiDS-1347_GAaP_Gaia.fits,0.03376226799255938,0.0894514997683627,0.055689231775803316
KIDS_219.0_1.5,KIDS_219p0_1p5_r_SDSS.V1.3.0A_KiDS-1347_GAaP_Gaia.fits,0.03495922255815351,0.13930682948033,0.10434760692217648
KIDS_330.6_-32.1,KIDS_330p6_m32p1_r_SDSS.V1.3.0A_KiDS-1347_GAaP_Gaia.fits,0.015196001872680609,0.0714020294476776,0.056206027574996986
KIDS_335.7_-35.1,KIDS_335p7_m35p1_r_SDSS.V1.3.0A_KiDS-1347_GAaP_Gaia.fits,-0.3055718124418221,-0.284069502885856,0.021502309555966104
KIDS_11.4_-29.2,KIDS_11p4_m29p2_r_SDSS.V1.3.0A_KiDS-1347_GAaP_Gaia.fits,-0.055614404729989214,0.0691981391278144,0.12481254385780362
KIDS_25.3_-30.2,KIDS_25p3_m30p2_r_SDSS.V1.3.0A_KiDS-1347_GAaP_Gaia.fits,0.0826905388751479,0.2194501745306266,0.1367596356554787
KIDS_172.0_-0.5,KIDS_172p0_m0p5_r_SDSS.V1.3.0A_KiDS-1347_GAaP_Gaia.fits,0.02033604268673099,0.0684222872804142,0.048086244593683214
KIDS_213.6_2.5,KIDS_213p6_2p5_r_SDSS.V1.3.0A_KiDS-1347_GAaP_Gaia.fits,-0.030499732550313782,0.0326144913757906,0.06311422392610438
KIDS_22.6_-33.1,KIDS_22p6_m33p1_r_SDSS.V1.3.0A_KiDS-1347_GAaP_Gaia.fits,-0.07655589443276431,0.090248995808842,0.16680489024160633
KIDS_336.9_-35.1,KIDS_336p9_m35p1_r_SDSS.V1.3.0A_KiDS-1347_GAaP_Gaia.fits,-0.013855906572090293,0.0368162494556885,0.050672156027778796
KIDS_50.6_-32.1,KIDS_50p6_m32p1_r_SDSS.V1.3.0A_KiDS-1347_GAaP_Gaia.fits,0.0945686334624193,0.2426805790983256,0.1481119456359063
KIDS_135.0_0.5,KIDS_135p0_0p5_r_SDSS.V1.3.0A_KiDS-1347_GAaP_Gaia.fits,0.08693200806875838,0.0698426102859779,-0.017089397782780485
KIDS_174.0_-0.5,KIDS_174p0_m0p5_r_SDSS.V1.3.0A_KiDS-1347_GAaP_Gaia.fits,0.045654714702825734,0.0449023820056121,-0.0007523326972136354
KIDS_29.6_-29.2,KIDS_29p6_m29p2_r_SDSS.V1.3.0A_KiDS-1347_GAaP_Gaia.fits,-0.035505721408751134,0.1483140748005303,0.18381979620928143
KIDS_5.9_-33.1,KIDS_5p9_m33p1_r_SDSS.V1.3.0A_KiDS-1347_GAaP_Gaia.fits,0.05685401487061889,0.2440919784820326,0.1872379636114137
KIDS_170.5_2.5,KIDS_170p5_2p5_r_SDSS.V1.3.0A_KiDS-1347_GAaP_Gaia.fits,-0.14698667813306918,-0.104629026334605,0.04235765179846418
KIDS_49.0_-29.2,KIDS_49p0_m29p2_r_SDSS.V1.3.0A_KiDS-1347_GAaP_Gaia.fits,-0.05221793812235581,0.0272835447830246,0.07950148290538041
KIDS_221.0_-1.5,KIDS_221p0_m1p5_r_SDSS.V1.3.0A_KiDS-1347_GAaP_Gaia.fits,0.10128761973554573,0.1434430382185514,0.04215541848300566
KIDS_332.0_-27.2,KIDS_332p0_m27p2_r_SDSS.V1.3.0A_KiDS-1347_GAaP_Gaia.fits,0.061961857685246924,0.1313584276453805,0.06939656996013358
KIDS_132.0_0.5,KIDS_132p0_0p5_r_SDSS.V1.3.0A_KiDS-1347_GAaP_Gaia.fits,0.03223038559588756,0.073521445857236,0.04129106026134843
KIDS_30.6_-32.1,KIDS_30p6_m32p1_r_SDSS.V1.3.0A_KiDS-1347_GAaP_Gaia.fits,-0.0014487477444371788,0.054177194666269,0.05562594241070618
KIDS_191.5_-3.5,KIDS_191p5_m3p5_r_SDSS.V1.3.0A_KiDS-1347_GAaP_Gaia.fits,-0.019221389973662004,0.0632459251322216,0.0824673151058836
KIDS_210.0_0.5,KIDS_210p0_0p5_r_SDSS.V1.3.0A_KiDS-1347_GAaP_Gaia.fits,0.037775419240686656,0.1114797574928119,0.07370433825212525
KIDS_162.0_0.5,KIDS_162p0_0p5_r_SDSS.V1.3.0A_KiDS-1347_GAaP_Gaia.fits,0.012803573550536268,0.0636014300148425,0.050797856464306235
KIDS_203.0_-0.5,KIDS_203p0_m0p5_r_SDSS.V1.3.0A_KiDS-1347_GAaP_Gaia.fits,-0.05184049369292712,0.0723367050029643,0.12417719869589142
KIDS_185.5_-3.5,KIDS_185p5_m3p5_r_SDSS.V1.3.0A_KiDS-1347_GAaP_Gaia.fits,0.04825210522985603,0.1904299281130833,0.14217782288322728
KIDS_39.2_-33.1,KIDS_39p2_m33p1_r_SDSS.V1.3.0A_KiDS-1347_GAaP_Gaia.fits,-0.028873599336940226,0.0994842967546089,0.12835789609154913
KIDS_26.8_-31.2,KIDS_26p8_m31p2_r_SDSS.V1.3.0A_KiDS-1347_GAaP_Gaia.fits,0.015799353031022922,0.1865802492278367,0.17078089619681378
KIDS_344.4_-34.1,KIDS_344p4_m34p1_r_SDSS.V1.3.0A_KiDS-1347_GAaP_Gaia.fits,-0.09734945305972062,-0.0273802268394666,0.06996922622025402
KIDS_133.0_-1.5,KIDS_133p0_m1p5_r_SDSS.V1.3.0A_KiDS-1347_GAaP_Gaia.fits,0.06440010099282965,0.0400272296062243,-0.024372871386605356
KIDS_329.5_-28.2,KIDS_329p5_m28p2_r_SDSS.V1.3.0A_KiDS-1347_GAaP_Gaia.fits,-0.014017320107686776,0.0638649906376833,0.07788231074537008
KIDS_22.8_-34.1,KIDS_22p8_m34p1_r_SDSS.V1.3.0A_KiDS-1347_GAaP_Gaia.fits,-0.053058363750789456,-0.0013304002880087,0.05172796346278075
KIDS_51.1_-33.1,KIDS_51p1_m33p1_r_SDSS.V1.3.0A_KiDS-1347_GAaP_Gaia.fits,0.06758300248209273,0.2074350531879016,0.13985205070580886
KIDS_200.6_-2.5,KIDS_200p6_m2p5_r_SDSS.V1.3.0A_KiDS-1347_GAaP_Gaia.fits,0.0787310448329796,0.0799225367455462,0.0011914919125665946
KIDS_340.8_-34.1,KIDS_340p8_m34p1_r_SDSS.V1.3.0A_KiDS-1347_GAaP_Gaia.fits,-0.10894033767880976,-0.055452218467608,0.05348811921120176
KIDS_45.1_-28.2,KIDS_45p1_m28p2_r_SDSS.V1.3.0A_KiDS-1347_GAaP_Gaia.fits,-0.05714796305930428,0.2115717952116951,0.26871975827099936
KIDS_136.4_2.5,KIDS_136p4_2p5_r_SDSS.V1.3.0A_KiDS-1347_GAaP_Gaia.fits,0.04483167958247334,0.1130428904549624,0.06821121087248905
KIDS_183.0_0.5,KIDS_183p0_0p5_r_SDSS.V1.3.0A_KiDS-1347_GAaP_Gaia.fits,0.047775608993867395,0.1157686230949612,0.06799301410109382
KIDS_135.0_-1.5,KIDS_135p0_m1p5_r_SDSS.V1.3.0A_KiDS-1347_GAaP_Gaia.fits,0.042622569133898454,0.0106718035763645,-0.031950765557533956
KIDS_180.5_-2.5,KIDS_180p5_m2p5_r_SDSS.V1.3.0A_KiDS-1347_GAaP_Gaia.fits,0.005154384583631974,0.0710271338011236,0.06587274921749163
KIDS_357.7_-31.2,KIDS_357p7_m31p2_r_SDSS.V1.3.0A_KiDS-1347_GAaP_Gaia.fits,0.11339570188160965,0.1253242213532057,0.011928519471596052
KIDS_9.4_-32.1,KIDS_9p4_m32p1_r_SDSS.V1.3.0A_KiDS-1347_GAaP_Gaia.fits,-0.13316454460474905,-0.0130829245752128,0.12008162002953625
KIDS_167.5_3.5,KIDS_167p5_3p5_r_SDSS.V1.3.0A_KiDS-1347_GAaP_Gaia.fits,-0.09716014589877206,0.0206639099420145,0.11782405584078656
KIDS_160.0_0.5,KIDS_160p0_0p5_r_SDSS.V1.3.0A_KiDS-1347_GAaP_Gaia.fits,-0.014915360734435529,0.1132160946255955,0.128131455360031
KIDS_190.5_2.5,KIDS_190p5_2p5_r_SDSS.V1.3.0A_KiDS-1347_GAaP_Gaia.fits,-0.057397257600396046,-0.0200386814747218,0.037358576125674246
KIDS_34.8_-27.2,KIDS_34p8_m27p2_r_SDSS.V1.3.0A_KiDS-1347_GAaP_Gaia.fits,-0.0959435764807198,-0.0659412065974151,0.030002369883304694
KIDS_23.0_-30.2,KIDS_23p0_m30p2_r_SDSS.V1.3.0A_KiDS-1347_GAaP_Gaia.fits,0.06179637426282547,0.309519204343843,0.24772283008101753
KIDS_182.5_-3.5,KIDS_182p5_m3p5_r_SDSS.V1.3.0A_KiDS-1347_GAaP_Gaia.fits,-0.0356972140508415,0.0192643633580896,0.0549615774089311
KIDS_216.6_-3.5,KIDS_216p6_m3p5_r_SDSS.V1.3.0A_KiDS-1347_GAaP_Gaia.fits,0.050613983441858176,0.1328994332250838,0.08228544978322562
KIDS_337.2_-34.1,KIDS_337p2_m34p1_r_SDSS.V1.3.0A_KiDS-1347_GAaP_Gaia.fits,0.045152243306926104,0.102616498725835,0.0574642554189089
KIDS_190.0_0.5,KIDS_190p0_0p5_r_SDSS.V1.3.0A_KiDS-1347_GAaP_Gaia.fits,0.04039689780234487,0.1477518848404105,0.10735498703806562
KIDS_205.6_2.5,KIDS_205p6_2p5_r_SDSS.V1.3.0A_KiDS-1347_GAaP_Gaia.fits,-0.07482897517359768,-0.0167533241860778,0.058075650987519885
KIDS_193.0_-0.5,KIDS_193p0_m0p5_r_SDSS.V1.3.0A_KiDS-1347_GAaP_Gaia.fits,-0.03847866359282634,0.018286103242024,0.056764766834850336
KIDS_41.4_-30.2,KIDS_41p4_m30p2_r_SDSS.V1.3.0A_KiDS-1347_GAaP_Gaia.fits,0.0874913095303485,0.2818319152696698,0.19434060573932127
KIDS_133.0_1.5,KIDS_133p0_1p5_r_SDSS.V1.3.0A_KiDS-1347_GAaP_Gaia.fits,0.03784224609916866,0.0688459101149391,0.031003664015770434
KIDS_158.4_2.5,KIDS_158p4_2p5_r_SDSS.V1.3.0A_KiDS-1347_GAaP_Gaia.fits,-0.1855586541453784,-0.0821263051471882,0.10343234899819019
KIDS_6.8_-28.2,KIDS_6p8_m28p2_r_SDSS.V1.3.0A_KiDS-1347_GAaP_Gaia.fits,-0.05024202200550307,0.0585920505389197,0.10883407254442276
KIDS_166.5_2.5,KIDS_166p5_2p5_r_SDSS.V1.3.0A_KiDS-1347_GAaP_Gaia.fits,-0.18428610683355393,-0.0887655846439161,0.09552052218963783
KIDS_9.2_-30.2,KIDS_9p2_m30p2_r_SDSS.V1.3.0A_KiDS-1347_GAaP_Gaia.fits,-0.10702917523229835,0.0736313640006078,0.18066053923290615
KIDS_37.2_-28.2,KIDS_37p2_m28p2_r_SDSS.V1.3.0A_KiDS-1347_GAaP_Gaia.fits,-0.14588929751226268,0.0194459904465874,0.16533528795885008
KIDS_137.4_2.5,KIDS_137p4_2p5_r_SDSS.V1.3.0A_KiDS-1347_GAaP_Gaia.fits,-0.03773632867147095,0.0354594985274285,0.07319582719889944
KIDS_164.0_0.5,KIDS_164p0_0p5_r_SDSS.V1.3.0A_KiDS-1347_GAaP_Gaia.fits,-0.02296890837431445,0.1085819500389115,0.13155085841322595
KIDS_186.5_2.5,KIDS_186p5_2p5_r_SDSS.V1.3.0A_KiDS-1347_GAaP_Gaia.fits,-0.0828259530597206,-0.0032801534381933,0.0795457996215273
KIDS_214.6_-2.5,KIDS_214p6_m2p5_r_SDSS.V1.3.0A_KiDS-1347_GAaP_Gaia.fits,0.07090813360080575,0.1610957242148105,0.09018759061400475
KIDS_194.5_-2.5,KIDS_194p5_m2p5_r_SDSS.V1.3.0A_KiDS-1347_GAaP_Gaia.fits,-0.058534952387781836,0.0149441423148555,0.07347909470263733
KIDS_226.6_2.5,KIDS_226p6_2p5_r_SDSS.V1.3.0A_KiDS-1347_GAaP_Gaia.fits,-0.07611830113171728,0.0261545676765381,0.10227286880825537
KIDS_188.5_3.5,KIDS_188p5_3p5_r_SDSS.V1.3.0A_KiDS-1347_GAaP_Gaia.fits,-0.19516229006896765,-0.0818292330907283,0.11333305697823935
KIDS_199.6_3.5,KIDS_199p6_3p5_r_SDSS.V1.3.0A_KiDS-1347_GAaP_Gaia.fits,0.033689212178672885,0.1313851256374344,0.09769591345876152
KIDS_196.0_1.5,KIDS_196p0_1p5_r_SDSS.V1.3.0A_KiDS-1347_GAaP_Gaia.fits,-0.24272193504945525,-0.2550640279603781,-0.012342092910922836
KIDS_3.4_-29.2,KIDS_3p4_m29p2_r_SDSS.V1.3.0A_KiDS-1347_GAaP_Gaia.fits,-0.0631813491207325,-0.0367702874308629,0.026411061689869605
KIDS_10.4_-30.2,KIDS_10p4_m30p2_r_SDSS.V1.3.0A_KiDS-1347_GAaP_Gaia.fits,-0.09110453948609318,0.0315931061036791,0.12269764558977228
KIDS_7.2_-34.1,KIDS_7p2_m34p1_r_SDSS.V1.3.0A_KiDS-1347_GAaP_Gaia.fits,0.07438669243822163,0.0980717114118876,0.02368501897366597
KIDS_195.0_-1.5,KIDS_195p0_m1p5_r_SDSS.V1.3.0A_KiDS-1347_GAaP_Gaia.fits,-0.09150900696801073,-0.0429141316447012,0.04859487532330953
KIDS_358.8_-31.2,KIDS_358p8_m31p2_r_SDSS.V1.3.0A_KiDS-1347_GAaP_Gaia.fits,0.001630668127648005,0.1012165476477582,0.0995858795201102
KIDS_175.5_-2.5,KIDS_175p5_m2p5_r_SDSS.V1.3.0A_KiDS-1347_GAaP_Gaia.fits,0.12424675705746938,0.1703640594552898,0.046117302397820414
KIDS_329.6_-35.1,KIDS_329p6_m35p1_r_SDSS.V1.3.0A_KiDS-1347_GAaP_Gaia.fits,0.056278169667301835,0.1253457834608819,0.06906761379358006
KIDS_23.3_-31.2,KIDS_23p3_m31p2_r_SDSS.V1.3.0A_KiDS-1347_GAaP_Gaia.fits,-0.01963570069702371,0.106778462694048,0.1264141633910717
KIDS_229.6_2.5,KIDS_229p6_2p5_r_SDSS.V1.3.0A_KiDS-1347_GAaP_Gaia.fits,-0.004643849215055201,0.5728093807733512,0.5774532299884064
KIDS_13.5_-27.2,KIDS_13p5_m27p2_r_SDSS.V1.3.0A_KiDS-1347_GAaP_Gaia.fits,-0.10207878215609326,-0.0453069004775367,0.056771881678556554
KIDS_348.5_-30.2,KIDS_348p5_m30p2_r_SDSS.V1.3.0A_KiDS-1347_GAaP_Gaia.fits,0.06319449036221003,0.1374838973853693,0.07428940702315928
KIDS_20.3_-28.2,KIDS_20p3_m28p2_r_SDSS.V1.3.0A_KiDS-1347_GAaP_Gaia.fits,-0.026994551918905832,0.0104430855715301,0.03743763749043593
KIDS_160.4_3.5,KIDS_160p4_3p5_r_SDSS.V1.3.0A_KiDS-1347_GAaP_Gaia.fits,-0.13057725669339673,-0.0410317877698483,0.08954546892354842
KIDS_4.8_-34.1,KIDS_4p8_m34p1_r_SDSS.V1.3.0A_KiDS-1347_GAaP_Gaia.fits,0.03166111642983395,0.1338751862730044,0.10221406984317045
KIDS_1.2_-33.1,KIDS_1p2_m33p1_r_SDSS.V1.3.0A_KiDS-1347_GAaP_Gaia.fits,0.06444328193848593,0.0886271441531992,0.02418386221471326
KIDS_164.5_-3.5,KIDS_164p5_m3p5_r_SDSS.V1.3.0A_KiDS-1347_GAaP_Gaia.fits,-0.1252103348505255,-0.0177796821465203,0.10743065270400519
KIDS_345.4_-35.1,KIDS_345p4_m35p1_r_SDSS.V1.3.0A_KiDS-1347_GAaP_Gaia.fits,-0.04762957314442859,-0.0328949468305493,0.014734626313879291
KIDS_42.9_-28.2,KIDS_42p9_m28p2_r_SDSS.V1.3.0A_KiDS-1347_GAaP_Gaia.fits,-0.12901438944794721,-0.0237101131327532,0.10530427631519401
KIDS_168.0_0.5,KIDS_168p0_0p5_r_SDSS.V1.3.0A_KiDS-1347_GAaP_Gaia.fits,-0.027472109873330403,0.0862444835690121,0.1137165934423425
KIDS_218.0_0.5,KIDS_218p0_0p5_r_SDSS.V1.3.0A_KiDS-1347_GAaP_Gaia.fits,0.051332725702131786,0.0993092903050053,0.04797656460287351
KIDS_170.5_3.5,KIDS_170p5_3p5_r_SDSS.V1.3.0A_KiDS-1347_GAaP_Gaia.fits,0.013656017329059827,0.1382234894380147,0.12456747210895489
KIDS_37.3_-31.2,KIDS_37p3_m31p2_r_SDSS.V1.3.0A_KiDS-1347_GAaP_Gaia.fits,-0.013289001560643943,0.1644432961566141,0.17773229771725804
KIDS_181.5_3.5,KIDS_181p5_3p5_r_SDSS.V1.3.0A_KiDS-1347_GAaP_Gaia.fits,0.009306415550209668,0.0286956095188043,0.01938919396859463
KIDS_341.8_-29.2,KIDS_341p8_m29p2_r_SDSS.V1.3.0A_KiDS-1347_GAaP_Gaia.fits,0.12890779719711906,0.1409249562637862,0.012017159066667144
KIDS_179.5_-3.5,KIDS_179p5_m3p5_r_SDSS.V1.3.0A_KiDS-1347_GAaP_Gaia.fits,0.03466082223722534,0.0791671419498019,0.04450631971257656
KIDS_236.0_-0.5,KIDS_236p0_m0p5_r_SDSS.V1.3.0A_KiDS-1347_GAaP_Gaia.fits,0.02558746219435655,0.124987098546661,0.09939963635230445
KIDS_196.0_0.5,KIDS_196p0_0p5_r_SDSS.V1.3.0A_KiDS-1347_GAaP_Gaia.fits,0.06476571410888785,0.074966390953884,0.010200676844996148
KIDS_157.4_3.5,KIDS_157p4_3p5_r_SDSS.V1.3.0A_KiDS-1347_GAaP_Gaia.fits,-0.15488596181551242,-0.0418813221385279,0.11300463967698451
KIDS_190.5_-2.5,KIDS_190p5_m2p5_r_SDSS.V1.3.0A_KiDS-1347_GAaP_Gaia.fits,-0.15832864980980074,-0.0937917445166962,0.06453690529310455
KIDS_229.0_-0.5,KIDS_229p0_m0p5_r_SDSS.V1.3.0A_KiDS-1347_GAaP_Gaia.fits,-0.0063985104520789815,0.0050268470861123,0.01142535753819128
KIDS_234.0_-1.5,KIDS_234p0_m1p5_r_SDSS.V1.3.0A_KiDS-1347_GAaP_Gaia.fits,-0.1217833692358265,-0.0480848409370534,0.0736985282987731
KIDS_8.1_-30.2,KIDS_8p1_m30p2_r_SDSS.V1.3.0A_KiDS-1347_GAaP_Gaia.fits,-0.0758911112528999,-0.0225315764270206,0.05335953482587931
KIDS_150.1_2.2,KIDS_150p1_2p2_r_SDSS.V1.3.0A_KiDS-1347_GAaP_Gaia.fits,0.002900318733793636,0.0631479017835697,0.060247583049776066
KIDS_7.0_-31.2,KIDS_7p0_m31p2_r_SDSS.V1.3.0A_KiDS-1347_GAaP_Gaia.fits,0.016292195751667807,0.0602705473719234,0.043978351620255596
KIDS_18.2_-29.2,KIDS_18p2_m29p2_r_SDSS.V1.3.0A_KiDS-1347_GAaP_Gaia.fits,-0.08236978503066919,0.0780642057613751,0.1604339907920443
KIDS_182.5_2.5,KIDS_182p5_2p5_r_SDSS.V1.3.0A_KiDS-1347_GAaP_Gaia.fits,0.1381049310225514,0.1535100636170402,0.015405132594488807
KIDS_204.6_-2.5,KIDS_204p6_m2p5_r_SDSS.V1.3.0A_KiDS-1347_GAaP_Gaia.fits,-0.16613953055210803,-0.033494887084852,0.13264464346725602
KIDS_217.0_-1.5,KIDS_217p0_m1p5_r_SDSS.V1.3.0A_KiDS-1347_GAaP_Gaia.fits,-0.028274701252924347,0.0852520914607987,0.11352679271372305
KIDS_46.0_-30.2,KIDS_46p0_m30p2_r_SDSS.V1.3.0A_KiDS-1347_GAaP_Gaia.fits,0.03266239437481261,0.270232951063292,0.23757055668847937
KIDS_175.0_1.5,KIDS_175p0_1p5_r_SDSS.V1.3.0A_KiDS-1347_GAaP_Gaia.fits,0.02722806448664418,0.0276219403484318,0.0003938758617876188
KIDS_175.5_-3.5,KIDS_175p5_m3p5_r_SDSS.V1.3.0A_KiDS-1347_GAaP_Gaia.fits,-0.02263597793348697,0.0419022345678816,0.06453821250136857
KIDS_137.0_1.5,KIDS_137p0_1p5_r_SDSS.V1.3.0A_KiDS-1347_GAaP_Gaia.fits,0.04904629006538284,0.142558640957686,0.09351235089230317
KIDS_225.0_-1.5,KIDS_225p0_m1p5_r_SDSS.V1.3.0A_KiDS-1347_GAaP_Gaia.fits,-0.08026810267055431,0.0077757358612048,0.08804383853175911
KIDS_358.9_-28.2,KIDS_358p9_m28p2_r_SDSS.V1.3.0A_KiDS-1347_GAaP_Gaia.fits,-0.13353346839903238,0.0662341782095515,0.19976764660858387
KIDS_197.5_-3.5,KIDS_197p5_m3p5_r_SDSS.V1.3.0A_KiDS-1347_GAaP_Gaia.fits,0.029816549692595062,0.0854623144422608,0.05564576474966573
KIDS_23.7_-28.2,KIDS_23p7_m28p2_r_SDSS.V1.3.0A_KiDS-1347_GAaP_Gaia.fits,0.05666166986838998,0.0472799833640249,-0.009381686504365085
KIDS_24.7_-32.1,KIDS_24p7_m32p1_r_SDSS.V1.3.0A_KiDS-1347_GAaP_Gaia.fits,-0.10198734612309734,0.0413523917726519,0.14333973789574925
KIDS_344.3_-27.2,KIDS_344p3_m27p2_r_SDSS.V1.3.0A_KiDS-1347_GAaP_Gaia.fits,0.05909943947410819,0.152356691476376,0.09325725200226782
KIDS_130.0_0.5,KIDS_130p0_0p5_r_SDSS.V1.3.0A_KiDS-1347_GAaP_Gaia.fits,-0.1481135335009465,-0.1263554880912981,0.021758045409648402
KIDS_185.0_0.5,KIDS_185p0_0p5_r_SDSS.V1.3.0A_KiDS-1347_GAaP_Gaia.fits,0.05141201132684968,0.1536991005148891,0.10228708918803943
KIDS_34.5_-33.1,KIDS_34p5_m33p1_r_SDSS.V1.3.0A_KiDS-1347_GAaP_Gaia.fits,0.12114384409498687,0.2230777472545922,0.10193390315960534
KIDS_41.6_-33.1,KIDS_41p6_m33p1_r_SDSS.V1.3.0A_KiDS-1347_GAaP_Gaia.fits,-0.019165147173257083,-0.0245142889626076,-0.005349141789350517
KIDS_1.1_-28.2,KIDS_1p1_m28p2_r_SDSS.V1.3.0A_KiDS-1347_GAaP_Gaia.fits,0.128642158949767,0.1533142610275417,0.024672102077774705
KIDS_185.5_-2.5,KIDS_185p5_m2p5_r_SDSS.V1.3.0A_KiDS-1347_GAaP_Gaia.fits,0.043097322451948236,0.0693740223193227,0.026276699867374465
KIDS_17.9_-27.2,KIDS_17p9_m27p2_r_SDSS.V1.3.0A_KiDS-1347_GAaP_Gaia.fits,0.08079230616526441,0.2000884872254789,0.11929618106021449
KIDS_199.0_-1.5,KIDS_199p0_m1p5_r_SDSS.V1.3.0A_KiDS-1347_GAaP_Gaia.fits,-0.11581197119252237,-0.0709709075407129,0.04484106365180947
KIDS_210.6_2.5,KIDS_210p6_2p5_r_SDSS.V1.3.0A_KiDS-1347_GAaP_Gaia.fits,0.08403685915918034,0.1297592699505845,0.04572241079140417
KIDS_187.0_-0.5,KIDS_187p0_m0p5_r_SDSS.V1.3.0A_KiDS-1347_GAaP_Gaia.fits,0.01822346568989626,0.088383253097116,0.07015978740721975
KIDS_40.1_-35.1,KIDS_40p1_m35p1_r_SDSS.V1.3.0A_KiDS-1347_GAaP_Gaia.fits,-0.14988988016113333,-0.0169235027962961,0.13296637736483724
KIDS_156.4_-2.5,KIDS_156p4_m2p5_r_SDSS.V1.3.0A_KiDS-1347_GAaP_Gaia.fits,-0.10394700312611269,-0.050759905933932,0.053187097192180684
KIDS_137.0_-1.5,KIDS_137p0_m1p5_r_SDSS.V1.3.0A_KiDS-1347_GAaP_Gaia.fits,0.038031550422528024,0.0772467346161664,0.03921518419363837
KIDS_342.5_-31.2,KIDS_342p5_m31p2_r_SDSS.V1.3.0A_KiDS-1347_GAaP_Gaia.fits,0.04362743281016411,0.0681805156140958,0.02455308280393169
KIDS_138.0_-1.5,KIDS_138p0_m1p5_r_SDSS.V1.3.0A_KiDS-1347_GAaP_Gaia.fits,0.05050995705355656,0.1319382654387328,0.08142830838517623
KIDS_351.7_-33.1,KIDS_351p7_m33p1_r_SDSS.V1.3.0A_KiDS-1347_GAaP_Gaia.fits,0.06739733446864336,0.1243596472515794,0.056962312782936037
KIDS_5.6_-27.2,KIDS_5p6_m27p2_r_SDSS.V1.3.0A_KiDS-1347_GAaP_Gaia.fits,-0.07563526486737795,0.0829466527669044,0.15858191763428237
KIDS_12.9_-32.1,KIDS_12p9_m32p1_r_SDSS.V1.3.0A_KiDS-1347_GAaP_Gaia.fits,-0.09693671822396702,0.0525158216332109,0.1494525398571779
KIDS_17.3_-30.2,KIDS_17p3_m30p2_r_SDSS.V1.3.0A_KiDS-1347_GAaP_Gaia.fits,-0.023145419069262985,0.0419752494389658,0.06512066850822879
KIDS_25.0_-33.1,KIDS_25p0_m33p1_r_SDSS.V1.3.0A_KiDS-1347_GAaP_Gaia.fits,0.02726200544088911,0.2756775786244566,0.24841557318356747
KIDS_192.5_3.5,KIDS_192p5_3p5_r_SDSS.V1.3.0A_KiDS-1347_GAaP_Gaia.fits,0.010837052638440842,0.1425656239712804,0.13172857133283955
KIDS_216.0_0.5,KIDS_216p0_0p5_r_SDSS.V1.3.0A_KiDS-1347_GAaP_Gaia.fits,-0.0410134177633206,0.0310312774559572,0.0720446952192778
KIDS_200.0_0.5,KIDS_200p0_0p5_r_SDSS.V1.3.0A_KiDS-1347_GAaP_Gaia.fits,0.04267818370077018,0.0974554307634651,0.05477724706269493
KIDS_356.4_-34.1,KIDS_356p4_m34p1_r_SDSS.V1.3.0A_KiDS-1347_GAaP_Gaia.fits,-0.050950927607546354,0.0666446110895102,0.11759553869705655
KIDS_185.0_-1.5,KIDS_185p0_m1p5_r_SDSS.V1.3.0A_KiDS-1347_GAaP_Gaia.fits,0.025760209723634242,0.1795059772073807,0.15374576748374646
KIDS_334.9_-29.2,KIDS_334p9_m29p2_r_SDSS.V1.3.0A_KiDS-1347_GAaP_Gaia.fits,0.07486673033988417,0.117373265785299,0.04250653544541483
KIDS_358.8_-34.1,KIDS_358p8_m34p1_r_SDSS.V1.3.0A_KiDS-1347_GAaP_Gaia.fits,-0.03193644335939469,0.0340214212377848,0.06595786459717949
KIDS_238.0_1.5,KIDS_238p0_1p5_r_SDSS.V1.3.0A_KiDS-1347_GAaP_Gaia.fits,-0.021944441581290386,0.1028528702359574,0.12479731181724779
KIDS_161.4_-3.5,KIDS_161p4_m3p5_r_SDSS.V1.3.0A_KiDS-1347_GAaP_Gaia.fits,-0.14807194547103666,-0.075473638667102,0.07259830680393467
KIDS_2.4_-33.1,KIDS_2p4_m33p1_r_SDSS.V1.3.0A_KiDS-1347_GAaP_Gaia.fits,0.05091326506411939,0.1839610030922055,0.13304773802808612
KIDS_350.6_-32.1,KIDS_350p6_m32p1_r_SDSS.V1.3.0A_KiDS-1347_GAaP_Gaia.fits,0.05510218783747962,0.1273042244159249,0.07220203657844529
KIDS_159.0_1.5,KIDS_159p0_1p5_r_SDSS.V1.3.0A_KiDS-1347_GAaP_Gaia.fits,-0.02183255964123093,0.0505239340126832,0.07235649365391414
KIDS_50.1_-31.2,KIDS_50p1_m31p2_r_SDSS.V1.3.0A_KiDS-1347_GAaP_Gaia.fits,-0.007284329101142725,0.1068956301279376,0.11417995922908032
KIDS_210.6_-2.5,KIDS_210p6_m2p5_r_SDSS.V1.3.0A_KiDS-1347_GAaP_Gaia.fits,0.10969154606598748,0.1822820346509362,0.07259048858494872
KIDS_18.0_-34.1,KIDS_18p0_m34p1_r_SDSS.V1.3.0A_KiDS-1347_GAaP_Gaia.fits,0.06261990908360889,0.2987630712131653,0.23614316212955644
KIDS_140.0_-0.5,KIDS_140p0_m0p5_r_SDSS.V1.3.0A_KiDS-1347_GAaP_Gaia.fits,0.06283865700513439,0.1295701023744038,0.06673144536926942
KIDS_140.0_0.5,KIDS_140p0_0p5_r_SDSS.V1.3.0A_KiDS-1347_GAaP_Gaia.fits,0.029883749779032576,0.0853752139064811,0.05549146412744853
KIDS_178.5_-2.5,KIDS_178p5_m2p5_r_SDSS.V1.3.0A_KiDS-1347_GAaP_Gaia.fits,0.018861527525599248,0.0549874447146441,0.03612591718904485
KIDS_39.9_-29.2,KIDS_39p9_m29p2_r_SDSS.V1.3.0A_KiDS-1347_GAaP_Gaia.fits,-0.040474022815173955,0.0967175004682088,0.13719152328338274
KIDS_164.5_-2.5,KIDS_164p5_m2p5_r_SDSS.V1.3.0A_KiDS-1347_GAaP_Gaia.fits,-0.11683911738829464,0.0359038101573959,0.15274292754569055
KIDS_3.6_-34.1,KIDS_3p6_m34p1_r_SDSS.V1.3.0A_KiDS-1347_GAaP_Gaia.fits,0.12544896340784706,0.1590461864025635,0.03359722299471643
KIDS_163.0_-1.5,KIDS_163p0_m1p5_r_SDSS.V1.3.0A_KiDS-1347_GAaP_Gaia.fits,-0.2883918456797584,-0.1948312857464439,0.0935605599333145
KIDS_173.0_0.5,KIDS_173p0_0p5_r_SDSS.V1.3.0A_KiDS-1347_GAaP_Gaia.fits,0.06015234489675018,0.077812873376787,0.017660528480036818
KIDS_209.0_0.5,KIDS_209p0_0p5_r_SDSS.V1.3.0A_KiDS-1347_GAaP_Gaia.fits,0.04203163050409125,0.0662264739526475,0.02419484344855625
KIDS_38.4_-31.2,KIDS_38p4_m31p2_r_SDSS.V1.3.0A_KiDS-1347_GAaP_Gaia.fits,-0.025600822365419634,0.1575862254464607,0.18318704781188033
KIDS_40.8_-31.2,KIDS_40p8_m31p2_r_SDSS.V1.3.0A_KiDS-1347_GAaP_Gaia.fits,0.08575092204661644,0.2517003502038534,0.16594942815723696
KIDS_182.5_-2.5,KIDS_182p5_m2p5_r_SDSS.V1.3.0A_KiDS-1347_GAaP_Gaia.fits,-0.09748035708041478,-0.0571374129790056,0.04034294410140918
KIDS_0.0_-32.1,KIDS_0p0_m32p1_r_SDSS.V1.3.0A_KiDS-1347_GAaP_Gaia.fits,0.06274806890846045,0.2539724682282754,0.19122439931981494
KIDS_35.7_-30.2,KIDS_35p7_m30p2_r_SDSS.V1.3.0A_KiDS-1347_GAaP_Gaia.fits,-0.0400917260439399,0.1903807803906102,0.2304725064345501
KIDS_52.3_-35.1,KIDS_52p3_m35p1_r_SDSS.V1.3.0A_KiDS-1347_GAaP_Gaia.fits,-0.04018239050901537,0.1061327716348635,0.14631516214387885
KIDS_356.6_-29.2,KIDS_356p6_m29p2_r_SDSS.V1.3.0A_KiDS-1347_GAaP_Gaia.fits,-0.06191032097605151,-0.0017769692303942,0.06013335174565731
KIDS_194.0_1.5,KIDS_194p0_1p5_r_SDSS.V1.3.0A_KiDS-1347_GAaP_Gaia.fits,-0.22132338233705748,-0.151936960829775,0.06938642150728247
KIDS_223.6_3.5,KIDS_223p6_3p5_r_SDSS.V1.3.0A_KiDS-1347_GAaP_Gaia.fits,-0.19126500015468603,-0.0468165082863949,0.14444849186829112
KIDS_223.0_-1.5,KIDS_223p0_m1p5_r_SDSS.V1.3.0A_KiDS-1347_GAaP_Gaia.fits,-0.026573639181583064,-0.0123118148021001,0.014261824379482963
KIDS_19.0_-33.1,KIDS_19p0_m33p1_r_SDSS.V1.3.0A_KiDS-1347_GAaP_Gaia.fits,-0.1044101908650159,0.0968697474605426,0.20127993832555852
KIDS_136.0_0.5,KIDS_136p0_0p5_r_SDSS.V1.3.0A_KiDS-1347_GAaP_Gaia.fits,0.052972255374840224,0.1239739868524805,0.07100173147764027
KIDS_139.0_1.5,KIDS_139p0_1p5_r_SDSS.V1.3.0A_KiDS-1347_GAaP_Gaia.fits,0.03330842107373112,0.0831751255818178,0.04986670450808668
KIDS_18.4_-30.2,KIDS_18p4_m30p2_r_SDSS.V1.3.0A_KiDS-1347_GAaP_Gaia.fits,0.04407454748280944,0.3008195478635208,0.25674500038071135
KIDS_181.5_-2.5,KIDS_181p5_m2p5_r_SDSS.V1.3.0A_KiDS-1347_GAaP_Gaia.fits,0.06472696336802453,0.1475132647410506,0.08278630137302606
KIDS_207.6_-3.5,KIDS_207p6_m3p5_r_SDSS.V1.3.0A_KiDS-1347_GAaP_Gaia.fits,-0.0026818394194417228,0.1223082087705135,0.12499004818995522
KIDS_211.6_-3.5,KIDS_211p6_m3p5_r_SDSS.V1.3.0A_KiDS-1347_GAaP_Gaia.fits,-0.11783896030206176,-0.0513178775322439,0.06652108276981786
KIDS_177.5_-3.5,KIDS_177p5_m3p5_r_SDSS.V1.3.0A_KiDS-1347_GAaP_Gaia.fits,-0.0898588509978542,0.0119628784902593,0.10182172948811351
KIDS_1.2_-31.2,KIDS_1p2_m31p2_r_SDSS.V1.3.0A_KiDS-1347_GAaP_Gaia.fits,0.010769644250941166,0.0779011683037541,0.06713152405281293
KIDS_201.0_1.5,KIDS_201p0_1p5_r_SDSS.V1.3.0A_KiDS-1347_GAaP_Gaia.fits,-0.05674921372392208,0.0142384580245969,0.07098767174851899
KIDS_131.4_2.5,KIDS_131p4_2p5_r_SDSS.V1.3.0A_KiDS-1347_GAaP_Gaia.fits,0.06919325103762503,0.1052367297910114,0.03604347875338637
KIDS_36.1_-28.2,KIDS_36p1_m28p2_r_SDSS.V1.3.0A_KiDS-1347_GAaP_Gaia.fits,-0.04953917061688262,0.093751833351224,0.14329100396810662
KIDS_11.8_-32.1,KIDS_11p8_m32p1_r_SDSS.V1.3.0A_KiDS-1347_GAaP_Gaia.fits,-0.04141285627896421,0.0668029167163585,0.10821577299532271
KIDS_27.3_-33.1,KIDS_27p3_m33p1_r_SDSS.V1.3.0A_KiDS-1347_GAaP_Gaia.fits,-0.10669826615756228,0.1163169852686288,0.22301525142619108
KIDS_237.0_-1.5,KIDS_237p0_m1p5_r_SDSS.V1.3.0A_KiDS-1347_GAaP_Gaia.fits,-0.25014324139323874,-0.1207856943728887,0.12935754702035002
KIDS_3.5_-32.1,KIDS_3p5_m32p1_r_SDSS.V1.3.0A_KiDS-1347_GAaP_Gaia.fits,-0.02692974028136752,0.1140871059202231,0.1410168462015906
KIDS_176.0_-1.5,KIDS_176p0_m1p5_r_SDSS.V1.3.0A_KiDS-1347_GAaP_Gaia.fits,0.0022810256378560934,0.0660114452959396,0.0637304196580835
KIDS_44.0_-33.1,KIDS_44p0_m33p1_r_SDSS.V1.3.0A_KiDS-1347_GAaP_Gaia.fits,0.021873039081367937,0.1115932157795745,0.08972017669820656
KIDS_28.5_-33.1,KIDS_28p5_m33p1_r_SDSS.V1.3.0A_KiDS-1347_GAaP_Gaia.fits,0.04056592898236682,0.4221493501409121,0.38158342115854527
KIDS_332.9_-32.1,KIDS_332p9_m32p1_r_SDSS.V1.3.0A_KiDS-1347_GAaP_Gaia.fits,-0.016956586687172634,0.0868287462947652,0.10378533298193783
KIDS_200.6_-3.5,KIDS_200p6_m3p5_r_SDSS.V1.3.0A_KiDS-1347_GAaP_Gaia.fits,0.053266611724969624,0.1149923082021871,0.06172569647721748
KIDS_141.0_0.5,KIDS_141p0_0p5_r_SDSS.V1.3.0A_KiDS-1347_GAaP_Gaia.fits,0.06799764935297035,0.0670590813311531,-0.0009385680218172571
KIDS_163.5_2.5,KIDS_163p5_2p5_r_SDSS.V1.3.0A_KiDS-1347_GAaP_Gaia.fits,-0.03905235387094,0.1064773113119295,0.1455296651828695
KIDS_189.5_3.5,KIDS_189p5_3p5_r_SDSS.V1.3.0A_KiDS-1347_GAaP_Gaia.fits,-0.1430376301577271,-0.086851928154756,0.056185702002971114
KIDS_214.6_3.5,KIDS_214p6_3p5_r_SDSS.V1.3.0A_KiDS-1347_GAaP_Gaia.fits,-0.0003838305689927435,0.0954517100249892,0.09583554059398194
KIDS_181.5_2.5,KIDS_181p5_2p5_r_SDSS.V1.3.0A_KiDS-1347_GAaP_Gaia.fits,-0.039278931071734996,0.0477820692928195,0.0870610003645545
KIDS_345.2_-29.2,KIDS_345p2_m29p2_r_SDSS.V1.3.0A_KiDS-1347_GAaP_Gaia.fits,0.03774058825865858,0.0941429525344745,0.056402364275815915
KIDS_216.6_3.5,KIDS_216p6_3p5_r_SDSS.V1.3.0A_KiDS-1347_GAaP_Gaia.fits,-0.07105197988639786,-0.0574893170563967,0.013562662830001161
KIDS_7.1_-32.1,KIDS_7p1_m32p1_r_SDSS.V1.3.0A_KiDS-1347_GAaP_Gaia.fits,0.03412608452361313,0.1149473583692403,0.08082127384562718
KIDS_208.6_-2.5,KIDS_208p6_m2p5_r_SDSS.V1.3.0A_KiDS-1347_GAaP_Gaia.fits,-0.17757285899061195,-0.10400331655525,0.07356954243536196
KIDS_212.6_2.5,KIDS_212p6_2p5_r_SDSS.V1.3.0A_KiDS-1347_GAaP_Gaia.fits,-0.057599856935426436,0.0293362270412191,0.08693608397664554
KIDS_37.6_-32.1,KIDS_37p6_m32p1_r_SDSS.V1.3.0A_KiDS-1347_GAaP_Gaia.fits,-0.06031633595024144,0.0612632085683286,0.12157954451857003
KIDS_30.4_-35.1,KIDS_30p4_m35p1_r_SDSS.V1.3.0A_KiDS-1347_GAaP_Gaia.fits,-0.12490721457066875,0.2008190683313929,0.3257262829020616
KIDS_1.2_-30.2,KIDS_1p2_m30p2_r_SDSS.V1.3.0A_KiDS-1347_GAaP_Gaia.fits,-0.004219268866597473,0.0973791585240789,0.10159842739067637
KIDS_44.7_-32.1,KIDS_44p7_m32p1_r_SDSS.V1.3.0A_KiDS-1347_GAaP_Gaia.fits,-0.007226160684048313,0.2379812584663105,0.24520741915035882
KIDS_200.6_2.5,KIDS_200p6_2p5_r_SDSS.V1.3.0A_KiDS-1347_GAaP_Gaia.fits,-0.07916870053984146,-0.0424016525970337,0.03676704794280776
KIDS_26.1_-33.1,KIDS_26p1_m33p1_r_SDSS.V1.3.0A_KiDS-1347_GAaP_Gaia.fits,-0.11990491940773243,0.1519822869722955,0.27188720638002795
KIDS_237.0_0.5,KIDS_237p0_0p5_r_SDSS.V1.3.0A_KiDS-1347_GAaP_Gaia.fits,-0.04304834572589905,0.0778094130112157,0.12085775873711475
KIDS_190.0_-1.5,KIDS_190p0_m1p5_r_SDSS.V1.3.0A_KiDS-1347_GAaP_Gaia.fits,-0.09083442964253738,-0.0461554572362744,0.04467897240626298
KIDS_345.7_-33.1,KIDS_345p7_m33p1_r_SDSS.V1.3.0A_KiDS-1347_GAaP_Gaia.fits,0.04955545039711782,0.0769257936401476,0.027370343243029775
KIDS_342.2_-33.1,KIDS_342p2_m33p1_r_SDSS.V1.3.0A_KiDS-1347_GAaP_Gaia.fits,0.11362561424055838,0.1340654722393453,0.020439857998786934
KIDS_173.5_-3.5,KIDS_173p5_m3p5_r_SDSS.V1.3.0A_KiDS-1347_GAaP_Gaia.fits,-0.12131831649411814,0.0114797911308109,0.13279810762492905
KIDS_170.0_-1.5,KIDS_170p0_m1p5_r_SDSS.V1.3.0A_KiDS-1347_GAaP_Gaia.fits,-0.1993118995206826,-0.0042554566177497,0.1950564429029329
KIDS_209.0_1.5,KIDS_209p0_1p5_r_SDSS.V1.3.0A_KiDS-1347_GAaP_Gaia.fits,-0.07316615047402367,-0.0145799101814742,0.05858624029254947
KIDS_354.2_-30.2,KIDS_354p2_m30p2_r_SDSS.V1.3.0A_KiDS-1347_GAaP_Gaia.fits,-0.059466852937338,-0.0274039605832222,0.0320628923541158
KIDS_43.5_-32.1,KIDS_43p5_m32p1_r_SDSS.V1.3.0A_KiDS-1347_GAaP_Gaia.fits,0.11417924451515465,0.2357185119873625,0.12153926747220783
KIDS_348.2_-32.1,KIDS_348p2_m32p1_r_SDSS.V1.3.0A_KiDS-1347_GAaP_Gaia.fits,0.05850497919341709,-0.0384830471052079,-0.09698802629862499
KIDS_53.5_-35.1,KIDS_53p5_m35p1_r_SDSS.V1.3.0A_KiDS-1347_GAaP_Gaia.fits,-0.03023748318324035,0.0723982489651908,0.10263573214843115
KIDS_180.5_2.5,KIDS_180p5_2p5_r_SDSS.V1.3.0A_KiDS-1347_GAaP_Gaia.fits,0.05418246356791855,0.1395505748943546,0.08536811132643604
KIDS_23.5_-32.1,KIDS_23p5_m32p1_r_SDSS.V1.3.0A_KiDS-1347_GAaP_Gaia.fits,0.04413662477878998,0.0872237611541136,0.04308713637532361
KIDS_178.0_-1.5,KIDS_178p0_m1p5_r_SDSS.V1.3.0A_KiDS-1347_GAaP_Gaia.fits,0.0072543346728266705,0.1072157075488067,0.09996137287598003
KIDS_214.0_0.5,KIDS_214p0_0p5_r_SDSS.V1.3.0A_KiDS-1347_GAaP_Gaia.fits,-0.05261963591533758,0.0603528200078258,0.11297245592316338
KIDS_332.7_-29.2,KIDS_332p7_m29p2_r_SDSS.V1.3.0A_KiDS-1347_GAaP_Gaia.fits,0.04412014998668727,0.0923240905964675,0.04820394060978023
KIDS_172.5_2.5,KIDS_172p5_2p5_r_SDSS.V1.3.0A_KiDS-1347_GAaP_Gaia.fits,0.0829846424737589,0.1461004443622764,0.0631158018885175
KIDS_226.0_1.5,KIDS_226p0_1p5_r_SDSS.V1.3.0A_KiDS-1347_GAaP_Gaia.fits,-0.02291620154567342,0.0273351414336123,0.05025134297928572
KIDS_355.3_-31.2,KIDS_355p3_m31p2_r_SDSS.V1.3.0A_KiDS-1347_GAaP_Gaia.fits,-0.009049058901772863,0.0787422143305063,0.08779127323227916
KIDS_179.0_1.5,KIDS_179p0_1p5_r_SDSS.V1.3.0A_KiDS-1347_GAaP_Gaia.fits,0.01936879272443065,0.1227108695625961,0.10334207683816544
KIDS_49.7_-28.2,KIDS_49p7_m28p2_r_SDSS.V1.3.0A_KiDS-1347_GAaP_Gaia.fits,-0.06433620216383876,0.1520644827998734,0.21640068496371215
KIDS_353.2_-28.2,KIDS_353p2_m28p2_r_SDSS.V1.3.0A_KiDS-1347_GAaP_Gaia.fits,-0.07581007118045668,0.037372580513735,0.11318265169419169
KIDS_9.5_-33.1,KIDS_9p5_m33p1_r_SDSS.V1.3.0A_KiDS-1347_GAaP_Gaia.fits,-0.047807911030325556,0.0216222819778746,0.06943019300820016
KIDS_10.8_-34.1,KIDS_10p8_m34p1_r_SDSS.V1.3.0A_KiDS-1347_GAaP_Gaia.fits,-0.04075935584162546,0.135801107975424,0.17656046381704946
KIDS_206.0_0.5,KIDS_206p0_0p5_r_SDSS.V1.3.0A_KiDS-1347_GAaP_Gaia.fits,0.2135240816238373,0.2776808958202118,0.06415681419637453
KIDS_343.5_-32.1,KIDS_343p5_m32p1_r_SDSS.V1.3.0A_KiDS-1347_GAaP_Gaia.fits,0.062195817032766304,0.12483124829586,0.06263543126309369
KIDS_357.8_-27.2,KIDS_357p8_m27p2_r_SDSS.V1.3.0A_KiDS-1347_GAaP_Gaia.fits,-0.08210771778712242,0.0060663657022957,0.08817408348941812
KIDS_44.4_-34.1,KIDS_44p4_m34p1_r_SDSS.V1.3.0A_KiDS-1347_GAaP_Gaia.fits,-0.10013124471404419,-0.0067951443232809,0.09333610039076329
KIDS_200.6_3.5,KIDS_200p6_3p5_r_SDSS.V1.3.0A_KiDS-1347_GAaP_Gaia.fits,-0.10094021731217565,-0.0863592143766914,0.014581002935484241
