OBJECT,Catalogue,u_kids,u_gaia,u_kids_10,u_gaia_10,g_kids,g_gaia,g_kids_10,g_gaia_10,r_kids,r_gaia,r_kids_10,r_gaia_10,i_kids,i_gaia,i_kids_10,i_gaia_10,i2_kids,i2_gaia,i2_kids_10,i2_gaia_10,Ebv,b,Survey,FLAG
KIDS_136.0_-1.5,KIDS_136p0_m1p5_r_SDSS.V1.3.0A_KiDS-1347_GAaP_Gaia.fits,0.0377190291957464,0.0294827686563738,0.0393937882931452,0.0310337686563738,0.0453558368296326,0.047114,0.0446986365489424,0.049942,0.0316482024150244,0.043111,0.0334203758336682,0.044887,0.0261291591913091,0.026201,0.029471467417657,0.028554,0.0415879972396055,0.038555,0.0445634064008653,0.041005,0.017655,28.3158,KiDS,0
KIDS_158.0_-1.5,KIDS_158p0_m1p5_r_SDSS.V1.3.0A_KiDS-1347_GAaP_Gaia.fits,0.0650136526596751,-0.0412678112175822,0.0931327009778399,-0.0411658112175822,-0.1269220242087512,-0.142606,-0.1159866746999059,-0.139288,-0.0351646828535393,-0.026905,-0.0324363928245329,-0.02514,0.0189565986125937,0.029854,0.0190289529106922,0.031699,0.0066902947103354,0.019887,0.0063691005407094,0.022073,0.0471,45.9009,KiDS,0
KIDS_356.5_-32.1,KIDS_356p5_m32p1_r_SDSS.V1.3.0A_KiDS-1347_GAaP_Gaia.fits,0.1222648776260175,-0.0055304099170162,0.1151216618318458,-0.0032454099170162,0.0343612451168103,0.036286,0.0331866583801458,0.037687,0.0196122577004121,0.033138,0.0232748359167823,0.036266,0.0383306607777792,0.038097,0.0429698065356857,0.040914,-0.020625190258988,-0.021167,-0.0143499967279495,-0.018174,0.011713,-74.9288,KiDS,0
KIDS_238.0_-0.5,KIDS_238p0_m0p5_r_SDSS.V1.3.0A_KiDS-1347_GAaP_Gaia.fits,0.1062732656209755,0.0539851316347466,0.103381862034128,0.0542271316347466,0.0377445549271739,0.032296,0.038637820227594,0.033994,0.0189937099744273,0.020567,0.0212119351012832,0.021962,0.0099580037457785,0.013346,0.0138380176968224,0.015855,0.0191238290316347,0.020448,0.0224258379698253,0.023137,0.085622,38.5904,KiDS,0
KIDS_129.4_2.5,KIDS_129p4_2p5_r_SDSS.V1.3.0A_KiDS-1347_GAaP_Gaia.fits,0.0442167946390873,-0.0076915602415335,0.0411283551119674,-0.0076165602415335,0.0247679961483852,0.021009,0.0248125618025726,0.022602,0.0306160801570621,0.045256,0.0318834262466417,0.046799,0.032964373137099,0.044112,0.0349732906793513,0.045475,0.0421741044160699,0.052419,0.044196186378749,0.054488,0.032611,24.6076,KiDS,0
KIDS_11.2_-27.2,KIDS_11p2_m27p2_r_SDSS.V1.3.0A_KiDS-1347_GAaP_Gaia.fits,0.0370246542921238,0.0301636707396594,0.033625236690257,0.0425866707396594,-0.1096671699567513,-0.092864,-0.1067769755914799,-0.089496,-0.0959597028060969,-0.084728,-0.0909156478117991,-0.082071,0.0608937277285582,0.057422,0.068281535867846,0.061594,0.0365812409183311,0.031761,0.0430019346095659,0.03768,0.009952,-88.4903,KiDS,0
KIDS_12.5_-29.2,KIDS_12p5_m29p2_r_SDSS.V1.3.0A_KiDS-1347_GAaP_Gaia.fits,0.0978974198354205,-0.1147627252234338,0.0873377888216,-0.1145697252234338,-0.0857974041608884,-0.064555,-0.0852863350045159,-0.059795,-0.0831094623088745,-0.071745,-0.0798655159742289,-0.068919,0.0395133504438637,0.027422,0.0445544829767785,0.029627,0.031878924183012,0.013836,0.0390896099900519,0.01877,0.015286,-87.8939,KiDS,0
KIDS_15.0_-30.2,KIDS_15p0_m30p2_r_SDSS.V1.3.0A_KiDS-1347_GAaP_Gaia.fits,0.2571703380905514,0.0274688593392582,0.2482243896872298,0.0290478593392582,0.0185650627609761,0.058955,0.0196510764183725,0.061568,0.0550362772172775,0.064147,0.0568240575834591,0.066539,0.035759992027088,0.01454,0.0374169574984594,0.018026,0.0613336352499359,0.038903,0.0635823587423248,0.041438,0.018245,-86.4205,KiDS,0
KIDS_212.0_0.5,KIDS_212p0_0p5_r_SDSS.V1.3.0A_KiDS-1347_GAaP_Gaia.fits,0.1380556874358175,0.0470965943421997,0.1377635526337542,0.0472075943421997,0.0536014435334224,0.041856,0.0554273050854993,0.043613,0.0080192320268364,0.016711,0.0099347956185754,0.019697,0.0048680488061266,0.005945,0.0072317902160709,0.007746,0.0296700918923495,0.03181,0.0328936315098558,0.035163,0.033929,57.6394,KiDS,0
KIDS_190.0_-0.5,KIDS_190p0_m0p5_r_SDSS.V1.3.0A_KiDS-1347_GAaP_Gaia.fits,0.0872813984466727,-0.0253294997964506,0.1034827806897918,-0.0213694997964506,-0.0280834687777675,-0.043582,-0.0248392522240191,-0.036903,0.0015626344728248,0.003631,0.0067775980934326,0.009504,0.0095645004291171,0.007022,0.0154378646144363,0.01386,0.0703759633417903,0.067651,0.0789525861331691,0.07561,0.020075,62.226,KiDS,0
KIDS_336.1_-29.2,KIDS_336p1_m29p2_r_SDSS.V1.3.0A_KiDS-1347_GAaP_Gaia.fits,-0.0257896320830141,0.0238697142620465,-0.0155416160543557,0.0242027142620465,0.0004482979782478,0.028699,0.0045762602801107,0.03046,0.0387631254076024,0.048989,0.0407308197918917,0.051516,0.0918433219246267,0.082834,0.0933428600125445,0.084889,0.0694907596225419,0.063947,0.0722703188785809,0.066196,0.014003,-57.6252,KiDS,0
KIDS_48.2_-32.1,KIDS_48p2_m32p1_r_SDSS.V1.3.0A_KiDS-1347_GAaP_Gaia.fits,0.1103286716712124,0.015570880106097,0.1211170774942624,0.016915880106097,-0.0374579523299111,-0.016235,-0.0342641047470596,-0.01527,0.0251205996787758,0.04109,0.026891017526991,0.043419,0.0305959200785022,0.031112,0.0311044499558905,0.031532,-0.0133022414416311,-0.015928,-0.0102982736082773,-0.012978,0.013378,-58.9589,KiDS,0
KIDS_350.8_-30.2,KIDS_350p8_m30p2_r_SDSS.V1.3.0A_KiDS-1347_GAaP_Gaia.fits,0.0469396152605259,-0.1153518992219777,0.0533275860196797,-0.1148908992219777,0.0350519512568235,0.032386,0.0361710666780634,0.03533,0.3715221923448273,0.382017,0.3732169547559896,0.384241,0.0418953657080279,0.047358,0.0438358793780566,0.051454,0.0255863918152917,0.0316,0.0283926239330877,0.035244,0.01561,-70.4345,KiDS,0
KIDS_168.5_2.5,KIDS_168p5_2p5_r_SDSS.V1.3.0A_KiDS-1347_GAaP_Gaia.fits,-0.0936435386509179,-0.2199303205439689,-0.0638235847469962,-0.2199303205439689,0.1513278148819302,0.143876,0.1577516320483932,0.150016,-0.0938124226700058,-0.086629,-0.0896433020163719,-0.081535,0.0438078262018038,0.049588,0.048768413983871,0.05324,0.0123395165627305,0.022511,0.0158078008014723,0.025995,0.03369,56.0496,KiDS,0
KIDS_131.0_-0.5,KIDS_131p0_m0p5_r_SDSS.V1.3.0A_KiDS-1347_GAaP_Gaia.fits,0.0346598871113264,0.0340264450088053,0.0360326462250151,0.0378174450088053,0.0147712807178406,0.015558,0.0177855303731745,0.018202,-0.0047572067291183,0.006968,-0.0011103216361684,0.010616,0.0441194337995372,0.04911,0.0483448643978066,0.052847,0.0374841049132481,0.043241,0.0416350379421111,0.047403,0.026637,24.5506,KiDS,0
KIDS_45.6_-29.2,KIDS_45p6_m29p2_r_SDSS.V1.3.0A_KiDS-1347_GAaP_Gaia.fits,0.2716926876819701,0.0704823294357858,0.2750919374502291,0.0702883294357858,-0.0043728478402419,0.000809,-0.0025500577612792,0.002893,-0.1098537649439674,-0.095291,-0.1076886880684891,-0.091242,0.044345281120589,0.041896,0.0475912503292503,0.044364,0.0518232528450075,0.048414,0.0554639045010998,0.049626,0.01493,-61.1806,KiDS,0
KIDS_16.8_-34.1,KIDS_16p8_m34p1_r_SDSS.V1.3.0A_KiDS-1347_GAaP_Gaia.fits,0.1512503180760741,-0.02223089587647,0.1400452977821376,-0.02665089587647,0.0271347332447626,0.037006,0.0282010178082451,0.038272,0.031207323874416,0.042392,0.0335918237500734,0.046358,0.0815891483318069,0.073915,0.0856826463795975,0.077902,0.156922580231197,0.141797,0.1622754165893542,0.147579,0.015752,-82.2452,KiDS,0
KIDS_24.3_-35.1,KIDS_24p3_m35p1_r_SDSS.V1.3.0A_KiDS-1347_GAaP_Gaia.fits,0.0560550776194653,-0.129407635206092,0.0531683985705547,-0.1281556352060921,-0.0836943797339298,-0.058803,-0.0836584637932391,-0.057881,0.0368050490650638,0.04986,0.0408576577756699,0.052479,0.0460379714603072,0.039048,0.0502622671444812,0.041816,0.0586947972080296,0.050462,0.0642188379993158,0.053534,0.014129,-77.3644,KiDS,0
KIDS_47.1_-32.1,KIDS_47p1_m32p1_r_SDSS.V1.3.0A_KiDS-1347_GAaP_Gaia.fits,0.2397873536564272,0.0860378165474816,0.249559895308112,0.0871738165474816,-0.0585354204412376,-0.034648,-0.0556748085484655,-0.032945,0.0407511621062642,0.05495,0.0435068995000951,0.058454,0.0178988690194448,0.020486,0.021189742975542,0.022027,0.0445035186344687,0.045043,0.0483961096929622,0.047691,0.010584,-59.9914,KiDS,0
KIDS_345.3_-28.2,KIDS_345p3_m28p2_r_SDSS.V1.3.0A_KiDS-1347_GAaP_Gaia.fits,0.0415334353596068,-0.0689204936221876,0.0346781950362962,-0.0689204936221876,0.0567191092862615,0.056936,0.057089371846405,0.058429,0.0473519063494172,0.056433,0.0497445115105113,0.058337,0.0595319829618088,0.064197,0.0630013835967241,0.067,0.0533116408331699,0.05278,0.0572895165837989,0.055439,0.027492,-65.6482,KiDS,0
KIDS_198.0_0.5,KIDS_198p0_0p5_r_SDSS.V1.3.0A_KiDS-1347_GAaP_Gaia.fits,0.0260853036210751,0.024347142085229,0.0417257894875449,0.025123142085229,0.0173916397497612,0.028538,0.0238950139139008,0.030301,-0.0150637209541994,-0.009844,-0.0124738511895982,-0.00739,0.0483445077800708,0.047492,0.0507152728504475,0.050168,0.0470029842798111,0.047971,0.0512120930106754,0.049731,0.028758,62.9259,KiDS,0
KIDS_4.6_-30.2,KIDS_4p6_m30p2_r_SDSS.V1.3.0A_KiDS-1347_GAaP_Gaia.fits,0.1757427075218661,-0.0486275352505691,0.1816787939285528,-0.0474825352505691,0.0525998894937356,0.056169,0.0585099919785662,0.058552,-0.0097026473155569,0.00171,-0.0056547052179953,0.006603,-0.0016909293817915,-0.006684,0.002806836136754,-0.00357,0.0276755680316054,0.024549,0.0324366905143007,0.027772,0.018858,-82.1231,KiDS,0
KIDS_231.0_1.5,KIDS_231p0_1p5_r_SDSS.V1.3.0A_KiDS-1347_GAaP_Gaia.fits,0.0486418374122829,-0.0353887246344683,0.0528803309580956,-0.0353367246344683,0.1022641214619245,0.085589,0.1051688260953057,0.087528,0.0402391214144431,0.043378,0.0431930610019245,0.045534,0.0498951765797232,0.052549,0.0529595424110368,0.054661,-0.0706213093158654,-0.067927,-0.0677727643025019,-0.06457,0.047124,45.3577,KiDS,0
KIDS_46.8_-34.1,KIDS_46p8_m34p1_r_SDSS.V1.3.0A_KiDS-1347_GAaP_Gaia.fits,0.1995123499720235,0.0491401408405071,0.2127407496264504,0.0491401408405071,-0.050083767917391,-0.030501,-0.0471376720101006,-0.029136,0.0378372964243687,0.049763,0.0400124943517066,0.052967,0.042060964697388,0.032379,0.0436926543254896,0.03469,0.0547786668420035,0.04966,0.0592823732958294,0.051665,0.014461,-60.116,KiDS,0
KIDS_171.0_-0.5,KIDS_171p0_m0p5_r_SDSS.V1.3.0A_KiDS-1347_GAaP_Gaia.fits,1.3062217302593435,-0.0452424196023451,0.8517462920887066,-0.0462314196023452,0.371740307684214,0.030577,0.2399223553645835,0.035529,0.0267934056128128,0.030531,0.0290580775208764,0.035776,0.0786104971704113,0.072986,0.0834601170541045,0.076186,-1.111369426257241,0.075761,-0.9579408872901958,0.081867,0.028378,55.2862,KiDS,2
KIDS_46.2_-35.1,KIDS_46p2_m35p1_r_SDSS.V1.3.0A_KiDS-1347_GAaP_Gaia.fits,0.0571761940547592,-0.0592109998032194,0.0577983266397775,-0.0578919998032194,-0.004981974857909,0.004059,-0.0051393707177676,0.006812,0.0419793171553429,0.054659,0.0442546675891742,0.057788,0.028602192201846,0.023152,0.0327011440537532,0.027023,-0.0241051113264562,-0.028747,-0.0193313332747785,-0.026357,0.015024,-60.4934,KiDS,0
KIDS_27.3_-29.2,KIDS_27p3_m29p2_r_SDSS.V1.3.0A_KiDS-1347_GAaP_Gaia.fits,0.1989545403978678,-0.0640624194563264,0.2180583763778564,-0.0632494194563264,0.0512133390876615,0.056234,0.0589127805462709,0.058429,0.0582960064316862,0.070553,0.0614971941043892,0.072913,0.0389823390313606,0.021078,0.040825113759137,0.023976,-0.0483320845767985,-0.062784,-0.0470642738215955,-0.059378,0.013747,-77.0946,KiDS,0
KIDS_212.0_1.5,KIDS_212p0_1p5_r_SDSS.V1.3.0A_KiDS-1347_GAaP_Gaia.fits,0.111657789292419,0.0147637291157698,0.1228196812793577,0.0157627291157698,0.0540168593548871,0.033209,0.059121207106955,0.036996,0.0460727489269659,0.048275,0.0497250027587915,0.05185,0.0108506651147348,0.01065,0.0144128790148321,0.015373,0.0241659388356292,0.023076,0.0279663123933532,0.028047,0.031539,58.4735,KiDS,0
KIDS_224.6_-2.5,KIDS_224p6_m2p5_r_SDSS.V1.3.0A_KiDS-1347_GAaP_Gaia.fits,0.0901410609625678,0.0574758532608039,0.0916776336169224,0.0582908532608039,0.0239868550710298,0.032344,0.0264094725618818,0.033948,0.006786236721013,0.010809,0.0092921489629796,0.012875,0.0472536827386134,0.047052,0.0510210516060858,0.050423,0.063075887493878,0.064514,0.0680819847462666,0.069652,0.079278,47.4074,KiDS,0
KIDS_30.0_-34.1,KIDS_30p0_m34p1_r_SDSS.V1.3.0A_KiDS-1347_GAaP_Gaia.fits,0.168790052130569,-0.0503738387828487,0.1711483468837276,-0.0482808387828486,0.0295094843433429,0.031757,0.0337259154612828,0.034955,0.0646955316073448,0.077144,0.0675971196702397,0.080397,0.0357666121019493,0.0306,0.0374577983183957,0.033685,0.0372646530853336,0.034679,0.0412929561218113,0.037185,0.012642,-73.7189,KiDS,0
KIDS_15.4_-33.1,KIDS_15p4_m33p1_r_SDSS.V1.3.0A_KiDS-1347_GAaP_Gaia.fits,0.1324289515181039,-0.0509208091135647,0.1310137598104691,-0.0508708091135647,0.0371175423512682,0.043898,0.0383860469171566,0.047438,-0.0231269059314941,-0.004189,-0.0197348910507505,-0.002448,0.0602110593323973,0.059393,0.064328666938077,0.062328,0.0444498057575977,0.048444,0.0495613622480597,0.051425,0.01769,-83.2975,KiDS,0
KIDS_17.5_-31.2,KIDS_17p5_m31p2_r_SDSS.V1.3.0A_KiDS-1347_GAaP_Gaia.fits,0.1524517419823235,-0.0295234005490193,0.1529189286695538,-0.0283324005490193,-0.0033999994061802,0.021556,0.0027752455332496,0.022924,-0.0170196179096912,-0.003803,-0.0134474182490235,-0.001691,0.0959662960883288,0.077975,0.0983369120350913,0.08274,0.0669694030315241,0.046645,0.069868540261971,0.050391,0.021866,-84.3075,KiDS,0
KIDS_338.6_-28.2,KIDS_338p6_m28p2_r_SDSS.V1.3.0A_KiDS-1347_GAaP_Gaia.fits,0.1140233439313841,0.037239500659519,0.1124420774159851,0.039074500659519,0.0366139909313451,0.033693,0.037640388130589,0.036034,0.01674254493425,0.029777,0.0184693599394259,0.032306,0.0693158115400217,0.071905,0.0722820139204491,0.073566,0.0364900900976186,0.043352,0.0400889935983347,0.045884,0.016128,-59.6943,KiDS,0
KIDS_16.1_-30.2,KIDS_16p1_m30p2_r_SDSS.V1.3.0A_KiDS-1347_GAaP_Gaia.fits,0.0586750605646604,-0.0377557111157244,0.0673499310527721,-0.0368297111157244,0.0285274810336602,0.039771,0.0309386289065493,0.043775,0.0001235500458612,0.013276,0.0032202777933095,0.014218,0.0451671493056869,0.040308,0.0481951877533506,0.043089,0.0472331670117432,0.041778,0.0516927904692154,0.045963,0.016845,-85.8148,KiDS,0
KIDS_233.0_0.5,KIDS_233p0_0p5_r_SDSS.V1.3.0A_KiDS-1347_GAaP_Gaia.fits,-0.0682073127683775,-0.119646185293628,-0.0666021888199093,-0.119856185293628,0.0689351173703418,0.063975,0.0706218045825535,0.065791,0.0370786695326957,0.039748,0.0383340450579613,0.04128,0.0193068358635038,0.017835,0.0207757281100303,0.02005,0.0217078147542434,0.018659,0.023031168765153,0.021778,0.052872,43.1766,KiDS,0
KIDS_345.0_-30.2,KIDS_345p0_m30p2_r_SDSS.V1.3.0A_KiDS-1347_GAaP_Gaia.fits,0.090849600930998,0.1045850104253323,0.1076848250260004,0.1047380104253323,-0.0001287316255239,0.020515,0.0029419216745789,0.02223,0.0387445415845833,0.047684,0.0415430537342832,0.049525,0.0523627786162114,0.039322,0.0556299664261657,0.042787,0.0674815256384925,0.056539,0.0714056704511187,0.06046,0.018938,-65.4701,KiDS,0
KIDS_215.0_0.5,KIDS_215p0_0p5_r_SDSS.V1.3.0A_KiDS-1347_GAaP_Gaia.fits,0.095082471691913,0.0212443520009583,0.0922646405356844,0.0221203520009583,0.0392668274162058,0.03029,0.0408477463246153,0.033247,0.0413332622791329,0.051173,0.0446245900039544,0.054305,0.004890877842379,0.008025,0.0105949815216308,0.011483,0.0153185071155339,0.018318,0.0192794794595776,0.021135,0.031351,55.9376,KiDS,0
KIDS_176.5_-2.5,KIDS_176p5_m2p5_r_SDSS.V1.3.0A_KiDS-1347_GAaP_Gaia.fits,0.021114385375654,-0.0653154157054866,0.0238525209800413,-0.0652674157054866,0.019114165403962,0.023014,0.0215188175453963,0.024869,0.0047010547977267,0.017427,0.0091786333970636,0.021647,0.0650305802418583,0.059456,0.0697410770629433,0.064749,0.0610198383413335,0.060766,0.0677295898486586,0.06471,0.018348,56.454,KiDS,0
KIDS_352.0_-29.2,KIDS_352p0_m29p2_r_SDSS.V1.3.0A_KiDS-1347_GAaP_Gaia.fits,0.072414441400203,0.0163375954725423,0.0868349637084773,0.0164185954725423,0.0343141500011223,0.031998,0.0384826139574169,0.037746,0.0204065407386964,0.028386,0.0229903810695338,0.030404,0.0504142377078285,0.048164,0.0526760832221623,0.05211,0.1222795749991527,0.121154,0.1250189160183607,0.12377,0.021458,-71.5247,KiDS,0
KIDS_135.0_-0.5,KIDS_135p0_m0p5_r_SDSS.V1.3.0A_KiDS-1347_GAaP_Gaia.fits,0.1741789429948826,0.1484930815198051,0.1746709540637016,0.1482240815198051,0.0257180742825268,0.017071,0.0282402982341392,0.019388,0.0453661095936524,0.053255,0.0481466484414344,0.055763,0.0525488714890137,0.05929,0.0562711042671987,0.061833,0.0295565865998028,0.03117,0.0328652809381685,0.033851,0.027866,27.9849,KiDS,0
KIDS_38.4_-28.2,KIDS_38p4_m28p2_r_SDSS.V1.3.0A_KiDS-1347_GAaP_Gaia.fits,0.0744392354741967,-0.158144592050224,0.1097941532178311,-0.154901592050224,0.0144418973482043,0.036588,0.0227831758023008,0.040142,0.0462081386565214,0.057535,0.0498184775827313,0.061347,0.0747190559330124,0.051503,0.076691174171297,0.053851,0.0497359049704832,0.030252,0.0544382165527483,0.035253,0.012878,-67.4153,KiDS,0
KIDS_354.4_-27.2,KIDS_354p4_m27p2_r_SDSS.V1.3.0A_KiDS-1347_GAaP_Gaia.fits,0.0151910252795327,-0.1150367161326036,0.0219481818305076,-0.1139877161326036,0.1030271803643665,0.107889,0.1035502003515748,0.110122,0.0309680292261256,0.041091,0.0347385328296679,0.045139,0.0489143833682654,0.052559,0.053153982861767,0.054807,0.0475466349282006,0.051135,0.0536357269317585,0.052969,0.015783,-73.5961,KiDS,0
KIDS_329.4_-32.1,KIDS_329p4_m32p1_r_SDSS.V1.3.0A_KiDS-1347_GAaP_Gaia.fits,0.1099744042035999,0.018228270252589,0.1171084488508542,0.019087270252589,0.07537683178453,0.066968,0.0780109228509242,0.068809,0.0136232984360256,0.023257,0.0152221065634639,0.025481,0.0553073412993993,0.055375,0.0568848698387486,0.059411,0.0411003152575162,0.044551,0.0432027266427585,0.046946,0.024997,-52.1637,KiDS,0
KIDS_29.2_-27.2,KIDS_29p2_m27p2_r_SDSS.V1.3.0A_KiDS-1347_GAaP_Gaia.fits,0.2206265530794061,0.021090430588027,0.222407039637142,0.021603430588027,-0.0774686688511677,-0.074037,-0.0747505696668343,-0.0698,0.0158318173668009,0.030035,0.0184258174887444,0.032192,0.0357168780565436,0.03388,0.0383940250205022,0.037816,0.0333697222846376,0.028034,0.0342435751138554,0.030378,0.011482,-75.5177,KiDS,0
KIDS_14.4_-34.1,KIDS_14p4_m34p1_r_SDSS.V1.3.0A_KiDS-1347_GAaP_Gaia.fits,0.1557413123167141,0.0844194048480591,0.1732091400344383,0.0848234048480591,0.008749548669951,0.034611,0.0126285781994465,0.037083,0.0177699149609594,0.034318,0.0192435134795193,0.035955,0.0510738568618161,0.032255,0.0534249823264011,0.033892,0.0968329900818281,0.084431,0.0987546503059025,0.086413,0.015307,-83.1222,KiDS,0
KIDS_337.6_-27.2,KIDS_337p6_m27p2_r_SDSS.V1.3.0A_KiDS-1347_GAaP_Gaia.fits,0.0705874177550971,0.0561330466366683,0.140732837804898,0.0566160466366683,-0.074786212704085,-0.050039,-0.0698915136395932,-0.048364,-0.0817193204443875,-0.068649,-0.0802019365585144,-0.066594,0.0760282137202307,0.072309,0.0812886330555674,0.074107,0.042512904271969,0.039969,0.0447918317885785,0.04188,0.015903,-58.7197,KiDS,0
KIDS_34.1_-35.1,KIDS_34p1_m35p1_r_SDSS.V1.3.0A_KiDS-1347_GAaP_Gaia.fits,-0.0700976819322649,-0.370363663960889,-0.0671608767408925,-0.369667663960889,0.008685672702426,0.00776,0.0116340099722673,0.011531,-0.113320653241883,-0.103522,-0.1106083739711531,-0.098908,0.0839452772722553,0.06858,0.0872778777798037,0.072729,-0.0741635112603645,-0.082515,-0.0683004851695332,-0.079312,0.013337,-70.2233,KiDS,0
KIDS_50.6_-30.2,KIDS_50p6_m30p2_r_SDSS.V1.3.0A_KiDS-1347_GAaP_Gaia.fits,0.2446301822775926,0.1501353476361787,0.2454438447254598,0.1582853476361786,0.009988362663852,0.015215,0.0079344975618012,0.015832,0.0526979155852172,0.06501,0.0547170599471554,0.065968,0.0388955599555596,0.039181,0.0446567550330092,0.041732,-0.0558067934969353,-0.059826,-0.0507076533156468,-0.056862,0.011506,-56.8829,KiDS,0
KIDS_21.9_-35.1,KIDS_21p9_m35p1_r_SDSS.V1.3.0A_KiDS-1347_GAaP_Gaia.fits,0.0646246743432507,-0.1109726869696203,0.0819774344042171,-0.1103526869696203,0.0419631530641668,0.051639,0.0454285502573086,0.056197,-0.0947880299560081,-0.08227,-0.0912605832316714,-0.078816,0.0535527304273807,0.053324,0.0593635484439873,0.056291,-0.0533606525845709,-0.059222,-0.0502215177473006,-0.056955,0.017517,-78.8875,KiDS,0
KIDS_220.0_0.5,KIDS_220p0_0p5_r_SDSS.V1.3.0A_KiDS-1347_GAaP_Gaia.fits,0.0435003230827077,-0.0249092526884172,0.0452470261996787,-0.0239072526884172,0.0794490249696528,0.065796,0.0822716310694642,0.068139,0.0237608332954351,0.025831,0.0261143584284427,0.028313,0.0587880091800657,0.057303,0.061822995584742,0.060642,0.0278552850838403,0.026126,0.0314269605517093,0.029753,0.039065,52.7453,KiDS,0
KIDS_133.0_-0.5,KIDS_133p0_m0p5_r_SDSS.V1.3.0A_KiDS-1347_GAaP_Gaia.fits,0.0349521617969304,0.0670174697928596,0.0320625955488603,0.0671544697928596,0.0355545582467946,0.048278,0.0353042400910741,0.049894,0.0430361636093157,0.053913,0.0444837769186255,0.055844,0.0731705556524797,0.068932,0.0759098387794032,0.071006,0.0672814547689677,0.062773,0.0702368569135418,0.065343,0.024099,26.2776,KiDS,0
KIDS_340.6_-29.2,KIDS_340p6_m29p2_r_SDSS.V1.3.0A_KiDS-1347_GAaP_Gaia.fits,0.1250784515173722,0.0497035955735052,0.1337666229658619,0.0497575955735052,-0.0068773152485669,-0.015293,-0.0036640471252997,-0.014568,-0.0518548783539113,-0.043481,-0.0497483863696621,-0.042006,0.0433959643615504,0.04584,0.0449021035459552,0.048325,0.038878051160649,0.041433,0.0418118044038249,0.043951,0.014665,-61.5958,KiDS,0
KIDS_331.2_-30.2,KIDS_331p2_m30p2_r_SDSS.V1.3.0A_KiDS-1347_GAaP_Gaia.fits,0.0070934053171863,-0.010926330913946,0.0281097809941256,-0.010549330913946,0.0083380697546488,0.012056,0.0145272060925207,0.013653,-0.0292552619128074,-0.025222,-0.0271981522365076,-0.022704,0.040573371119204,0.034366,0.0420365985255262,0.036295,0.0777729315069246,0.070943,0.0795025862252666,0.072904,0.018317,-53.5714,KiDS,0
KIDS_161.4_3.5,KIDS_161p4_3p5_r_SDSS.V1.3.0A_KiDS-1347_GAaP_Gaia.fits,0.205990529015998,-0.0068138064652822,0.2116111988082299,-0.0057148064652822,-0.0742678360338842,-0.093406,-0.0672855366294771,-0.089382,0.0031732648245098,0.013159,0.0078826629231963,0.018478,0.1598868687248935,0.165335,0.164043919035482,0.16904,-0.0882523412248834,-0.084128,-0.0847063557840464,-0.080719,0.03703,51.7775,KiDS,0
KIDS_343.0_-35.1,KIDS_343p0_m35p1_r_SDSS.V1.3.0A_KiDS-1347_GAaP_Gaia.fits,0.0336642590023694,-0.0208720550985414,0.0381477669293592,-0.0200670550985414,-0.1220513886717703,-0.115503,-0.1214522956308386,-0.113797,0.0503848466400805,0.059541,0.0524218701213077,0.061193,0.0624812068392907,0.060046,0.0668021167128216,0.063192,0.046113059916378,0.041604,0.0480650438516503,0.042931,0.011598,-63.3076,KiDS,0
KIDS_238.0_0.5,KIDS_238p0_0p5_r_SDSS.V1.3.0A_KiDS-1347_GAaP_Gaia.fits,0.107734492147419,0.0104810125131954,0.1063868971827077,0.0115410125131954,0.0626503088196819,0.046194,0.0631966797850333,0.047601,0.0162607789561382,0.020182,0.0182970144704924,0.021732,0.0355698445240905,0.0419,0.0378823328967522,0.044583,0.0650289823636881,0.073678,0.0680718342504942,0.075944,0.075077,39.1762,KiDS,0
KIDS_129.0_-0.5,KIDS_129p0_m0p5_r_SDSS.V1.3.0A_KiDS-1347_GAaP_Gaia.fits,0.0700994595299226,0.0584184466576251,0.0673505358262265,0.0586824466576251,0.0600381548146265,0.047915,0.0599187108052322,0.04955,0.02320762771001,0.031797,0.0247726261371253,0.033169,0.0261820905771096,0.032797,0.0284230854992351,0.03481,0.0399563904682275,0.046264,0.0424540435880948,0.048244,0.035057,22.8408,KiDS,0
KIDS_197.5_-2.5,KIDS_197p5_m2p5_r_SDSS.V1.3.0A_KiDS-1347_GAaP_Gaia.fits,-0.056826419022357,-0.1146734815146116,-0.0547099769537752,-0.1119964815146116,-0.1173279074873827,-0.129919,-0.1162626281605241,-0.127009,0.0090803902550589,0.011579,0.0119950153920914,0.014404,0.0354365492347206,0.032824,0.0388692379936123,0.035352,0.0352679594813108,0.032819,0.0379688030243871,0.034652,0.024932,60.0621,KiDS,0
KIDS_164.0_-1.5,KIDS_164p0_m1p5_r_SDSS.V1.3.0A_KiDS-1347_GAaP_Gaia.fits,-0.0884599837302312,-0.2213303362349606,-0.0762008999634255,-0.2197883362349606,0.0858975685831021,0.065875,0.0896385711170778,0.068386,-0.0323861200174299,-0.029971,-0.0301262128150158,-0.02735,0.0326773468281901,0.035044,0.0339460299597464,0.038317,0.0196248196035074,0.025458,0.0228624434308809,0.027864,0.039138,50.1171,KiDS,0
KIDS_348.8_-27.2,KIDS_348p8_m27p2_r_SDSS.V1.3.0A_KiDS-1347_GAaP_Gaia.fits,-0.0008821519788423,-0.1235064387139019,0.0168434241806321,-0.1235064387139019,0.0484456676888208,0.042291,0.0520518217551911,0.045423,0.0115048677760483,0.017958,0.0151609312479448,0.021191,0.0298188905768084,0.034915,0.0328662119222556,0.038329,-0.0724885486536267,-0.059592,-0.0673856619442726,-0.057362,0.027415,-68.5966,KiDS,0
KIDS_210.6_3.5,KIDS_210p6_3p5_r_SDSS.V1.3.0A_KiDS-1347_GAaP_Gaia.fits,-0.0426872761569013,-0.1085073459561619,-0.0436595875171089,-0.1075403459561619,-0.0671929232712729,-0.065972,-0.0639233666671812,-0.061785,-0.0073637725007968,0.006054,-0.0027217072447344,0.009262,0.0609605380282221,0.064582,0.066863572185378,0.068199,0.0501012375838156,0.050115,0.0534956496996763,0.053128,0.024969,60.8934,KiDS,0
KIDS_39.6_-34.1,KIDS_39p6_m34p1_r_SDSS.V1.3.0A_KiDS-1347_GAaP_Gaia.fits,0.0708942261204436,0.0001445651342063,0.093866599995937,0.0010895651342063,-0.003017845152073,0.027842,-0.0018179389835147,0.030001,0.0178549939487227,0.035249,0.0196538129835955,0.037484,0.1143597117148453,0.100574,0.1163709959471869,0.101974,0.041753813479373,0.043775,0.0438999194378958,0.046626,0.021099,-65.7053,KiDS,0
KIDS_13.7_-29.2,KIDS_13p7_m29p2_r_SDSS.V1.3.0A_KiDS-1347_GAaP_Gaia.fits,-0.0454459706837707,-0.1022205200036301,-0.0510040233601873,-0.1015525200036301,-0.0461732747073887,-0.02612,-0.0478701949618475,-0.023073,0.0445417046666994,0.054216,0.0478991233989086,0.056265,0.0491807914026773,0.03629,0.0556431503971706,0.040545,0.0489506278057528,0.040013,0.0547716818366408,0.042942,0.014821,-87.7945,KiDS,0
KIDS_233.6_2.5,KIDS_233p6_2p5_r_SDSS.V1.3.0A_KiDS-1347_GAaP_Gaia.fits,-0.012616684165837,-0.1057213526226933,-0.007830452693507,-0.1045883526226933,-0.8489729900500396,-0.863573,-0.8468428379503858,-0.86271,-0.1783249089193818,-0.16998,-0.1772799221861531,-0.167939,0.0089792296389102,0.053693,0.0121037146348942,0.056007,0.047734191330918,0.072663,0.0509420029663043,0.074854,0.041178,43.8579,KiDS,0
KIDS_189.0_-1.5,KIDS_189p0_m1p5_r_SDSS.V1.3.0A_KiDS-1347_GAaP_Gaia.fits,-0.1208729025129065,-0.1891640298648019,-0.1126341654949922,-0.1878600298648019,-0.0686553048291709,-0.071341,-0.0651052231440773,-0.068765,0.0021390772256989,0.009868,0.0069109276690456,0.014134,0.058391089401321,0.057865,0.0641701344942767,0.06165,0.0123875147411333,0.00995,0.0189472360092286,0.011657,0.021771,61.1261,KiDS,0
KIDS_15.7_-27.2,KIDS_15p7_m27p2_r_SDSS.V1.3.0A_KiDS-1347_GAaP_Gaia.fits,0.0421458371298816,0.0552091925783044,0.0516214829138835,0.0555611925783044,-0.1207822846910923,-0.085449,-0.1180647861304212,-0.081685,-0.0101325445178387,0.001515,-0.0071877558265955,0.004819,0.0544919314225924,0.042147,0.058792195653299,0.04661,-0.0578052097946685,-0.067016,-0.0531936261345825,-0.062362,0.01543,-87.4581,KiDS,0
KIDS_358.9_-27.2,KIDS_358p9_m27p2_r_SDSS.V1.3.0A_KiDS-1347_GAaP_Gaia.fits,0.0086703415711021,-0.0953787814720703,0.0111810310358801,-0.0893767814720702,-0.0430318016439182,-0.04659,-0.040836529398443,-0.045275,-0.1087109795176294,-0.094188,-0.1050629389004859,-0.090827,0.0447680119287668,0.052924,0.0493866633769691,0.05702,-0.0943759423630153,-0.082873,-0.091226511463575,-0.080781,0.016042,-77.5364,KiDS,0
KIDS_168.0_1.5,KIDS_168p0_1p5_r_SDSS.V1.3.0A_KiDS-1347_GAaP_Gaia.fits,0.1184814527025378,-0.0539686856452658,0.128860046142764,-0.0529186856452658,0.0550700099486235,0.030644,0.059483148963623,0.032814,-0.0749831959596484,-0.069526,-0.0718666925089971,-0.066031,-0.0447498501042481,-0.031281,-0.0415082470188234,-0.028221,-0.0028949054901948,0.015507,0.0019677813736033,0.019288,0.031381,54.9769,KiDS,0
KIDS_335.2_-28.2,KIDS_335p2_m28p2_r_SDSS.V1.3.0A_KiDS-1347_GAaP_Gaia.fits,0.0464813809651937,0.0681429803114035,0.0496663263849725,0.0683169803114035,0.0428765476218005,0.055853,0.0449750096726491,0.056499,0.0131358539076101,0.026648,0.0151142636046253,0.028355,0.026169784944659,0.022121,0.0283969307294755,0.02435,0.0453918600024642,0.041052,0.0477347382497506,0.044603,0.015377,-56.7418,KiDS,0
KIDS_19.2_-34.1,KIDS_19p2_m34p1_r_SDSS.V1.3.0A_KiDS-1347_GAaP_Gaia.fits,0.1271853411094349,-0.0650991286494366,0.1158160248781836,-0.0618681286494366,0.0458854368927564,0.052844,0.0474729195096114,0.057079,0.0274296644388978,0.038585,0.0304510307874924,0.041195,0.0111325227103229,0.001789,0.0159065413952285,0.005249,-0.0749993052378079,-0.076636,-0.0678699650417355,-0.073981,0.021711,-81.1302,KiDS,0
KIDS_2.4_-35.1,KIDS_2p4_m35p1_r_SDSS.V1.3.0A_KiDS-1347_GAaP_Gaia.fits,0.014391154073872,-0.0516682377770714,0.0180133407985007,-0.0514842377770714,-0.0660034018900127,-0.063528,-0.06498541890932,-0.060728,0.0411560521535361,0.053708,0.0433873732496566,0.054366,0.0211972911932211,0.021555,0.0242244083163695,0.024738,0.0588428362085559,0.059668,0.0608129725461913,0.062703,0.010656,-78.0083,KiDS,0
KIDS_336.0_-34.1,KIDS_336p0_m34p1_r_SDSS.V1.3.0A_KiDS-1347_GAaP_Gaia.fits,-0.1146901881831652,-0.1780144800327268,-0.109976110773716,-0.1774874800327268,0.017850697746454,0.024988,0.0213807691300478,0.026913,0.0190764289068351,0.032197,0.0219964589755848,0.034897,0.042040386607176,0.045707,0.0439467893662961,0.046364,-0.0087481318726462,-0.005041,-0.004906656223112,-0.002827,0.011899,-57.6994,KiDS,0
KIDS_47.1_-27.2,KIDS_47p1_m27p2_r_SDSS.V1.3.0A_KiDS-1347_GAaP_Gaia.fits,0.1604084772350821,0.0597873395331928,0.1782798438562879,0.0620503395331928,0.0234553020137501,0.031603,0.0266443093893053,0.033652,0.0312653652207478,0.048379,0.034608821972864,0.050348,0.0581319373690967,0.058192,0.0594536514732967,0.064255,0.0563981549141085,0.06181,0.0618895530242135,0.064568,0.013662,-59.6439,KiDS,0
KIDS_156.0_0.5,KIDS_156p0_0p5_r_SDSS.V1.3.0A_KiDS-1347_GAaP_Gaia.fits,0.1327503594581702,0.009201333322914,0.1240998048178006,0.010012333322914,0.0226016138612684,0.006703,0.0231356217439525,0.009728,0.0530567215973839,0.061779,0.0555624882240662,0.06312,0.0276614108782788,0.033746,0.030224315437414,0.037481,0.0524634858931291,0.057562,0.0573613373339261,0.063344,0.041908,45.7262,KiDS,0
KIDS_16.5_-32.1,KIDS_16p5_m32p1_r_SDSS.V1.3.0A_KiDS-1347_GAaP_Gaia.fits,0.1975862956895255,0.0575660387517505,0.2024194677683305,0.0575660387517505,0.0322442584156408,0.044717,0.0367466893807181,0.049269,0.0260284297669213,0.039084,0.0314218110657838,0.04246,0.0032817976190598,-0.002081,0.0091156339270086,0.00274,0.0186981042605181,0.015931,0.0229779820106987,0.019388,0.020397,-84.0737,KiDS,0
KIDS_216.0_-1.5,KIDS_216p0_m1p5_r_SDSS.V1.3.0A_KiDS-1347_GAaP_Gaia.fits,-0.0209243377629795,-0.0417467518475225,-0.0285750752694281,-0.0418147518475225,0.0360911008813802,0.034942,0.0339777403742879,0.036156,0.0448571989847753,0.050522,0.0475165946684349,0.052784,0.0713998613312983,0.070758,0.0776572261704929,0.074009,0.0837942371170895,0.105496,0.0953903014764434,0.108749,0.037946,53.7309,KiDS,0
KIDS_330.0_-34.1,KIDS_330p0_m34p1_r_SDSS.V1.3.0A_KiDS-1347_GAaP_Gaia.fits,0.0399874204789863,-0.0498269277305666,0.0320400836376313,-0.0491489277305665,-0.0194817464260841,-0.037202,-0.0183777943299892,-0.03242,0.0136013612915567,0.020297,0.0162636334074935,0.022975,0.0707460557881353,0.070996,0.073479433002816,0.074053,0.0479391316755891,0.05138,0.0521644278029009,0.054373,0.018728,-52.7234,KiDS,0
KIDS_348.7_-28.2,KIDS_348p7_m28p2_r_SDSS.V1.3.0A_KiDS-1347_GAaP_Gaia.fits,0.1281680850190977,0.0518910654043742,0.1312167844292123,0.0524820654043742,-0.0654122940010432,-0.058823,-0.0631585491554215,-0.056854,-0.0688635462544663,-0.057006,-0.0656419636124917,-0.054252,0.0534098800734605,0.05615,0.0564362977002603,0.058902,0.0285580824444439,0.03301,0.0333246136300549,0.035658,0.023825,-68.614,KiDS,0
KIDS_228.0_-1.5,KIDS_228p0_m1p5_r_SDSS.V1.3.0A_KiDS-1347_GAaP_Gaia.fits,-0.008313394494257,-0.0140304977230383,-0.0144163312657897,-0.0130424977230383,0.0850914906135364,0.092469,0.0845779045664893,0.09416,0.035661870947163,0.035194,0.0379270247753589,0.038085,0.0541975341454227,0.054478,0.0580451722971551,0.056753,-0.0873655260945507,-0.087251,-0.0825496316937641,-0.084677,0.074847,45.7103,KiDS,0
KIDS_160.4_-2.5,KIDS_160p4_m2p5_r_SDSS.V1.3.0A_KiDS-1347_GAaP_Gaia.fits,0.0715139772014015,-0.0776301130656181,0.0759506735371868,-0.0774661130656181,0.0507144319940879,0.027997,0.0540738973530499,0.030207,-0.0755463335456182,-0.067085,-0.0727244059732021,-0.063106,0.0210691983190356,0.035178,0.0230767853305072,0.037752,0.0114932344870851,0.027163,0.0146592771907897,0.028805,0.054173,46.9467,KiDS,0
KIDS_348.0_-34.1,KIDS_348p0_m34p1_r_SDSS.V1.3.0A_KiDS-1347_GAaP_Gaia.fits,0.1167032487158248,0.0371678608223564,0.1281480816606639,0.0375628608223564,0.0460605903450014,0.051529,0.0505677609994545,0.055271,0.026138223265241,0.037656,0.0297450012659444,0.039985,0.0011647672730849,-0.004339,0.0059468996852158,-0.001397,0.0659303326455333,0.058733,0.0698921786429089,0.063126,0.014762,-67.5542,KiDS,0
KIDS_224.0_-0.5,KIDS_224p0_m0p5_r_SDSS.V1.3.0A_KiDS-1347_GAaP_Gaia.fits,0.0251823374622089,-0.0670480521693189,0.0291574407300652,-0.0676600521693189,0.0581179902213219,0.046858,0.0601386391130575,0.048202,0.0521692443373101,0.05386,0.0540098146982957,0.055408,0.0576577593945919,0.058172,0.0594092504191555,0.060974,-0.0584533666688125,-0.058909,-0.0563687599511013,-0.056274,0.04663,49.2681,KiDS,0
KIDS_185.0_1.5,KIDS_185p0_1p5_r_SDSS.V1.3.0A_KiDS-1347_GAaP_Gaia.fits,0.0132836342522716,0.0336337816257089,0.0139427941489308,0.0357067816257089,0.0073693651581043,0.018453,0.0099240901192308,0.021687,0.0464685795959317,0.047596,0.0512456220058266,0.051732,0.060447440723178,0.04729,0.0666276576916967,0.05123,0.070096535900823,0.049424,0.0752377645139767,0.05613,0.018982,63.2789,KiDS,0
KIDS_29.4_-32.1,KIDS_29p4_m32p1_r_SDSS.V1.3.0A_KiDS-1347_GAaP_Gaia.fits,0.0332758182177277,-0.0398667478228168,0.0330309931306547,-0.0390337478228168,-0.0049114654500227,0.021306,-0.0042876402953401,0.022523,-0.1523830538869428,-0.126199,-0.1502430619265448,-0.123467,0.0059866699412577,0.013327,0.0089165017259354,0.015726,0.0302696520107058,0.032936,0.0319851878843313,0.036207,0.01494,-74.7677,KiDS,0
KIDS_19.4_-29.2,KIDS_19p4_m29p2_r_SDSS.V1.3.0A_KiDS-1347_GAaP_Gaia.fits,0.0325183463231312,-0.0864815556315072,0.0368447190617064,-0.0864995556315072,-0.0207079988751106,-0.021843,-0.0188078926225832,-0.015937,-0.0403218044274624,-0.028673,-0.0382379101613418,-0.025691,0.0745610720980917,0.078092,0.076483908998463,0.079155,0.0234817897867981,0.023231,0.0270094071040561,0.025207,0.014648,-83.8821,KiDS,0
KIDS_214.6_2.5,KIDS_214p6_2p5_r_SDSS.V1.3.0A_KiDS-1347_GAaP_Gaia.fits,0.0929634597890869,0.0366411606595338,0.0931757936263609,0.0410131606595338,0.0308178065267375,0.025162,0.0334012928069917,0.028862,0.0069998080102285,0.014324,0.0109581635224445,0.020002,-0.0046878290974507,-0.004361,-0.0009882221600804,0.000548,0.0141439186244372,0.016318,0.0204859390340969,0.02266,0.032156,57.7309,KiDS,0
KIDS_2.3_-28.2,KIDS_2p3_m28p2_r_SDSS.V1.3.0A_KiDS-1347_GAaP_Gaia.fits,0.0274347908792397,-0.0393653588109367,0.030706336207344,-0.0386753588109367,-0.0688241146499996,-0.061635,-0.0664186910032882,-0.058883,-0.0104531278626,0.002716,-0.0070778430652577,0.005292,0.0652216770177471,0.066183,0.0691514726361657,0.068144,0.0658869179386286,0.064661,0.070259577542711,0.06771,0.013295,-80.5234,KiDS,0
KIDS_343.2_-34.1,KIDS_343p2_m34p1_r_SDSS.V1.3.0A_KiDS-1347_GAaP_Gaia.fits,0.0532437759413697,-0.09943934462628,0.0558050387405543,-0.09869034462628,0.0293196692031391,0.04827,0.0292162138891773,0.051376,0.0298699372603513,0.038013,0.0308631399651138,0.040208,0.0410975477009192,0.028646,0.0423534978038092,0.031036,0.0637484669574479,0.057704,0.0644758119023687,0.060857,0.012148,-63.6343,KiDS,0
KIDS_346.9_-33.1,KIDS_346p9_m33p1_r_SDSS.V1.3.0A_KiDS-1347_GAaP_Gaia.fits,0.047368548319409,0.0178687984816571,0.041670010157189,0.0175427984816571,0.0713712335893524,0.082643,0.0693705422287954,0.083028,-0.0056242275360011,0.003304,-0.0026181287354253,0.005231,0.0715385435818114,0.066888,0.0757341101184324,0.068666,-0.0397394957131056,-0.044971,-0.0337228229994595,-0.043113,0.015468,-66.8549,KiDS,0
KIDS_45.6_-34.1,KIDS_45p6_m34p1_r_SDSS.V1.3.0A_KiDS-1347_GAaP_Gaia.fits,0.122373534178357,0.0158510341208126,0.1117400952129751,0.0190590341208126,-0.0570884472362056,-0.037737,-0.056440248848128,-0.036026,-7.98523293864945e-05,0.017593,0.0018504782195739,0.019242,0.0274207809511846,0.02908,0.0298587218028699,0.03178,0.0205862608647334,0.019154,0.0241587206863434,0.022957,0.017195,-61.0979,KiDS,0
KIDS_180.5_3.5,KIDS_180p5_3p5_r_SDSS.V1.3.0A_KiDS-1347_GAaP_Gaia.fits,0.1290510448522212,0.0422127584893127,0.1341247338105064,0.0427767584893127,0.0428173796134154,0.043372,0.0468126915968935,0.047994,0.002514776567597,0.009979,0.0070284044719791,0.013951,0.069649369945806,0.075355,0.0748261215324469,0.078441,0.0309898577535234,0.030181,0.0355273631184679,0.034141,0.021445,63.5374,KiDS,0
KIDS_42.8_-33.1,KIDS_42p8_m33p1_r_SDSS.V1.3.0A_KiDS-1347_GAaP_Gaia.fits,0.1727404630863044,0.0251033137420444,0.160829816027417,0.0253623137420444,0.0309088879115366,0.034386,0.0297506574081989,0.035443,0.0151883532159425,0.031421,0.0171734032463911,0.033421,0.0459394688255329,0.049818,0.0506335936623193,0.052952,-0.0388898502175755,-0.034241,-0.0337213986683259,-0.030899,0.021841,-63.5201,KiDS,0
KIDS_201.6_-2.5,KIDS_201p6_m2p5_r_SDSS.V1.3.0A_KiDS-1347_GAaP_Gaia.fits,0.1608914548065095,0.0698133980798839,0.1661659798250654,0.0706873980798839,0.1046335962296873,0.08911,0.1080652872507436,0.092176,-0.0042135079413533,-0.001087,-0.0017381890424074,0.001543,0.054021383907387,0.053172,0.0563487571885611,0.056399,0.0431795211679938,0.042147,0.0454838198392446,0.045831,0.032144,59.1948,KiDS,0
KIDS_339.0_-31.2,KIDS_339p0_m31p2_r_SDSS.V1.3.0A_KiDS-1347_GAaP_Gaia.fits,0.0957384771746774,0.0881772539191024,0.1108060286839243,0.0904502539191024,0.0096845925113928,0.023037,0.0158680618226374,0.025845,0.0120194590418801,0.027374,0.0146175445723498,0.029914,-0.0552954518291472,-0.055135,-0.0537327330502736,-0.051607,0.0368668427520526,0.037293,0.0400394726104009,0.040613,0.012197,-60.2906,KiDS,0
KIDS_47.8_-31.2,KIDS_47p8_m31p2_r_SDSS.V1.3.0A_KiDS-1347_GAaP_Gaia.fits,0.1779148086020281,0.0123869186680251,0.1911605479730979,0.0123869186680251,0.05689318029858,0.068821,0.0562782158395271,0.071263,0.0063669026134821,0.026017,0.0087690966087739,0.027998,0.1051062616729922,0.102177,0.1080226241960727,0.102153,-0.0218774652019536,-0.025519,-0.0162971788789545,-0.021487,0.0133,-59.352,KiDS,0
KIDS_356.6_-27.2,KIDS_356p6_m27p2_r_SDSS.V1.3.0A_KiDS-1347_GAaP_Gaia.fits,-0.0046438752544869,-0.0777081651896262,0.0193732789921062,-0.0776691651896262,-0.0038868411009629,0.010917,0.002577492955241,0.015115,0.0754936448329802,0.08248,0.0791964375253049,0.087858,0.0863356078470556,0.079883,0.0871886105547895,0.083915,0.0634299584205364,0.057766,0.0672493196260855,0.060845,0.016737,-75.5851,KiDS,0
KIDS_52.4_-29.2,KIDS_52p4_m29p2_r_SDSS.V1.3.0A_KiDS-1347_GAaP_Gaia.fits,0.156379375719679,-0.0222383681089747,0.1589135935145102,-0.0215483681089747,0.0136211547971679,0.028172,0.0133395835890057,0.030788,0.0096505749457019,0.022612,0.0127813907275383,0.025822,0.0414452670094824,0.028277,0.0477275726652118,0.03074,0.0677124459325624,0.057517,0.0731258496415085,0.06054,0.007549,-55.2316,KiDS,0
KIDS_22.6_-28.2,KIDS_22p6_m28p2_r_SDSS.V1.3.0A_KiDS-1347_GAaP_Gaia.fits,0.0957484915090099,-0.0983672444505349,0.1076308602069303,-0.0983362444505349,-0.0232215370150203,-0.022895,-0.0201965252523277,-0.019735,-0.0475180588182974,-0.033227,-0.0454534658862714,-0.030663,0.0146025451489893,0.012504,0.0169447866896415,0.016734,0.0479154379876234,0.050417,0.0498685498352521,0.053269,0.01242,-81.3385,KiDS,0
KIDS_32.1_-33.1,KIDS_32p1_m33p1_r_SDSS.V1.3.0A_KiDS-1347_GAaP_Gaia.fits,0.0360593107300759,-0.0318906911543554,0.0481615772952389,-0.0315756911543554,0.0309219709762144,0.052334,0.0354703008984227,0.055504,0.0281657409173151,0.044613,0.0306242830959698,0.046321,0.0202385207256901,0.019792,0.0219465647854491,0.022915,0.0363890961496142,0.037191,0.0402062759912178,0.04097,0.012294,-72.3122,KiDS,0
KIDS_1.1_-29.2,KIDS_1p1_m29p2_r_SDSS.V1.3.0A_KiDS-1347_GAaP_Gaia.fits,0.0837647913635649,-0.0286873996084119,0.0712794753502242,-0.0282403996084119,-0.0005198354694675,0.019384,0.0007887586826425,0.025366,-0.0057732219332424,0.006593,-0.0020285092303126,0.009972,0.1654422273987509,0.159165,0.1701562968691534,0.162566,0.0505069853884468,0.044699,0.0548922904561927,0.045459,0.011155,-79.4872,KiDS,0
KIDS_7.3_-35.1,KIDS_7p3_m35p1_r_SDSS.V1.3.0A_KiDS-1347_GAaP_Gaia.fits,-0.0012576130195936,-0.1109899641685126,0.0038472543716765,-0.1109899641685126,0.0534980525029312,0.060146,0.0545722513133536,0.061766,-0.0818637605796221,-0.068544,-0.0795553102639536,-0.065433,0.0589627527929329,0.064578,0.0620165899375079,0.066449,0.0774497656627087,0.082301,0.0801650884330668,0.084227,0.008825,-80.6857,KiDS,0
KIDS_207.0_-0.5,KIDS_207p0_m0p5_r_SDSS.V1.3.0A_KiDS-1347_GAaP_Gaia.fits,0.0662516763563242,-0.0160174887859981,0.0639718737637477,-0.0160174887859981,0.0424657982564304,0.02516,0.0453602324282017,0.03034,0.0024582677095002,0.008299,0.0061738464924628,0.010854,0.0120569719054418,0.009153,0.0171432808657035,0.014742,0.0315209022513536,0.031167,0.0370056874566149,0.036013,0.024031,59.2026,KiDS,0
KIDS_330.7_-28.2,KIDS_330p7_m28p2_r_SDSS.V1.3.0A_KiDS-1347_GAaP_Gaia.fits,-0.0394067075479035,-0.0580965723343192,-0.0465934193571405,-0.0583265723343192,-0.3948330053272763,-0.388,-0.3953282687254734,-0.384552,0.0364259557041504,0.044169,0.0375345701707208,0.045482,0.0856538041676515,0.077791,0.0876775256317439,0.079501,0.0570045575352899,0.04879,0.0589446372696281,0.051317,0.025837,-52.7998,KiDS,0
KIDS_197.0_1.5,KIDS_197p0_1p5_r_SDSS.V1.3.0A_KiDS-1347_GAaP_Gaia.fits,0.1478294404608354,0.0983321950433449,0.1585780652784779,0.0989511950433449,-0.0927742048781865,-0.095996,-0.085669841380234,-0.091765,0.024920180439949,0.032625,0.0270642936229705,0.03645,0.0339930849347649,0.034722,0.0347132216418742,0.03806,0.0355693683633956,0.036711,0.0356912678492472,0.040323,0.023733,64.0572,KiDS,0
KIDS_136.0_-0.5,KIDS_136p0_m0p5_r_SDSS.V1.3.0A_KiDS-1347_GAaP_Gaia.fits,0.106810731613445,0.0553566477200411,0.1073800032932382,0.0576696477200411,0.0366770103205813,0.0196,0.0378539619300152,0.022096,0.0419174135944052,0.05324,0.044355589370515,0.054662,0.0597000474052993,0.067496,0.0628338844077359,0.069924,0.0381279588297128,0.046699,0.0412554841471227,0.049208,0.027466,28.8273,KiDS,0
KIDS_216.0_-0.5,KIDS_216p0_m0p5_r_SDSS.V1.3.0A_KiDS-1347_GAaP_Gaia.fits,0.1332190534657196,0.0698825993933793,0.1382218364398122,0.0699015993933793,0.0439532734305543,0.038616,0.0468338197130057,0.043852,0.0024376694950212,0.009811,0.0052514450862957,0.013633,0.0297194329319913,0.034721,0.0332029221186407,0.038234,0.0371345768506045,0.040481,0.0411821072032039,0.044602,0.038358,54.5091,KiDS,0
KIDS_33.6_-27.2,KIDS_33p6_m27p2_r_SDSS.V1.3.0A_KiDS-1347_GAaP_Gaia.fits,-0.0565292157535449,-0.1033039533816451,-0.0420131290545502,-0.1100219533816451,-0.0143024121842303,0.034971,-0.0081072783537328,0.037963,-0.1010005315244497,-0.081483,-0.0975881842777516,-0.080053,0.0390289794327996,0.028832,0.0410119119989265,0.032166,-0.0676302414147192,-0.071486,-0.0677713793504346,-0.069769,0.011438,-71.5192,KiDS,0
KIDS_135.4_2.5,KIDS_135p4_2p5_r_SDSS.V1.3.0A_KiDS-1347_GAaP_Gaia.fits,-0.0287801367110759,-0.0523570748647816,-0.0160595900733304,-0.0525910748647816,0.033477915424122,0.034789,0.036366245553145,0.037925,0.0346773429788878,0.041409,0.0367654364909265,0.043805,0.051238272945441,0.053771,0.0536435992717372,0.056162,0.0527644614215725,0.056338,0.0550740177678619,0.05836,0.043083,29.8313,KiDS,0
KIDS_174.5_3.5,KIDS_174p5_3p5_r_SDSS.V1.3.0A_KiDS-1347_GAaP_Gaia.fits,0.0143543739112818,-0.0802816287779141,0.0121048347123717,-0.0721576287779141,0.0067746501626546,0.012312,0.0067588537274934,0.016961,0.0108475780180206,0.013917,0.0151917728264297,0.018477,0.0509159437075355,0.048538,0.0570310280661771,0.051643,0.0053521114731634,-0.001319,0.0117578580884749,0.003236,0.016903,60.5204,KiDS,0
KIDS_7.9_-27.2,KIDS_7p9_m27p2_r_SDSS.V1.3.0A_KiDS-1347_GAaP_Gaia.fits,0.0753270859258447,-0.1340922982430981,0.0876994438004649,-0.1340922982430981,0.034361117590687,0.046512,0.0402713636855112,0.051512,-0.1024167089586218,-0.089318,-0.0991476146481304,-0.087149,0.059841176276768,0.058629,0.0630838074945556,0.062195,-0.0716550346001613,-0.073618,-0.0683338746256678,-0.071752,0.012559,-85.5621,KiDS,0
KIDS_193.0_-1.5,KIDS_193p0_m1p5_r_SDSS.V1.3.0A_KiDS-1347_GAaP_Gaia.fits,0.0575779225689611,-0.0156946097216836,0.0494763702907457,-0.0094996097216835,-0.068159495245415,-0.081807,-0.068944686156373,-0.078405,0.0347259655069938,0.035114,0.0372489534451011,0.038114,0.0457007980884747,0.042666,0.0506128167504919,0.045806,-0.0866850268854288,-0.092411,-0.0817342946308283,-0.088153,0.020151,61.3718,KiDS,0
KIDS_180.0_-0.5,KIDS_180p0_m0p5_r_SDSS.V1.3.0A_KiDS-1347_GAaP_Gaia.fits,0.0133587640249286,0.05594130127481,0.0313406542113846,0.05649430127481,-0.0012897865462723,0.030906,0.0036186223581335,0.034058,0.0058107537605419,0.015557,0.0089021905232234,0.018109,0.0192661860952678,0.011187,0.02142009166134,0.012694,0.0412598120120889,0.031592,0.0467619353609168,0.036388,0.021673,59.7263,KiDS,0
KIDS_213.6_3.5,KIDS_213p6_3p5_r_SDSS.V1.3.0A_KiDS-1347_GAaP_Gaia.fits,0.1666156232021954,0.0463044080794718,0.1760492617241135,0.0467864080794718,0.0967815086628194,0.075256,0.1024802755879601,0.082258,-0.0150416151233838,-0.007238,-0.0116123772468336,-0.004693,0.0093984303486936,0.011679,0.0129084002149117,0.01589,0.0554438205932477,0.05887,0.0579114059631123,0.062372,0.025053,59.1471,KiDS,0
KIDS_228.6_2.5,KIDS_228p6_2p5_r_SDSS.V1.3.0A_KiDS-1347_GAaP_Gaia.fits,0.0015633286205431,-0.0460980636721368,-0.0001407075843539,-0.0426860636721368,0.0761267759043166,0.061828,0.0767814010026925,0.064504,-0.0672896760314042,-0.062654,-0.0650025331629059,-0.061025,0.0429121776343604,0.043243,0.0463465933134347,0.046344,0.049551601939882,0.05007,0.0529232785752774,0.053325,0.037767,47.8087,KiDS,0
KIDS_4.5_-28.2,KIDS_4p5_m28p2_r_SDSS.V1.3.0A_KiDS-1347_GAaP_Gaia.fits,0.1517763617420115,0.0456502543344025,0.1569778915400443,0.0467462543344025,-0.0689221539152701,-0.065211,-0.0671920538303466,-0.059492,0.0481355492566933,0.05958,0.0517875013778944,0.062209,0.0738867859655238,0.069167,0.0786322614876515,0.072537,0.0815947668478958,0.070184,0.0860318994708584,0.075345,0.017192,-82.5299,KiDS,0
KIDS_236.0_1.5,KIDS_236p0_1p5_r_SDSS.V1.3.0A_KiDS-1347_GAaP_Gaia.fits,-0.0096578581806931,-0.0820527409722339,-0.0043844362905768,-0.0820527409722339,-0.4128950402961811,-0.42209,-0.4101869546355339,-0.420745,-0.078978941362941,-0.075822,-0.0766846343499686,-0.073731,0.0249751520380621,0.029764,0.0270511912054767,0.0318,0.0544546888516204,0.059752,0.0565803214787494,0.061976,0.076173,41.3686,KiDS,0
KIDS_191.0_1.5,KIDS_191p0_1p5_r_SDSS.V1.3.0A_KiDS-1347_GAaP_Gaia.fits,-0.1048879672878068,-0.2062032413986957,-0.0861886727508266,-0.2078102413986957,0.1812361731065964,0.15247,0.1860063776352175,0.157268,-0.0290514578729496,-0.023605,-0.0259043180032638,-0.019676,-0.0249982370735576,-0.020925,-0.0179628615021309,-0.016702,0.0604902659969969,0.070849,0.0673768090563534,0.07512,0.016203,64.322,KiDS,0
KIDS_47.4_-28.2,KIDS_47p4_m28p2_r_SDSS.V1.3.0A_KiDS-1347_GAaP_Gaia.fits,0.2031214857558239,0.0487121678223358,0.2114113743579387,0.0495581678223358,-0.0681149785398899,-0.057037,-0.0678459125992173,-0.055826,0.0013207211172426,0.017265,0.0028580929645643,0.018864,0.0612759835309684,0.056933,0.064055885983215,0.059367,0.045611504582582,0.0372,0.0490344363335798,0.040183,0.013623,-59.4845,KiDS,0
KIDS_169.5_3.5,KIDS_169p5_3p5_r_SDSS.V1.3.0A_KiDS-1347_GAaP_Gaia.fits,0.1479418637975823,-0.0231445213323589,0.1437728366574568,-0.0231445213323589,0.0421437904782565,0.026573,0.0471253554956396,0.030425,0.0308925078200235,0.035841,0.0357418806951304,0.042969,0.0415737883998279,0.045092,0.0477863251027184,0.049946,-0.0873936668622388,-0.085107,-0.0811384709513371,-0.079745,0.044294,57.4476,KiDS,0
KIDS_167.0_-1.5,KIDS_167p0_m1p5_r_SDSS.V1.3.0A_KiDS-1347_GAaP_Gaia.fits,0.047008764149118,-0.0655222524866175,0.0756480429458213,-0.0654242524866174,0.0276905994406777,0.021784,0.0363391126084792,0.027105,-0.0253672316720234,-0.017505,-0.022568910173605,-0.015933,0.0525690254668779,0.059726,0.0534432339680902,0.062782,0.0335523222749691,0.039346,0.0357085856012822,0.042153,0.04157,52.0763,KiDS,0
KIDS_207.0_1.5,KIDS_207p0_1p5_r_SDSS.V1.3.0A_KiDS-1347_GAaP_Gaia.fits,-0.1452876264134967,-0.2114144810304458,-0.1356705079188627,-0.2107024810304458,0.0325794455455977,0.025623,0.0357030966586875,0.027463,-0.0323365905395606,-0.026647,-0.0299447192237133,-0.02527,0.0735686575824142,0.072583,0.0753139894333747,0.074148,0.0412752269272177,0.041421,0.0441890388690001,0.043669,0.023662,60.9904,KiDS,0
KIDS_347.3_-30.2,KIDS_347p3_m30p2_r_SDSS.V1.3.0A_KiDS-1347_GAaP_Gaia.fits,0.1606606687376495,0.0982890907116131,0.1780663657640609,0.1022810907116131,0.0357896495210539,0.033934,0.0409509915438275,0.036832,0.0133971040934591,0.023906,0.0162939754533373,0.026387,0.0551379015457685,0.057365,0.0571991158834796,0.059367,0.0734663991350232,0.072914,0.0746057314019551,0.074894,0.021413,-67.4587,KiDS,0
KIDS_179.0_-1.5,KIDS_179p0_m1p5_r_SDSS.V1.3.0A_KiDS-1347_GAaP_Gaia.fits,0.06177431122007,0.0597668741259317,0.0621550760347253,0.0597668741259317,0.0093576604402462,0.023308,0.0113876719586295,0.028295,-0.048264183472399,-0.041271,-0.0463464681164497,-0.038551,-0.0869893299569313,-0.091409,-0.0831536834284539,-0.089686,0.1192960627775274,0.112393,0.123591295284645,0.115553,0.020115,58.4169,KiDS,0
KIDS_137.0_-0.5,KIDS_137p0_m0p5_r_SDSS.V1.3.0A_KiDS-1347_GAaP_Gaia.fits,-0.0445384416654962,-0.0595314466296157,-0.0435243925480068,-0.0596424466296157,0.0535147519590798,0.062743,0.0573521928812983,0.064651,0.0169843557390466,0.030438,0.0205317825480722,0.033117,0.0733242769203405,0.074971,0.0759836517319289,0.077769,-0.0456915264484641,-0.043016,-0.0422610661483843,-0.040576,0.026122,29.6947,KiDS,0
KIDS_344.7_-32.1,KIDS_344p7_m32p1_r_SDSS.V1.3.0A_KiDS-1347_GAaP_Gaia.fits,0.1186598527002091,0.0403983958949126,0.1111661110812741,0.0410163958949126,0.0507858582935311,0.050153,0.0488294742376226,0.051742,0.0382160234346354,0.046777,0.040019030952966,0.048762,0.0447320106230059,0.04542,0.0476026744855105,0.048014,0.0935603262989056,0.092491,0.0973240853847016,0.096115,0.017621,-65.0719,KiDS,0
KIDS_41.0_-29.2,KIDS_41p0_m29p2_r_SDSS.V1.3.0A_KiDS-1347_GAaP_Gaia.fits,-0.1097823150558801,-0.1675353506235098,-0.0991265267204088,-0.1668133506235098,-0.1326520878910287,-0.112808,-0.1312099768929124,-0.111416,-0.0935420822303848,-0.068922,-0.0912312777955421,-0.067343,0.0505519431764239,0.053709,0.0539437726904173,0.056414,0.0266377349149035,0.032431,0.030424408307683,0.035855,0.014835,-65.1526,KiDS,0
KIDS_16.8_-27.2,KIDS_16p8_m27p2_r_SDSS.V1.3.0A_KiDS-1347_GAaP_Gaia.fits,-0.049237660458316,-0.0755277214080441,-0.0489073599651204,-0.0748017214080441,0.0387760125303874,0.056166,0.0406460779932504,0.05816,-0.1098306776565407,-0.09305,-0.1060249366009719,-0.087609,0.023177742299525,0.021448,0.029075269695192,0.02365,-0.0756824798404396,-0.074572,-0.0709335160519884,-0.071416,0.012981,-86.445,KiDS,0
KIDS_333.8_-29.2,KIDS_333p8_m29p2_r_SDSS.V1.3.0A_KiDS-1347_GAaP_Gaia.fits,0.0352039439475254,-0.059383414187753,0.037874327732883,-0.059107414187753,0.060332613637132,0.057166,0.0620118436448481,0.058822,-0.0178657316065459,-0.004381,-0.0145148737394146,-0.001136,0.0421003595806678,0.047213,0.0479522898183478,0.051993,0.0687569577040926,0.071472,0.0724634187345757,0.076034,0.014225,-55.6581,KiDS,0
KIDS_187.5_3.5,KIDS_187p5_3p5_r_SDSS.V1.3.0A_KiDS-1347_GAaP_Gaia.fits,-0.0952829306993113,-0.144491057868688,-0.0760584566093015,-0.144620057868688,0.0079284979297827,0.016193,0.0178325195315938,0.022303,0.0270784508627853,0.034201,0.0322279271367987,0.040013,0.0572465830981442,0.045019,0.060933693164209,0.051189,-0.1301269080418748,-0.139459,-0.1270343263432194,-0.132786,0.020506,65.7851,KiDS,0
KIDS_21.0_-31.2,KIDS_21p0_m31p2_r_SDSS.V1.3.0A_KiDS-1347_GAaP_Gaia.fits,0.2211695537906304,0.0645527058021626,0.2322098510374511,0.0646897058021626,-0.0111177177224026,0.012939,-0.0073528207492293,0.014866,-0.0486038116131201,-0.035957,-0.0463985835626411,-0.032788,0.063835032076234,0.055068,0.0670754793721156,0.06017,-0.0789401629687329,-0.08868,-0.0763907414895567,-0.08497,0.018185,-81.8171,KiDS,0
KIDS_48.0_-34.1,KIDS_48p0_m34p1_r_SDSS.V1.3.0A_KiDS-1347_GAaP_Gaia.fits,0.1614970755281554,-0.0208647757655375,0.1501790473702792,-0.0205997757655375,0.0188136897553711,0.040998,0.018455225133644,0.043354,0.0186163284068291,0.035006,0.0206275488704582,0.037142,0.0738687850782185,0.067913,0.0764607263221463,0.070601,-0.0133333235169603,-0.014061,-0.0088371302274648,-0.012717,0.015617,-59.1122,KiDS,0
KIDS_224.6_3.5,KIDS_224p6_3p5_r_SDSS.V1.3.0A_KiDS-1347_GAaP_Gaia.fits,-0.0471068486297805,-0.1664369198971221,-0.0427044872170928,-0.1679009198971221,0.1114465480550966,0.085942,0.1134730816856233,0.088734,0.0314369635068155,0.034086,0.0345871332131078,0.03669,0.0717431513772733,0.076791,0.075732622651671,0.080686,0.0700821581822591,0.074038,0.0743094412189288,0.077308,0.043138,51.5201,KiDS,0
KIDS_35.0_-31.2,KIDS_35p0_m31p2_r_SDSS.V1.3.0A_KiDS-1347_GAaP_Gaia.fits,0.1777595236686764,-0.0448322680687196,0.1528011241610454,-0.0443892680687196,-0.0431765017605909,-0.019366,-0.0387773356045274,-0.016586,0.0129826215751439,0.030884,0.0189343749139277,0.035672,0.052013249911448,0.045022,0.0604866193817221,0.049975,0.064494001005793,0.0512,0.0696380097834133,0.055903,0.019167,-70.3149,KiDS,0
KIDS_213.0_-1.5,KIDS_213p0_m1p5_r_SDSS.V1.3.0A_KiDS-1347_GAaP_Gaia.fits,0.0360971166744622,-0.0815685222775757,0.0232441242791426,-0.0803965222775757,0.0719818980095235,0.048565,0.07079214786809,0.051554,0.0302825060603973,0.034468,0.0335636944221158,0.036942,0.0099258289797954,0.014896,0.0170845380973107,0.01916,0.0759082898954319,0.075407,0.0816957359220377,0.080282,0.053268,55.4258,KiDS,0
KIDS_355.4_-29.2,KIDS_355p4_m29p2_r_SDSS.V1.3.0A_KiDS-1347_GAaP_Gaia.fits,0.0722014140664926,0.0167677788876831,0.0893024202344543,0.0170767788876831,0.0087895148939268,0.021651,0.0139622527741295,0.026152,0.0106758712261042,0.024069,0.0147350898019316,0.028506,0.0047422663037486,0.005672,0.0094342781333145,0.009767,0.0483093399678619,0.045845,0.0520205772536072,0.050043,0.014793,-74.5314,KiDS,0
KIDS_346.6_-35.1,KIDS_346p6_m35p1_r_SDSS.V1.3.0A_KiDS-1347_GAaP_Gaia.fits,-0.0502719988074423,-0.1001866598270256,-0.0416940933424668,-0.0999486598270256,0.050572394809441,0.064905,0.0520354239399952,0.067508,-0.1677118668050225,-0.156675,-0.1660046970494683,-0.154889,0.0635826799311049,0.061059,0.0657813085909466,0.063244,-0.0541228075522232,-0.054521,-0.0516955961777154,-0.052696,0.014202,-66.2261,KiDS,0
KIDS_198.6_3.5,KIDS_198p6_3p5_r_SDSS.V1.3.0A_KiDS-1347_GAaP_Gaia.fits,0.0355615641917084,0.0216979760960596,0.0389704210722208,0.0231179760960596,-0.0823492163397865,-0.078601,-0.0811179724513362,-0.076116,-0.1488562833389494,-0.143711,-0.1462822066612736,-0.142074,0.0899627047461089,0.083087,0.0926392513702126,0.086313,0.0588170957617165,0.050047,0.0621778629061689,0.053815,0.025814,65.7153,KiDS,0
KIDS_215.6_-2.5,KIDS_215p6_m2p5_r_SDSS.V1.3.0A_KiDS-1347_GAaP_Gaia.fits,0.1900595927673419,0.0846911833398192,0.1892083670471312,0.0848251833398192,0.0788770459737926,0.057032,0.0802297799529354,0.058713,0.0138085838663513,0.017289,0.0165014528290155,0.019985,0.0437955786982115,0.047018,0.0477815477145628,0.049867,0.035926599282237,0.042812,0.041118593248171,0.045335,0.051643,53.149,KiDS,0
KIDS_163.0_1.5,KIDS_163p0_1p5_r_SDSS.V1.3.0A_KiDS-1347_GAaP_Gaia.fits,0.140025534522945,-0.0223533885620217,0.1479430272025652,-0.0206803885620217,-0.0100431871955002,-0.019423,-0.0067173975513569,-0.014983,-0.0461041652230166,-0.038965,-0.0431830464344912,-0.035926,0.0299537696227495,0.036475,0.034034945568192,0.039543,0.025157323219653,0.02965,0.028237046551987,0.033473,0.038061,51.5874,KiDS,0
KIDS_329.7_-31.2,KIDS_329p7_m31p2_r_SDSS.V1.3.0A_KiDS-1347_GAaP_Gaia.fits,0.1279187054293196,0.0278528537772756,0.1340320588318679,0.0306438537772756,0.0485858391370408,0.03385,0.0518880110772247,0.036693,0.0061873782848348,0.014011,0.0081288444730032,0.016505,0.0237817825148697,0.026547,0.0255730314093965,0.029368,0.0286262459548838,0.031751,0.030210115128841,0.034333,0.020547,-52.3182,KiDS,0
KIDS_40.4_-27.2,KIDS_40p4_m27p2_r_SDSS.V1.3.0A_KiDS-1347_GAaP_Gaia.fits,-0.000645363142689,-0.0702464222156481,0.0320575459282096,-0.0692924222156481,0.0472601167766585,0.064932,0.0540239894060368,0.066912,-0.0960706744323451,-0.067484,-0.0918184589135022,-0.064847,0.035167246927583,0.04465,0.0376564997702423,0.049118,-0.0749504940303892,-0.063109,-0.0717968438704113,-0.060377,0.01388,-65.573,KiDS,0
KIDS_205.0_-0.5,KIDS_205p0_m0p5_r_SDSS.V1.3.0A_KiDS-1347_GAaP_Gaia.fits,0.0905618915818198,-0.0200743120825296,0.0963079692469258,-0.0188483120825296,0.0725315645948707,0.0519,0.0764560362369916,0.056454,0.001674960349241,0.006753,0.0055677327743387,0.012724,0.0091840846507775,0.011309,0.0123181959922735,0.01677,0.0109460082253059,0.014518,0.0157681756166156,0.018571,0.02418,60.0075,KiDS,0
KIDS_217.6_-3.5,KIDS_217p6_m3p5_r_SDSS.V1.3.0A_KiDS-1347_GAaP_Gaia.fits,-0.0352107734385582,-0.0973996903919785,-0.0359541074511702,-0.0966726903919786,0.0532960289479965,0.047586,0.0544384516484334,0.050916,0.0519085980582248,0.056025,0.0535271834654387,0.058099,0.0515684067690506,0.057848,0.0546771228984504,0.05999,0.0260413430476438,0.031617,0.0288289508267088,0.03435,0.075184,51.1952,KiDS,0
KIDS_235.7_2.5,KIDS_235p7_2p5_r_SDSS.V1.3.0A_KiDS-1347_GAaP_Gaia.fits,0.038870973479624,-0.021588168270036,0.0400425679118251,-0.021233168270036,0.0995638933732294,0.089649,0.1005780977705144,0.091428,0.0294437900848244,0.033435,0.0310515117370156,0.035381,0.0535869383122462,0.056642,0.0554543400988396,0.058511,0.079906542503345,0.080523,0.0820847269841163,0.083376,0.063434,42.2387,KiDS,0
KIDS_183.0_-1.5,KIDS_183p0_m1p5_r_SDSS.V1.3.0A_KiDS-1347_GAaP_Gaia.fits,-0.0126073586453799,-2.215205658488706e-05,0.0002977361925589,0.0002728479434151,0.0256924808758841,0.04634,0.0342024035399729,0.048318,0.0033946958736464,0.010573,0.0096475668405263,0.01458,0.0717149476455215,0.056285,0.077268655159001,0.061271,0.0439222259300798,0.030409,0.0500761811024559,0.034648,0.018665,59.8795,KiDS,0
KIDS_11.3_-28.2,KIDS_11p3_m28p2_r_SDSS.V1.3.0A_KiDS-1347_GAaP_Gaia.fits,0.0187771356440263,-0.022024456597053,0.0185689333730421,-0.021090456597053,0.0204328629577284,0.035249,0.023154144834066,0.03573,0.0395838275678702,0.049252,0.0429660718417169,0.052688,0.0449442315597607,0.031531,0.0488183883109637,0.03539,0.0731699398831801,0.063954,0.0791009159268013,0.069171,0.012694,-88.1826,KiDS,0
KIDS_334.5_-35.1,KIDS_334p5_m35p1_r_SDSS.V1.3.0A_KiDS-1347_GAaP_Gaia.fits,0.0968783133745405,0.0675211344814606,0.1070030898199308,0.0675971344814606,0.0650753328158673,0.066768,0.0684308230761674,0.067924,0.0479047275543088,0.057287,0.05072234280235,0.059781,0.0415967180350642,0.041365,0.0440895433872281,0.043398,0.0478296555024487,0.046431,0.0504889362307479,0.048456,0.01191,-56.3896,KiDS,0
KIDS_37.0_-27.2,KIDS_37p0_m27p2_r_SDSS.V1.3.0A_KiDS-1347_GAaP_Gaia.fits,0.1434243112652879,-0.1039967093647008,0.1205956832341944,-0.1037067093647008,0.0282389348513465,0.032834,0.030375049478599,0.036884,0.0247080973296519,0.03654,0.0277634892505829,0.037923,0.0612165605750535,0.051361,0.0626861713815116,0.054017,0.0753768331222251,0.066319,0.0746881783300303,0.068983,0.014167,-68.534,KiDS,0
KIDS_224.0_0.5,KIDS_224p0_0p5_r_SDSS.V1.3.0A_KiDS-1347_GAaP_Gaia.fits,0.1576541880357861,0.0601597841749748,0.1529699311447817,0.0653007841749748,0.0680480154190868,0.048111,0.0703901706342701,0.05271,0.0138719438420281,0.018279,0.0170113006427788,0.021298,0.0333936946035324,0.037915,0.03827637522504,0.040936,0.0424278223918969,0.048579,0.0477146059861579,0.053353,0.039999,49.9603,KiDS,0
KIDS_183.5_-3.5,KIDS_183p5_m3p5_r_SDSS.V1.3.0A_KiDS-1347_GAaP_Gaia.fits,0.0576191817442523,-0.0439800459908311,0.053957498573251,-0.0442260459908311,0.0610906666144007,0.043876,0.0615381931446548,0.046774,0.0248796231445927,0.023472,0.02835644825486,0.025981,0.0596038308836184,0.049327,0.0647361501558346,0.05335,0.0421822544910944,0.035269,0.0478405104106752,0.038274,0.026766,58.0939,KiDS,0
KIDS_338.4_-29.2,KIDS_338p4_m29p2_r_SDSS.V1.3.0A_KiDS-1347_GAaP_Gaia.fits,0.0456352720990081,0.0158703890660696,0.0529981266221055,0.0158703890660696,0.0359955251951357,0.040336,0.0397051209577355,0.040647,0.0257950381958829,0.037714,0.0276252750598505,0.04033,0.0472500911653255,0.045269,0.0487281812557698,0.047202,0.0882200037449419,0.083876,0.0893600103045914,0.085761,0.013876,-59.6015,KiDS,0
KIDS_19.8_-31.2,KIDS_19p8_m31p2_r_SDSS.V1.3.0A_KiDS-1347_GAaP_Gaia.fits,0.0486689865631226,-0.0081832563355209,0.0666243377334679,-0.0044282563355209,0.0177213890517423,0.039521,0.020588169982497,0.042889,0.1094372543420588,0.118213,0.1114609709902763,0.121433,0.0794109488364583,0.067642,0.0812791148479921,0.068098,0.0691199830277027,0.058366,0.0718020961234608,0.061689,0.019019,-82.7087,KiDS,0
KIDS_209.6_3.5,KIDS_209p6_3p5_r_SDSS.V1.3.0A_KiDS-1347_GAaP_Gaia.fits,0.1120052724380138,0.0446008829398753,0.1245134998080753,0.0460538829398753,0.049440255115391,0.046941,0.0537763453008867,0.04975,0.0094674588169013,0.020566,0.0129341811142445,0.025435,0.0406189258721094,0.043963,0.0432538237444231,0.04885,0.0596069037338478,0.065222,0.0633135483538902,0.070451,0.025103,61.4539,KiDS,0
KIDS_40.8_-34.1,KIDS_40p8_m34p1_r_SDSS.V1.3.0A_KiDS-1347_GAaP_Gaia.fits,0.2503576345875914,0.1178469176739897,0.2507834316516525,0.1182139176739897,0.0162929014439712,0.04307,0.0167665485010026,0.045208,0.0605314357481466,0.070141,0.060917404119794,0.07426,-0.0431034236375302,-0.059189,-0.0447634565892864,-0.057799,0.053053073173608,0.048591,0.0538133719786801,0.050608,0.018852,-65.3726,KiDS,0
KIDS_343.1_-28.2,KIDS_343p1_m28p2_r_SDSS.V1.3.0A_KiDS-1347_GAaP_Gaia.fits,-0.0282304153677641,-0.051266206421489,-0.0140369693965633,-0.049471206421489,-0.0756402458281763,-0.058266,-0.0713483472450595,-0.055042,0.006294724881855,0.019165,0.0096130528314977,0.021967,0.0781220099170204,0.076923,0.0808993305913319,0.07986,0.1130231813665134,0.113481,0.1162657057498496,0.117217,0.021526,-63.6584,KiDS,0
KIDS_227.6_2.5,KIDS_227p6_2p5_r_SDSS.V1.3.0A_KiDS-1347_GAaP_Gaia.fits,0.1124394809878425,-0.0724093446190319,0.1733312685995875,-0.0719933446190318,0.0854952968989979,0.050925,0.1039730142780461,0.053887,-0.0086238060862168,-0.001629,-0.0055917062102905,0.003335,0.0281423621081549,0.038686,0.0252992360741949,0.042523,0.034093844107006,0.047155,0.0316490824279931,0.050377,0.036797,48.5841,KiDS,0
KIDS_212.6_-3.5,KIDS_212p6_m3p5_r_SDSS.V1.3.0A_KiDS-1347_GAaP_Gaia.fits,-0.1295699436909766,-0.2903551650422343,-0.1337686691138213,-0.2889401650422344,0.0831405560718929,0.061816,0.0829487182639783,0.064028,-0.1024358437137328,-0.096565,-0.0997885863371918,-0.093227,0.022856666149083,0.027524,0.0271986093272679,0.029911,0.0225091767809412,0.027633,0.0257175678080116,0.030116,0.050751,53.9562,KiDS,0
KIDS_53.3_-26.2,KIDS_53p3_m26p2_r_SDSS.V1.3.0A_KiDS-1347_GAaP_Gaia.fits,0.1994536197221217,-0.0279609392201795,0.188821096904968,-0.0281399392201795,-0.0470360225488777,-0.030087,-0.0445518728853769,-0.026969,-0.0210899598214856,-0.002765,-0.0183056792734012,-0.00089,0.0527558491918524,0.038071,0.0526494463706178,0.041018,0.0652988870040551,0.051209,0.06620649505033,0.05566,0.009578,-53.9915,KiDS,0
KIDS_340.9_-27.2,KIDS_340p9_m27p2_r_SDSS.V1.3.0A_KiDS-1347_GAaP_Gaia.fits,-0.0143268129744333,-0.0834461331728486,-0.002309270495726,-0.0804951331728486,0.0262101611695599,0.030612,0.0301331812346319,0.032435,0.0259416451955716,0.042631,0.0299887643230332,0.04482,0.0664724966068524,0.071853,0.0697861296766831,0.073626,0.0401713329560352,0.041486,0.0429388319871124,0.044742,0.016769,-61.6601,KiDS,0
KIDS_225.0_-0.5,KIDS_225p0_m0p5_r_SDSS.V1.3.0A_KiDS-1347_GAaP_Gaia.fits,0.1464629884622964,0.0576906381832184,0.145285661482649,0.0574616381832184,0.0724643927187753,0.05376,0.0739518506792565,0.057775,0.0138204176699817,0.018766,0.0153412609760513,0.020971,0.024537171518358,0.0307,0.0275327363790698,0.033262,0.0331738296941795,0.038249,0.0359112968807051,0.04091,0.0521,48.5483,KiDS,0
KIDS_337.2_-29.2,KIDS_337p2_m29p2_r_SDSS.V1.3.0A_KiDS-1347_GAaP_Gaia.fits,0.0425538366027974,0.0213936297271397,0.0474524510526188,0.0259736297271397,0.0372328454296347,0.042667,0.040515287474196,0.046684,0.0050745805788402,0.015714,0.0080130523961262,0.018601,0.0661084347178079,0.06422,0.0692648665156606,0.066998,0.0670050089448493,0.068594,0.0707626438715486,0.07204,0.013204,-58.5869,KiDS,0
KIDS_193.0_1.5,KIDS_193p0_1p5_r_SDSS.V1.3.0A_KiDS-1347_GAaP_Gaia.fits,-0.1415756958259432,-0.1942739778427779,-0.1402564769588274,-0.1941399778427779,0.0375268904933226,0.040228,0.0403150280953736,0.041436,-0.0297901926685021,-0.024,-0.0274107726306253,-0.021474,-0.0305750090141417,-0.03694,-0.0282458815391094,-0.03493,0.0362105146136134,0.031985,0.039270272598926,0.034755,0.01803,64.3467,KiDS,0
KIDS_40.0_-32.1,KIDS_40p0_m32p1_r_SDSS.V1.3.0A_KiDS-1347_GAaP_Gaia.fits,0.1100880902471234,0.0569339716082144,0.1277575726944585,0.0570659716082144,-0.0445535596062669,-0.010245,-0.0397011240090153,-0.007363,0.0251987949953869,0.041197,0.0270394677497019,0.042649,0.0126326319604216,0.006153,0.0128998890663284,0.008239,0.0432177099845029,0.031667,0.0450069712981656,0.036748,0.017736,-65.9407,KiDS,0
KIDS_208.0_-1.5,KIDS_208p0_m1p5_r_SDSS.V1.3.0A_KiDS-1347_GAaP_Gaia.fits,0.1452310883237468,0.0431756536783523,0.1479130606898914,0.0464536536783523,0.0556548248999888,0.034723,0.0568249101518379,0.036153,0.0458556358247724,0.048024,0.0476765667027404,0.050365,0.0341176652174443,0.038279,0.0364954978501351,0.040243,0.012980047271843,0.018691,0.0156571165970002,0.022065,0.043243,57.861,KiDS,0
KIDS_167.0_1.5,KIDS_167p0_1p5_r_SDSS.V1.3.0A_KiDS-1347_GAaP_Gaia.fits,0.0797585272422542,-0.0752385535167105,0.0880918306623667,-0.0774645535167105,0.044683559448192,0.035699,0.0514901095129827,0.037005,0.0283017251293756,0.034581,0.031922503883314,0.039074,-0.0223741351030021,-0.018804,-0.0183429492729805,-0.012966,0.0370344298002158,0.038856,0.040194207361329,0.042172,0.036366,54.3397,KiDS,0
KIDS_24.0_-34.1,KIDS_24p0_m34p1_r_SDSS.V1.3.0A_KiDS-1347_GAaP_Gaia.fits,0.2070758636352154,0.0357079326240236,0.2193062702556207,0.0378409326240236,0.0141868626795495,0.023353,0.0165462451407756,0.025624,0.0369029775276855,0.04829,0.0419777014301075,0.053895,0.0540687191306301,0.043586,0.0607168688611378,0.049949,0.0396167470906564,0.033349,0.0468211582969036,0.039842,0.015219,-78.1375,KiDS,0
KIDS_192.0_1.5,KIDS_192p0_1p5_r_SDSS.V1.3.0A_KiDS-1347_GAaP_Gaia.fits,-0.2088390735613747,-0.2358195531968085,-0.2041410119588288,-0.2332805531968085,0.1418562659648971,0.147395,0.1455768899328182,0.150346,-0.0427168954179263,-0.041732,-0.0389753580601869,-0.03761,-0.0294534739752403,-0.040104,-0.0257086604771426,-0.036674,0.0666644022700917,0.056622,0.0715390340045676,0.0606,0.017882,64.3823,KiDS,0
KIDS_338.1_-35.1,KIDS_338p1_m35p1_r_SDSS.V1.3.0A_KiDS-1347_GAaP_Gaia.fits,0.0704783575636799,0.0252349360017721,0.0738122484278606,0.0265629360017721,0.0321450534147842,0.033835,0.0339278440214094,0.037588,0.043009370241784,0.054044,0.0445072047836859,0.056401,0.0576240701984434,0.061504,0.0594357182148569,0.064268,0.0776449943126904,0.080243,0.0795853981203328,0.083342,0.011757,-59.3278,KiDS,0
KIDS_203.0_0.5,KIDS_203p0_0p5_r_SDSS.V1.3.0A_KiDS-1347_GAaP_Gaia.fits,0.1007432157303176,0.008542592372489,0.1005263950325929,0.012266592372489,0.0188864429277126,0.004345,0.0214895986812549,0.008493,-0.0638539954445635,-0.055076,-0.0597660348766164,-0.051364,0.0262464096242761,0.023741,0.03164939095755,0.028839,0.0472452855262463,0.047309,0.051468322022456,0.050253,0.022365,61.6337,KiDS,0
KIDS_0.0_-31.2,KIDS_0p0_m31p2_r_SDSS.V1.3.0A_KiDS-1347_GAaP_Gaia.fits,0.0952964235006771,0.0225874108065199,0.1024335241763466,0.0215314108065199,0.0114733847199643,0.036188,0.0155311044803698,0.038892,0.0147966598152984,0.029012,0.0185050137370202,0.033012,0.0222959619594514,0.016299,0.0257549609451859,0.021843,-0.0659706719423762,-0.067567,-0.0611021339939406,-0.063145,0.012691,-78.0788,KiDS,0
KIDS_33.0_-29.2,KIDS_33p0_m29p2_r_SDSS.V1.3.0A_KiDS-1347_GAaP_Gaia.fits,0.1179595669729313,-0.0742515163703254,0.118738721056381,-0.0742515163703254,0.004716828438883,0.028471,0.0068592185766582,0.030303,0.0115502859809893,0.024723,0.0139557121749161,0.02816,0.0426303625352147,0.041032,0.0462667031708945,0.043459,0.05956866609013,0.051322,0.0630465833086814,0.055423,0.013086,-72.1204,KiDS,0
KIDS_205.6_3.5,KIDS_205p6_3p5_r_SDSS.V1.3.0A_KiDS-1347_GAaP_Gaia.fits,0.0962166579298685,0.0216914629756445,0.1091392465444792,0.0219264629756446,0.0285025449726797,0.023118,0.0334629679000091,0.02474,-0.0110075776475534,-0.006542,-0.0065132006556107,-0.002823,0.0616735734604925,0.057422,0.0662889306694658,0.059595,-0.0913775117400183,-0.096161,-0.0869432985134101,-0.093601,0.021585,63.4194,KiDS,0
KIDS_36.5_-32.1,KIDS_36p5_m32p1_r_SDSS.V1.3.0A_KiDS-1347_GAaP_Gaia.fits,0.2431695086303695,0.0781285956908362,0.2450733232080119,0.0773735956908362,0.0072993808363022,0.036562,0.0111919323492665,0.040513,0.0160084877941977,0.03536,0.0197078089736045,0.038606,0.0499610838521622,0.045124,0.0548152770028359,0.049622,0.0405002254288421,0.037467,0.0442698880171822,0.041181,0.014041,-68.9329,KiDS,0
KIDS_21.6_-29.2,KIDS_21p6_m29p2_r_SDSS.V1.3.0A_KiDS-1347_GAaP_Gaia.fits,0.1170011996866144,-0.0960940792046702,0.1052954095333274,-0.0961950792046702,0.0010643310719926,0.036221,0.0054892338930252,0.040818,0.0563453186510361,0.068954,0.0610595611338352,0.072328,0.060561435546699,0.014023,0.0585894621865632,0.017531,0.0905484641690509,0.047332,0.092694785054453,0.052565,0.013467,-81.9638,KiDS,0
KIDS_49.9_-35.1,KIDS_49p9_m35p1_r_SDSS.V1.3.0A_KiDS-1347_GAaP_Gaia.fits,0.037025073640575,-0.0331080729413008,0.0363180404193489,-0.0319080729413008,-0.0118532916032361,-0.016591,-0.009769613176487,-0.014549,0.0822477684574295,0.093301,0.0855461339024584,0.09623,-0.040337037906305,-0.03519,-0.0360970326035673,-0.032739,0.0721519460104822,0.078834,0.0767197292972369,0.081462,0.015813,-57.5008,KiDS,0
KIDS_47.8_-29.2,KIDS_47p8_m29p2_r_SDSS.V1.3.0A_KiDS-1347_GAaP_Gaia.fits,0.0408626322700824,-0.1031714369412162,0.0609250472117677,-0.1063234369412162,0.014476134278963,0.032875,0.0179926384289546,0.03757,0.0259046297238368,0.04134,0.0280513233647875,0.04459,-0.0007116476147074,-0.002327,0.0004153149908489,0.000645,0.0544522336088896,0.053336,0.0560996706469198,0.056597,0.013388,-59.2148,KiDS,0
KIDS_172.5_-3.5,KIDS_172p5_m3p5_r_SDSS.V1.3.0A_KiDS-1347_GAaP_Gaia.fits,0.0989341266246575,-0.0915224427380389,0.1044850763984932,-0.0884494427380389,0.1529479239714571,0.099608,0.1569671121447174,0.103122,0.0062037286997048,0.011401,0.0101355781110999,0.014936,0.0274395915137506,0.036141,0.030848742942727,0.041418,-0.1006880601451226,-0.089579,-0.0945118010722195,-0.085191,0.041356,53.6341,KiDS,2
KIDS_16.9_-28.2,KIDS_16p9_m28p2_r_SDSS.V1.3.0A_KiDS-1347_GAaP_Gaia.fits,0.0805747840415206,-0.0663141220243903,0.1052658153870786,-0.0648521220243903,-0.085408811414257,-0.065,-0.0819917382173641,-0.063082,0.0308597835892513,0.043868,0.0335605893717008,0.046082,0.0277862577296513,0.014449,0.031148616442213,0.018299,0.0272070812519365,0.009854,0.0318138520557991,0.014178,0.016673,-86.2045,KiDS,0
KIDS_43.7_-27.2,KIDS_43p7_m27p2_r_SDSS.V1.3.0A_KiDS-1347_GAaP_Gaia.fits,0.1043750302317012,-0.094632351654848,0.1169379345755745,-0.093589351654848,0.0181870212278589,0.025567,0.021868391125267,0.027583,0.0102594348598753,0.027641,0.0133877545879391,0.03061,0.0345585073509542,0.041882,0.0392022198879327,0.044032,0.0407007445178142,0.049852,0.0441234126481213,0.052116,0.015478,-62.5782,KiDS,0
KIDS_26.0_-28.2,KIDS_26p0_m28p2_r_SDSS.V1.3.0A_KiDS-1347_GAaP_Gaia.fits,0.0551409518907331,-0.0819199416046175,0.0700115693481178,-0.0887979416046175,0.0545411281586338,0.056352,0.0574265326100545,0.060122,0.0375644276820588,0.048209,0.0395544978654248,0.050175,-0.0231153898148651,-0.019599,-0.0187372553750765,-0.019057,-0.0641197017988907,-0.064464,-0.0603088760949111,-0.061303,0.015929,-78.3451,KiDS,0
KIDS_224.6_2.5,KIDS_224p6_2p5_r_SDSS.V1.3.0A_KiDS-1347_GAaP_Gaia.fits,0.1154664463822264,0.0478406466678456,0.1290615123311564,0.0488146466678457,0.1355858242593885,0.12702,0.1419704704337226,0.130529,0.0324202989012235,0.038946,0.0347130482738343,0.042232,0.0561934683980183,0.058943,0.0578045746338022,0.062968,0.0253814774932312,0.025992,0.026937833850657,0.029799,0.044243,50.8637,KiDS,0
KIDS_160.4_-3.5,KIDS_160p4_m3p5_r_SDSS.V1.3.0A_KiDS-1347_GAaP_Gaia.fits,0.0057704626608894,-0.0463138854005472,0.0099035939656558,-0.0463908854005472,0.0391260387517614,0.034181,0.0413308387151188,0.035665,0.0105609138731411,0.018655,0.013680269970195,0.021769,0.0778252038411966,0.082426,0.0799580890344701,0.084855,0.0054756431848026,0.012608,0.0089879501157468,0.015516,0.050139,46.2474,KiDS,0
KIDS_176.0_1.5,KIDS_176p0_1p5_r_SDSS.V1.3.0A_KiDS-1347_GAaP_Gaia.fits,0.1061863856835322,0.0601295608064026,0.1166743551255993,0.0610185608064026,0.0087190614768202,0.009691,0.0151805677469667,0.01492,0.0087132443332707,0.017426,0.0144031781720391,0.023653,0.0115483750819103,0.012257,0.0172418861211307,0.018747,0.0556757205276631,0.056619,0.0633883967123513,0.062876,0.018281,59.7014,KiDS,0
KIDS_222.6_3.5,KIDS_222p6_3p5_r_SDSS.V1.3.0A_KiDS-1347_GAaP_Gaia.fits,0.1384285023403466,0.0561290479809929,0.1467296231354252,0.0561290479809929,-0.0627379576031083,-0.08337,-0.0578026690961081,-0.07841,0.0159481805877371,0.022008,0.0201142572433502,0.027089,0.0102556476343458,0.014234,0.0141881545229987,0.017652,0.0380723154675043,0.042263,0.0416509945696527,0.045779,0.033546,53.0084,KiDS,0
KIDS_222.6_-3.5,KIDS_222p6_m3p5_r_SDSS.V1.3.0A_KiDS-1347_GAaP_Gaia.fits,-0.0895464586321076,-0.1665415380765761,-0.0887545413255072,-0.165463538076576,-0.0411578655677219,-0.051841,-0.0402448670020326,-0.049063,0.0314056025776242,0.032866,0.0338543270403835,0.035567,0.0391839705270929,0.042698,0.0426107860913165,0.045131,-0.0793530793209132,-0.076768,-0.0754727126149139,-0.074474,0.084905,48.0447,KiDS,0
KIDS_37.2_-34.1,KIDS_37p2_m34p1_r_SDSS.V1.3.0A_KiDS-1347_GAaP_Gaia.fits,-0.0030702807757363,0.0137629049074279,-0.0130965296146176,0.0180189049074279,-0.0534795500651887,0.012381,-0.0532370843163215,0.013211,-0.0071019944122627,0.008996,-0.0051787970586318,0.012922,0.0534994970415848,0.039598,0.0557376130104613,0.04175,-0.0556539492997011,-0.063721,-0.0487889065084912,-0.06003,0.017191,-67.9687,KiDS,2
KIDS_42.6_-27.2,KIDS_42p6_m27p2_r_SDSS.V1.3.0A_KiDS-1347_GAaP_Gaia.fits,0.125786363012036,-0.1046906797775669,0.1282903632182556,-0.1044126797775669,0.005366419717584,0.014116,0.0078597452120477,0.017542,-0.1123804055478285,-0.096654,-0.1098219981885581,-0.090993,0.0313993501225465,0.035798,0.0339492011856911,0.039538,0.0436720812256475,0.048033,0.0468879066071771,0.051508,0.014855,-63.6153,KiDS,0
KIDS_332.0_-35.1,KIDS_332p0_m35p1_r_SDSS.V1.3.0A_KiDS-1347_GAaP_Gaia.fits,0.007481914488466,-0.0223813880520266,0.0212172861677909,-0.0217803880520266,-0.1135661798151043,-0.113431,-0.1072618665481197,-0.112331,0.0525106530007107,0.061618,0.0544688012783588,0.063377,0.0413609968905056,0.047526,0.0431902943933244,0.049175,-0.0642161181745506,-0.057695,-0.0612923577260612,-0.056539,0.013191,-54.4076,KiDS,0
KIDS_177.0_1.5,KIDS_177p0_1p5_r_SDSS.V1.3.0A_KiDS-1347_GAaP_Gaia.fits,0.06407473281547,0.0132754022353839,0.0869281949382915,0.0154144022353839,0.0190079338778878,0.02731,0.0244805610720832,0.03283,0.023261951941143,0.033198,0.0267685532284614,0.038204,0.043959654999565,0.036408,0.0465993445925057,0.043754,0.0506039490346113,0.045698,0.0550129112031203,0.051248,0.020266,60.1817,KiDS,0
KIDS_215.6_3.5,KIDS_215p6_3p5_r_SDSS.V1.3.0A_KiDS-1347_GAaP_Gaia.fits,-0.1148965650766752,-0.161829627999035,-0.099900118723688,-0.1617946279990351,0.0663993353361655,0.060103,0.0721162507240387,0.06258,0.0199969922444301,0.027566,0.0238193722276825,0.030969,0.0105788944843953,0.012432,0.0140944505155301,0.016633,0.0438221075772958,0.046841,0.0472695551099523,0.050756,0.026668,57.877,KiDS,0
KIDS_178.0_1.5,KIDS_178p0_1p5_r_SDSS.V1.3.0A_KiDS-1347_GAaP_Gaia.fits,-0.0347701798671405,0.0154942986545534,-0.0416057398734332,0.0150552986545534,0.0090042090188208,0.04324,0.0102777650150864,0.046069,0.0338134838676401,0.047813,0.0384053408799727,0.050315,0.0133118966815482,0.006347,0.018237312031127,0.012562,0.0375560617899443,0.02573,0.0452489614791175,0.032857,0.017111,60.6552,KiDS,0
KIDS_161.0_-0.5,KIDS_161p0_m0p5_r_SDSS.V1.3.0A_KiDS-1347_GAaP_Gaia.fits,0.1683124241841703,0.0392810521838668,0.1625347830130052,0.0398730521838668,0.0685949733682722,0.041705,0.0682405410009199,0.046701,-0.0425614524854948,-0.030448,-0.0396549122079927,-0.027817,-0.0304105028383842,-0.020209,-0.0253489993143657,-0.016641,0.0135084304873243,0.023256,0.0185796842175187,0.027729,0.039963,48.7669,KiDS,0
KIDS_204.6_2.5,KIDS_204p6_2p5_r_SDSS.V1.3.0A_KiDS-1347_GAaP_Gaia.fits,-0.023523582335572,-0.0971540255353871,-0.0259697358364489,-0.0980870255353871,0.0556474301195023,0.048061,0.0578610912028229,0.05135,0.0015657817420878,0.002934,0.0055579712358491,0.008381,-0.0421013588238699,-0.049094,-0.036771558443333,-0.044304,0.0601128562965725,0.054307,0.0659212295049101,0.058766,0.020012,62.9219,KiDS,0
KIDS_31.1_-30.2,KIDS_31p1_m30p2_r_SDSS.V1.3.0A_KiDS-1347_GAaP_Gaia.fits,0.2494831368794621,0.0691217238575156,0.2436143193137686,0.0693047238575156,0.0314876349483743,0.039458,0.0353064536917203,0.041166,0.0106392460606748,0.02787,0.0120796118501265,0.032095,0.042087265967821,0.039557,0.0411576385144275,0.041857,0.0794783505966421,0.075447,0.0808205613084459,0.078109,0.014504,-73.7636,KiDS,0
KIDS_347.5_-29.2,KIDS_347p5_m29p2_r_SDSS.V1.3.0A_KiDS-1347_GAaP_Gaia.fits,0.1532558718578874,0.0298916634608405,0.1583798673815288,0.0314156634608405,-0.2328209589348669,-0.245229,-0.2312884065384158,-0.241038,0.0280517160314298,0.040544,0.0319822723797132,0.043528,-0.0038513106578528,0.00019,0.0012525501483177,0.004071,0.130293803008041,0.137927,0.1357397057019673,0.141998,0.026318,-67.5754,KiDS,0
KIDS_200.0_1.5,KIDS_200p0_1p5_r_SDSS.V1.3.0A_KiDS-1347_GAaP_Gaia.fits,-0.1563766481395024,-0.2168746438209743,-0.1600788673621191,-0.2153436438209743,-0.0658698506674155,-0.074924,-0.0631589520529293,-0.071358,0.0059389063322031,0.010449,0.010762186813015,0.01428,0.0399432054060474,0.03989,0.046196610986834,0.044434,0.0264719418108677,0.022772,0.033695438295238,0.028185,0.025428,63.502,KiDS,0
KIDS_178.0_0.5,KIDS_178p0_0p5_r_SDSS.V1.3.0A_KiDS-1347_GAaP_Gaia.fits,0.0096066294451212,0.0134002828065833,0.0034419250630406,0.0201242828065834,-0.0726511874804348,-0.065234,-0.0713121529476386,-0.056996,-0.0089355103674616,0.004493,-0.0028014634213059,0.007943,0.0427743299817218,0.046528,0.0527867534764079,0.051961,0.0437134574247943,0.047436,0.0530565856034119,0.052349,0.019113,59.792,KiDS,0
KIDS_130.0_-1.5,KIDS_130p0_m1p5_r_SDSS.V1.3.0A_KiDS-1347_GAaP_Gaia.fits,0.0064771548191967,0.0670318157733422,0.014872432665543,0.0678078157733422,0.038367372803464,0.041929,0.042512776516041,0.042715,0.0305382563436809,0.041039,0.0330110205197039,0.042901,0.0635939611174245,0.05868,0.0651900431546883,0.060373,0.044456477253483,0.040162,0.046201219719184,0.041733,0.0258,23.1941,KiDS,0
KIDS_24.7_-27.2,KIDS_24p7_m27p2_r_SDSS.V1.3.0A_KiDS-1347_GAaP_Gaia.fits,0.0391182695232191,-0.0782708849401383,0.0890312455108011,-0.0769068849401383,-0.1326645874410874,-0.081433,-0.1284106109092402,-0.079301,0.0378528335637083,0.051352,0.0405488273014263,0.054328,0.0845877173197763,0.057238,0.0903701609285756,0.060471,0.0789809450232055,0.049939,0.0844710118225794,0.053331,0.015649,-79.4912,KiDS,0
KIDS_38.0_-33.1,KIDS_38p0_m33p1_r_SDSS.V1.3.0A_KiDS-1347_GAaP_Gaia.fits,0.1380522207987612,-0.001052760373838,0.1351276658814555,0.0045522396261619,0.0428456892948445,0.036408,0.0417230746255428,0.038536,0.0211208507790191,0.038082,0.0229445771643291,0.039097,0.0201199967488368,0.037982,0.0240516575143431,0.039252,-0.098283079775621,-0.088755,-0.094565678041172,-0.086364,0.019272,-67.4868,KiDS,0
KIDS_357.7_-29.2,KIDS_357p7_m29p2_r_SDSS.V1.3.0A_KiDS-1347_GAaP_Gaia.fits,0.1557084924885859,0.0586881045200579,0.1800817579916347,0.0588691045200579,-0.0024663814411843,0.001694,0.0063907375743797,0.008184,0.0058764987296027,0.020738,0.0103399035930694,0.025922,0.0176240251352321,0.01528,0.0205065549857648,0.019399,0.0355361587965058,0.037436,0.037506008460806,0.040869,0.014647,-76.4896,KiDS,0
KIDS_335.5_-31.2,KIDS_335p5_m31p2_r_SDSS.V1.3.0A_KiDS-1347_GAaP_Gaia.fits,0.0606439336780181,-0.0044201276121528,0.059282862710304,-0.0044201276121528,0.0366201284990105,0.037143,0.0376186639864868,0.038781,0.0281823196272355,0.040443,0.0300846200255918,0.042564,0.0512239648196268,0.053772,0.0537326865876859,0.055246,-0.0197550234071603,-0.016296,-0.017755748676266,-0.013714,0.012203,-57.2923,KiDS,0
KIDS_163.0_0.5,KIDS_163p0_0p5_r_SDSS.V1.3.0A_KiDS-1347_GAaP_Gaia.fits,0.0290419859866211,-0.0201925462764174,0.0439013337748645,-0.0184505462764174,0.0461052869474369,0.048062,0.0502953189954964,0.050653,0.0137679552430314,0.0212,0.0175216172184496,0.023853,0.0290624146621486,0.031932,0.0334485258789292,0.034617,0.0666924124727708,0.071144,0.070997726510496,0.073319,0.038495,50.8709,KiDS,0
KIDS_192.5_-3.5,KIDS_192p5_m3p5_r_SDSS.V1.3.0A_KiDS-1347_GAaP_Gaia.fits,0.1707193370718821,0.0196988410212144,0.1637615049826095,0.0226288410212144,0.0680168976395764,0.045494,0.0670162384427253,0.048311,-0.0050606751519696,0.004084,-0.0016720044682182,0.006122,0.0015688063373681,0.007498,0.0079443118607882,0.012349,0.0451233283068418,0.053007,0.0514370276666908,0.054919,0.020917,59.4079,KiDS,0
KIDS_157.0_-1.5,KIDS_157p0_m1p5_r_SDSS.V1.3.0A_KiDS-1347_GAaP_Gaia.fits,0.0517083730298701,-0.0420016039029183,0.0721771543120099,-0.0409666039029183,0.0817583860224707,0.063788,0.0875897868584069,0.068934,-0.0244779166784083,-0.014595,-0.0220727290867039,-0.012423,0.0330993437947391,0.045242,0.0347381371804956,0.048105,0.0401447169033462,0.055122,0.0433157049601848,0.058318,0.043407,45.1582,KiDS,0
KIDS_351.6_-34.1,KIDS_351p6_m34p1_r_SDSS.V1.3.0A_KiDS-1347_GAaP_Gaia.fits,0.0898672457559912,-0.0873220994842397,0.0858866940364273,-0.0873220994842397,0.0373349721405474,0.0111,0.0400129652797955,0.016035,0.0121029862093667,0.024283,0.0146595780919294,0.026876,0.0263333985457938,0.037788,0.0302585736692051,0.040672,0.0437842023910774,0.056608,0.0463866584073052,0.060043,0.015207,-70.4589,KiDS,0
KIDS_183.5_3.5,KIDS_183p5_3p5_r_SDSS.V1.3.0A_KiDS-1347_GAaP_Gaia.fits,-0.0730624648161466,-0.1392691437437815,-0.0550339313944309,-0.1396011437437815,0.0119395021459799,0.013643,0.0196374745884278,0.01942,-0.0015155502095799,0.006447,0.0015276957161228,0.012482,0.1031942283483861,0.091439,0.1037907860889374,0.098599,-0.1186250649123829,-0.131516,-0.1175765550964306,-0.128407,0.016579,64.7339,KiDS,0
KIDS_226.0_0.5,KIDS_226p0_0p5_r_SDSS.V1.3.0A_KiDS-1347_GAaP_Gaia.fits,0.1548014539962697,0.0624449883428558,0.1607661432878699,0.0642359883428558,0.0719062328837216,0.053353,0.0746526616042243,0.057989,0.0369655186748408,0.041402,0.0398684201261825,0.04453,-0.0626222761436097,-0.059737,-0.0595078932241586,-0.057351,0.0520984416101374,0.052181,0.0558930065621388,0.056603,0.052353,48.5093,KiDS,0
KIDS_25.6_-31.2,KIDS_25p6_m31p2_r_SDSS.V1.3.0A_KiDS-1347_GAaP_Gaia.fits,-0.0371978428383489,-0.0406611156049475,-0.0365814697089496,-0.0399831156049476,-0.1797883626668378,-0.166845,-0.1777346898465451,-0.163737,-0.2716166994769592,-0.253044,-0.2689125182562607,-0.250837,0.075423571247669,0.081472,0.0800653375817782,0.084204,-0.0810347930058028,-0.07142,-0.0779241238119227,-0.069259,0.013887,-78.1477,KiDS,0
KIDS_47.2_-30.2,KIDS_47p2_m30p2_r_SDSS.V1.3.0A_KiDS-1347_GAaP_Gaia.fits,0.0606553665890834,0.1039721661746451,0.0796848775593151,0.1043511661746451,-0.0853714005927648,-0.048007,-0.0788011567581412,-0.047689,0.0358679014205836,0.050932,0.0376451588939317,0.052336,0.042925158609484,0.049595,0.0459610526494614,0.051813,0.0322416665374806,0.029515,0.0350223262596408,0.032169,0.012037,-59.8503,KiDS,0
KIDS_161.0_1.5,KIDS_161p0_1p5_r_SDSS.V1.3.0A_KiDS-1347_GAaP_Gaia.fits,0.0472674959707708,-0.0538245395655297,0.069235007332188,-0.0509515395655297,-0.0083050439104426,-0.015866,-0.0004672417153077,-0.013004,0.0180214094212308,0.02402,0.0214095183331336,0.029498,-0.027444585244985,-0.02206,-0.026264500345954,-0.020042,0.034588272241417,0.044392,0.0387105585586676,0.048174,0.039326,50.1113,KiDS,0
KIDS_237.0_-0.5,KIDS_237p0_m0p5_r_SDSS.V1.3.0A_KiDS-1347_GAaP_Gaia.fits,0.0793800849168386,0.0147310474662817,0.0794409230277204,0.0151270474662817,0.04010532532917,0.031251,0.0416210953671288,0.03358,0.0400627505829019,0.041347,0.0420465899105254,0.043769,0.0253233078589654,0.034886,0.0284511245013793,0.037254,0.0725815292956315,0.075912,0.0751768102958758,0.078341,0.080523,39.3973,KiDS,0
KIDS_350.9_-29.2,KIDS_350p9_m29p2_r_SDSS.V1.3.0A_KiDS-1347_GAaP_Gaia.fits,0.2007515443912225,0.0547432827175005,0.2211858669498356,0.0573832827175005,0.0719217270304636,0.05364,0.0812714974994636,0.058556,0.017161917744176,0.031385,0.0214947812806528,0.035331,0.0434061351842038,0.052828,0.0444390301155481,0.055969,0.0342416236429083,0.041277,0.038047684729911,0.044242,0.022516,-70.5425,KiDS,0
KIDS_203.6_-3.5,KIDS_203p6_m3p5_r_SDSS.V1.3.0A_KiDS-1347_GAaP_Gaia.fits,0.0972210195805225,0.0327442137042262,0.1090772241009971,0.0336822137042262,0.033699507376183,0.019009,0.0393197773452145,0.021965,-0.0016957870938418,0.005962,0.0029347254074908,0.008773,0.0460431343628636,0.045402,0.0496859815824412,0.047855,0.0318541842646236,0.033625,0.0357292469770318,0.037615,0.031275,57.7119,KiDS,0
KIDS_53.5_-33.1,KIDS_53p5_m33p1_r_SDSS.V1.3.0A_KiDS-1347_GAaP_Gaia.fits,0.0506320865440009,0.0090967402133708,0.0528624975461491,0.0111107402133708,-0.0631792825328157,-0.043361,-0.0589979143622176,-0.040912,-0.0145004999631787,-0.001794,-0.0115773209278392,0.000903,0.0498987993826204,0.04381,0.0536588287093211,0.050182,0.0340283694388399,0.030209,0.037886600416751,0.034001,0.009329,-54.5796,KiDS,0
KIDS_34.8_-34.1,KIDS_34p8_m34p1_r_SDSS.V1.3.0A_KiDS-1347_GAaP_Gaia.fits,0.2228782324668595,0.0210117190968084,0.2468933621262188,0.0211917190968084,-0.0493284503506861,-0.028185,-0.0429440379870618,-0.022708,0.0287648450366791,0.044122,0.032179647771494,0.049299,0.0272725557061114,0.016677,0.0297587956800342,0.020185,-0.034987047044223,-0.048852,-0.0320647656218046,-0.044835,0.014535,-69.9241,KiDS,0
KIDS_201.6_2.5,KIDS_201p6_2p5_r_SDSS.V1.3.0A_KiDS-1347_GAaP_Gaia.fits,-0.010035664084103,-0.0691378285561893,0.0088173811717404,-0.0691378285561893,0.0492997854785851,0.050291,0.0578097103136094,0.054934,0.0145877103031285,0.016798,0.0182125834594183,0.022488,-0.0334551995424895,-0.04012,-0.0309624322940067,-0.037123,0.0377913214499421,0.031001,0.0407285801581939,0.035787,0.02217,63.9543,KiDS,0
KIDS_131.0_1.5,KIDS_131p0_1p5_r_SDSS.V1.3.0A_KiDS-1347_GAaP_Gaia.fits,0.0833209395167496,0.0600508572581817,0.0906942277581572,0.0601968572581817,0.0430537726958718,0.035151,0.0456113228988828,0.037113,0.0313229554109573,0.039459,0.0335506988666397,0.04181,0.0249740146880938,0.032813,0.0282179070407836,0.0343,0.0563129145707927,0.063662,0.0592477680518481,0.066821,0.037743,25.552,KiDS,0
KIDS_12.7_-30.2,KIDS_12p7_m30p2_r_SDSS.V1.3.0A_KiDS-1347_GAaP_Gaia.fits,0.1128108645865756,-0.0895605630292957,0.1120461343677244,-0.0888265630292957,-0.0745999543702497,-0.06193,-0.0733354001720178,-0.059256,-0.0220798337036591,-0.011646,-0.0166822411667166,-0.007471,0.0413583751100886,0.03482,0.0488586090005583,0.040453,0.0112650518944449,0.00546,0.0197510224503041,0.0093,0.016866,-86.9413,KiDS,0
KIDS_232.6_2.5,KIDS_232p6_2p5_r_SDSS.V1.3.0A_KiDS-1347_GAaP_Gaia.fits,-0.1032953529105354,-0.2052808129168673,-0.1027090109812772,-0.2042668129168673,-0.6929577300343872,-0.71035,-0.6917605442454414,-0.708477,-0.229158160336555,-0.225039,-0.2274349024353061,-0.222485,0.0291315798526725,0.034215,0.0320356294417523,0.036349,-0.0886779739921456,-0.081651,-0.0858455294441056,-0.079762,0.040436,44.6643,KiDS,0
KIDS_355.5_-27.2,KIDS_355p5_m27p2_r_SDSS.V1.3.0A_KiDS-1347_GAaP_Gaia.fits,0.0331570309272695,-0.0968739871759623,0.0516225920894587,-0.0968739871759623,0.0140020784801014,0.030362,0.0185620238486781,0.032663,0.0736073113771352,0.083672,0.0768095860251141,0.087879,0.0670089656802198,0.061362,0.0696469010484115,0.063344,0.0493363971442217,0.043906,0.0525673115090526,0.045918,0.014225,-74.5819,KiDS,0
KIDS_52.2_-26.2,KIDS_52p2_m26p2_r_SDSS.V1.3.0A_KiDS-1347_GAaP_Gaia.fits,0.1127106664854841,-0.0660550126304458,0.12619647304939,-0.0640900126304458,-0.0611611596201551,-0.026233,-0.0582517708085002,-0.023524,0.0390635848609544,0.055263,0.0408098794906153,0.056582,0.070787949702108,0.055065,0.0755111741002116,0.058112,0.0695976983914647,0.053192,0.072528944145388,0.056173,0.011667,-54.9564,KiDS,0
KIDS_170.0_-0.5,KIDS_170p0_m0p5_r_SDSS.V1.3.0A_KiDS-1347_GAaP_Gaia.fits,0.0594582225035262,-0.045703645098399,0.0547958076925314,-0.041163645098399,0.0578936688410155,0.042994,0.0593252389496567,0.044939,0.0325638874530605,0.034604,0.0362407063589552,0.038205,0.0603541116163041,0.061846,0.0647146615622745,0.065202,0.0752753092853596,0.075182,0.0798061412785568,0.079968,0.035805,54.6989,KiDS,0
KIDS_12.4_-28.2,KIDS_12p4_m28p2_r_SDSS.V1.3.0A_KiDS-1347_GAaP_Gaia.fits,0.211374721921935,0.0683511263340119,0.1978671837392216,0.0692741263340119,-0.0715335394908384,-0.065377,-0.0705692539727041,-0.061361,-0.0888427445204462,-0.079865,-0.0855650906110291,-0.07502,0.0319465706819138,0.029415,0.0378039051886418,0.032256,0.0607675700832393,0.051258,0.0640681966831535,0.057889,0.013788,-88.8184,KiDS,0
KIDS_336.2_-33.1,KIDS_336p2_m33p1_r_SDSS.V1.3.0A_KiDS-1347_GAaP_Gaia.fits,0.1045516229807416,0.0612593431468867,0.1091249825552481,0.0612843431468867,0.0630714372356664,0.067433,0.0643505130888538,0.069887,0.0248363650363426,0.032656,0.0271908536883348,0.035962,0.0344319239902479,0.033456,0.036595018971224,0.035251,-0.0059108742647802,-0.005033,-0.0026250430362852,-0.00357,0.011537,-57.9322,KiDS,0
KIDS_330.4_-29.2,KIDS_330p4_m29p2_r_SDSS.V1.3.0A_KiDS-1347_GAaP_Gaia.fits,0.1387707771924615,0.0155097487488563,0.1355661973632271,0.0167437487488563,-0.6156424595766821,-0.6258,-0.6150663816087683,-0.624655,0.0045411586909761,0.011274,0.0061936827172793,0.014078,0.0500250061226019,0.051028,0.0528938536674479,0.052839,0.0553934263183342,0.057299,0.0580385041964942,0.058697,0.024502,-52.6913,KiDS,0
KIDS_130.4_2.5,KIDS_130p4_2p5_r_SDSS.V1.3.0A_KiDS-1347_GAaP_Gaia.fits,0.0229530647746729,0.0519023815954002,0.0329387211121963,0.0544183815954002,0.0323450849215124,0.033786,0.0344377641882161,0.034421,0.0375139963441771,0.048788,0.0387150508256693,0.04988,0.0749982411564909,0.08021,0.0762580740130817,0.08139,0.0657980267688709,0.070572,0.066952330357138,0.071769,0.031239,25.4705,KiDS,0
KIDS_221.0_-0.5,KIDS_221p0_m0p5_r_SDSS.V1.3.0A_KiDS-1347_GAaP_Gaia.fits,0.1375334149162621,0.0777990532080439,0.1366217134127532,0.0778340532080439,0.0398429517235034,0.029698,0.0413023114672128,0.032969,0.0439816385929075,0.047405,0.0471490465730376,0.050199,0.0501668631542756,0.047486,0.0551585152693924,0.050873,-0.0491376467952909,-0.053111,-0.0450472700813904,-0.049902,0.033967,51.3322,KiDS,0
KIDS_31.8_-32.1,KIDS_31p8_m32p1_r_SDSS.V1.3.0A_KiDS-1347_GAaP_Gaia.fits,0.1650062098324063,-0.0728055155769972,0.1536118797633074,-0.0712245155769972,0.0323163859496834,0.042655,0.0313925715486773,0.044011,0.0330248128662993,0.048335,0.0346457036957042,0.051342,0.02066813870485,0.027596,0.0245230423393488,0.030614,-0.0554456728039417,-0.056767,-0.0541188371798436,-0.053853,0.015097,-72.8573,KiDS,0
KIDS_10.6_-32.1,KIDS_10p6_m32p1_r_SDSS.V1.3.0A_KiDS-1347_GAaP_Gaia.fits,0.1225830511529333,-0.007805309262779,0.1355775259738748,-0.005331309262779,-0.0742169145775688,-0.057064,-0.0665226304380739,-0.053932,-0.0120052641446419,-0.000501,-0.0090574319158326,0.002701,0.0541819853237995,0.045888,0.0546128760924909,0.048556,0.6345230350712452,0.626752,0.6362812345436281,0.629946,0.011964,-84.5956,KiDS,0
KIDS_169.0_-1.5,KIDS_169p0_m1p5_r_SDSS.V1.3.0A_KiDS-1347_GAaP_Gaia.fits,-0.1087919247592522,-0.2324580698364793,-0.1079325942373753,-0.2263380698364792,0.0347168254811577,0.016596,0.0370165834900805,0.020122,-0.030929304272678,-0.024269,-0.0270995532038064,-0.021959,0.0321533078291801,0.037987,0.0363883378432526,0.038737,0.1356942653293545,0.143986,0.141002133890521,0.145835,0.037137,53.3049,KiDS,0
KIDS_161.0_0.5,KIDS_161p0_0p5_r_SDSS.V1.3.0A_KiDS-1347_GAaP_Gaia.fits,0.0595665569387264,-0.0238534893179848,0.0616036234187029,-0.0217114893179848,0.0319385239369251,0.029036,0.0354400490717305,0.034598,0.0161987673756889,0.024903,0.0196065437622761,0.030121,0.0562643911436406,0.05805,0.0582346671300537,0.06459,-0.0845509895476641,-0.081102,-0.0811784492798461,-0.077281,0.042363,49.4768,KiDS,0
KIDS_338.4_-34.1,KIDS_338p4_m34p1_r_SDSS.V1.3.0A_KiDS-1347_GAaP_Gaia.fits,0.1381440091568263,0.0634387304402837,0.140687521568544,0.0632517304402837,0.0602988694244177,0.062529,0.0601833354095009,0.064047,-0.0164625570561035,-0.002319,-0.0149600820999746,0.000144,0.0741873881039532,0.07684,0.0776656283572253,0.079227,0.0556196314298204,0.056195,0.058803809507083,0.058414,0.010778,-59.6756,KiDS,0
KIDS_197.0_0.5,KIDS_197p0_0p5_r_SDSS.V1.3.0A_KiDS-1347_GAaP_Gaia.fits,0.0763904584750073,-0.0373498553534038,0.0877209365976012,-0.0381668553534038,0.0535416266719509,0.03756,0.0604991580021987,0.039358,-0.0039571298554438,0.008313,0.0006152040066492,0.010481,0.0375722174690724,0.040088,0.041556881588037,0.045138,0.0360126086506569,0.038944,0.0421636088562761,0.044635,0.01893,63.0827,KiDS,0
KIDS_162.5_-3.5,KIDS_162p5_m3p5_r_SDSS.V1.3.0A_KiDS-1347_GAaP_Gaia.fits,-0.1107443706299255,-0.159601522865602,-0.1075749725985438,-0.159601522865602,0.0127335867885974,0.017243,0.0152251224226428,0.01927,0.0083934075556669,0.017774,0.011102453774607,0.019565,0.0616731493905351,0.061392,0.0646283059874935,0.063757,0.0528380334874389,0.051391,0.0560184318625688,0.053785,0.034123,47.6094,KiDS,0
KIDS_139.4_2.5,KIDS_139p4_2p5_r_SDSS.V1.3.0A_KiDS-1347_GAaP_Gaia.fits,0.0236390217345585,-0.0335916168178908,0.0264515166811677,-0.0326716168178908,0.0750849423399795,0.067659,0.0756697690897722,0.07079,0.0548715494698873,0.057549,0.0563904914447311,0.060475,0.0436245268010722,0.04019,0.0457242188087636,0.042442,0.0747439339547614,0.072099,0.077303996934609,0.074134,0.025013,33.2979,KiDS,0
KIDS_168.0_-0.5,KIDS_168p0_m0p5_r_SDSS.V1.3.0A_KiDS-1347_GAaP_Gaia.fits,0.0919663651433626,-0.0440630889654827,0.0969453538927457,-0.0436140889654827,0.0003831345552647,-0.019009,0.0026071834366979,-0.015484,-0.002923110641562,0.00303,0.0011138636730395,0.008451,0.047816070578315,0.054453,0.0522791020538069,0.05789,0.0519705940603789,0.059461,0.0565508046363878,0.063864,0.033255,53.4661,KiDS,0
KIDS_46.3_-33.1,KIDS_46p3_m33p1_r_SDSS.V1.3.0A_KiDS-1347_GAaP_Gaia.fits,0.078863278013088,-0.0118840688481863,0.0981863643971133,-0.0112970688481863,0.0169879636681789,0.056188,0.0218390629628757,0.058063,0.0121483531542732,0.021187,0.0143478466675338,0.02427,0.0718831952409926,0.052079,0.0730640286235211,0.05472,0.0547656967185427,0.035665,0.0586059961995143,0.040978,0.01192,-60.5511,KiDS,0
KIDS_182.0_0.5,KIDS_182p0_0p5_r_SDSS.V1.3.0A_KiDS-1347_GAaP_Gaia.fits,0.1205219961877375,0.0608781198304072,0.1327880329225819,0.0601401198304072,0.1566608493355938,0.164782,0.1630016167235054,0.170212,0.0088631609363828,0.012963,0.0136472998286288,0.016038,0.0664434874000236,0.059666,0.0720274605413708,0.062084,0.0609112998084528,0.055663,0.0667704198388054,0.061098,0.020887,61.3968,KiDS,0
KIDS_333.2_-31.2,KIDS_333p2_m31p2_r_SDSS.V1.3.0A_KiDS-1347_GAaP_Gaia.fits,0.1407498953721863,0.0605962849097087,0.1390580843370242,0.0617632849097087,0.038777693259036,0.020381,0.039935687875171,0.023785,0.0179225598570763,0.031793,0.0203077188428727,0.033756,0.034325219580553,0.042693,0.0382081730832647,0.045471,0.039206778707055,0.048504,0.0420628571101433,0.050565,0.014206,-55.3057,KiDS,0
KIDS_206.0_-0.5,KIDS_206p0_m0p5_r_SDSS.V1.3.0A_KiDS-1347_GAaP_Gaia.fits,0.0845523444296977,-0.0198755536948677,0.0971541563826853,-0.0195055536948677,0.03043746237514,0.005522,0.0363167053658379,0.007797,-0.0226878138801639,-0.015492,-0.0197498535583825,-0.010407,0.0331609767220239,0.03464,0.0339981980397463,0.038644,0.0506949923828081,0.055855,0.0538856127437454,0.059361,0.022841,59.608,KiDS,0
KIDS_213.6_-3.5,KIDS_213p6_m3p5_r_SDSS.V1.3.0A_KiDS-1347_GAaP_Gaia.fits,-0.0153352991813658,-0.0927713623622415,-0.0121926945745093,-0.0927183623622415,-0.0715125099524947,-0.084563,-0.0694831522263914,-0.083012,-0.1414326383930819,-0.13765,-0.1392876122474144,-0.135389,0.0471713681944282,0.047184,0.0493154827161615,0.049874,0.0125717832599199,0.011572,0.0145982517367878,0.014195,0.044111,53.4267,KiDS,0
KIDS_216.0_1.5,KIDS_216p0_1p5_r_SDSS.V1.3.0A_KiDS-1347_GAaP_Gaia.fits,0.005842432578048,-0.040679781246659,0.0025433743560902,-0.039856781246659,0.0491034017637019,0.04963,0.0494466454384123,0.050908,0.0102424386410225,0.020934,0.0128535252357582,0.022039,0.0612672519110858,0.059383,0.0666706595557753,0.063233,0.0294139135579702,0.030467,0.0340809851745929,0.033709,0.026412,56.0948,KiDS,0
KIDS_28.5_-29.2,KIDS_28p5_m29p2_r_SDSS.V1.3.0A_KiDS-1347_GAaP_Gaia.fits,0.1888609050966114,-0.0669622761161886,0.1952351650283462,-0.0668812761161886,0.0848484602382257,0.095188,0.0894564452159906,0.098341,0.0346219762119984,0.046202,0.0391844357185059,0.053292,0.0277230953574134,0.014881,0.0310923808822761,0.018998,0.0444316915970537,0.032192,0.0496648853325341,0.036736,0.014029,-76.0617,KiDS,0
KIDS_331.2_-34.1,KIDS_331p2_m34p1_r_SDSS.V1.3.0A_KiDS-1347_GAaP_Gaia.fits,-0.0266284887105739,-0.0728666568920997,-0.0342094643916622,-0.0725526568920997,0.0517065878845087,0.051556,0.0520013219368049,0.052778,-0.2214389016260773,-0.213805,-0.2191390288798058,-0.211393,0.0555152344695344,0.050993,0.0588862901930405,0.055051,0.1136501444650806,0.106975,0.117283842722144,0.109802,0.017886,-53.7343,KiDS,0
KIDS_189.5_-2.5,KIDS_189p5_m2p5_r_SDSS.V1.3.0A_KiDS-1347_GAaP_Gaia.fits,0.0406991821530763,-0.0749397558060773,0.047813208450779,-0.0739237558060773,-0.1223843824091134,-0.15205,-0.1181839421965711,-0.148797,0.0075985078912866,0.010579,0.0110867273979412,0.015177,0.0634918577414005,0.063432,0.0669259982790388,0.067124,-0.1020696617034804,-0.1062,-0.0980767173297314,-0.101511,0.029437,60.2061,KiDS,0
KIDS_43.7_-30.2,KIDS_43p7_m30p2_r_SDSS.V1.3.0A_KiDS-1347_GAaP_Gaia.fits,0.1074608968226653,0.0227205445696485,0.0490943226108868,0.0218185445696484,-0.0257231969065269,0.016785,-0.0247331755561673,0.019925,0.0054026527727751,0.025904,0.0085799200977497,0.030456,0.0532491797172184,0.035222,0.0521475003860214,0.041647,0.1358791042526322,0.115404,0.1359325408202736,0.121696,0.015142,-62.8295,KiDS,0
KIDS_21.2_-32.1,KIDS_21p2_m32p1_r_SDSS.V1.3.0A_KiDS-1347_GAaP_Gaia.fits,0.1314581811071968,0.0492605951115757,0.148365842165922,0.0515855951115757,-0.0053077594564907,0.014794,0.0001692632184468,0.019442,-0.0032817916791251,0.008759,-0.0009868308321964,0.011366,0.0537137305971536,0.049428,0.0569341758984826,0.053602,-0.0174328523520395,-0.020563,-0.0156997735342366,-0.018238,0.024123,-81.1947,KiDS,0
KIDS_43.1_-31.2,KIDS_43p1_m31p2_r_SDSS.V1.3.0A_KiDS-1347_GAaP_Gaia.fits,0.1549021014462323,-0.0192902600846581,0.1699840964951415,-0.0192902600846581,-0.0322721544694955,-0.012994,-0.0276078691088139,-0.007521,-0.0136857057029406,0.003595,-0.010543657210809,0.005811,0.086471777405405,0.084456,0.0900022031502022,0.086743,0.0308085801245807,0.030123,0.0335559824572367,0.032453,0.016481,-63.3202,KiDS,0
KIDS_218.0_1.5,KIDS_218p0_1p5_r_SDSS.V1.3.0A_KiDS-1347_GAaP_Gaia.fits,0.0056845389731413,0.0063518061319013,0.0124621421259176,0.0062508061319014,0.0392849769414153,0.056433,0.0409744183791857,0.058228,0.0387591577483968,0.041366,0.0407966161219986,0.044523,0.0380069634568131,0.032425,0.0428040971343891,0.035254,0.0321805162019816,0.026039,0.0366070065469264,0.028715,0.032259,54.8118,KiDS,0
KIDS_45.1_-33.1,KIDS_45p1_m33p1_r_SDSS.V1.3.0A_KiDS-1347_GAaP_Gaia.fits,0.1936843686737805,0.0730474224416537,0.1851033933153911,0.0743574224416537,0.0076683265961642,0.027078,0.0070993382162871,0.027871,0.0441864154265752,0.056782,0.0457422862644053,0.059573,0.0188093020258858,0.01735,0.0204234830580295,0.018821,-0.0282998026397408,-0.026934,-0.0233515050777196,-0.02486,0.013202,-61.5168,KiDS,0
KIDS_44.9_-30.2,KIDS_44p9_m30p2_r_SDSS.V1.3.0A_KiDS-1347_GAaP_Gaia.fits,0.2125714568451767,0.0250664637006114,0.2066507615840818,0.0251644637006114,-0.0119864396786165,0.017366,-0.0090958644965972,0.018247,0.0158332491102873,0.034629,0.0179623686323187,0.036926,0.0073286200906035,-0.007855,0.0092837286431521,-0.004925,0.0614523852306961,0.051935,0.0632977052708846,0.055642,0.013145,-61.8328,KiDS,0
KIDS_158.4_3.5,KIDS_158p4_3p5_r_SDSS.V1.3.0A_KiDS-1347_GAaP_Gaia.fits,0.0371891466304085,-0.1351639416052555,0.0367573901850619,-0.1345509416052555,0.0458892142546691,0.030039,0.047788271385997,0.034201,0.0091369235154724,0.023829,0.013383408835097,0.027638,0.0395252300077557,0.048177,0.0443743468915525,0.0542,0.032567337907059,0.043191,0.0356328884452953,0.047214,0.032014,49.5112,KiDS,0
KIDS_31.4_-27.2,KIDS_31p4_m27p2_r_SDSS.V1.3.0A_KiDS-1347_GAaP_Gaia.fits,-0.050775925234262,-0.0915602808864831,-0.0351756346705587,-0.0864002808864831,0.0451711361513717,0.082671,0.0484130450410458,0.090227,0.0490343096132429,0.061787,0.0515424153513959,0.064361,0.0557406917485864,0.031531,0.0568314481851293,0.034931,-0.0391074296441251,-0.058593,-0.0349883506220401,-0.053764,0.013303,-73.5159,KiDS,0
KIDS_179.5_2.5,KIDS_179p5_2p5_r_SDSS.V1.3.0A_KiDS-1347_GAaP_Gaia.fits,0.0916085335046909,0.089667667005786,0.1047448507501027,0.089907667005786,0.0108678780379762,0.020249,0.0158858980374927,0.023388,0.0146008823746233,0.020055,0.0175503598505063,0.026236,0.0795782545264004,0.072264,0.0808832203391951,0.077146,0.0532255571436694,0.047188,0.0572486468073922,0.052381,0.023881,62.2166,KiDS,0
KIDS_186.0_1.5,KIDS_186p0_1p5_r_SDSS.V1.3.0A_KiDS-1347_GAaP_Gaia.fits,0.1418438147285873,0.0558135946022948,0.1471136396028502,0.0584265946022948,0.0514066462882026,0.0354,0.0556186433327387,0.037715,0.0459198996310213,0.046188,0.0505180201169595,0.051598,0.0701482777752272,0.065758,0.0769910221362648,0.071068,0.060928885184248,0.055494,0.067090951341959,0.060047,0.019404,63.5189,KiDS,0
KIDS_177.0_-0.5,KIDS_177p0_m0p5_r_SDSS.V1.3.0A_KiDS-1347_GAaP_Gaia.fits,0.1191344595536204,0.0537373792151594,0.1079035983747048,0.0556753792151594,0.0356911214101153,0.045847,0.0364032322835076,0.047506,0.0415472988359045,0.048219,0.0440794168824383,0.049833,0.0517131958310454,0.047622,0.0574101213748052,0.053055,0.117882643962886,0.115159,0.1245654162021408,0.121272,0.020096,58.4317,KiDS,0
KIDS_224.0_1.5,KIDS_224p0_1p5_r_SDSS.V1.3.0A_KiDS-1347_GAaP_Gaia.fits,0.1711744661484159,0.0810852619160486,0.1683272814961749,0.0813192619160486,0.0672397441036846,0.048796,0.0680184601274722,0.050031,-0.0060603976584511,0.00087,-0.0029608942776947,0.004263,0.0080033204361203,0.01456,0.0127302285745675,0.017709,0.0683067266565473,0.076395,0.0739126658757083,0.079964,0.039384,50.6443,KiDS,0
KIDS_140.4_2.5,KIDS_140p4_2p5_r_SDSS.V1.3.0A_KiDS-1347_GAaP_Gaia.fits,0.0819998634264959,0.0375724606993442,0.0926038937122185,0.0364684606993442,0.0296632612370908,0.028376,0.0343921441355946,0.030237,0.0190061702851901,0.027046,0.0213447976670698,0.030088,-0.026153774907313,-0.026148,-0.0245046984518834,-0.023555,0.0637905010571433,0.071777,0.0663157930207926,0.074048,0.034274,34.1441,KiDS,0
KIDS_340.5_-35.1,KIDS_340p5_m35p1_r_SDSS.V1.3.0A_KiDS-1347_GAaP_Gaia.fits,0.0101759750290084,-0.0489004507902037,0.0150640488549779,-0.0479974507902037,-0.1600010864287482,-0.160315,-0.1583646769920634,-0.161624,0.0022030462988032,0.012123,0.0044333075183016,0.014771,0.0638217098633302,0.061411,0.0664521912791927,0.063836,0.0951771546727959,0.093547,0.0990675214623387,0.0955,0.01092,-61.3582,KiDS,0
KIDS_178.5_-3.5,KIDS_178p5_m3p5_r_SDSS.V1.3.0A_KiDS-1347_GAaP_Gaia.fits,0.1371778353208426,0.073475423097811,0.1349720186252595,0.072554423097811,0.0645400051919014,0.065143,0.0658603181798785,0.068872,-0.0102810245359318,0.001209,-0.0060545003531919,0.004623,0.0408436444073287,0.041222,0.0474154589932873,0.046523,0.0531400610237216,0.055067,0.0577532757850782,0.058551,0.020335,56.4033,KiDS,0
KIDS_177.5_2.5,KIDS_177p5_2p5_r_SDSS.V1.3.0A_KiDS-1347_GAaP_Gaia.fits,0.0247416459347806,0.0249297983765624,0.0513516377660776,0.0257117983765624,0.0091575373680267,0.028483,0.0160420942728212,0.032071,0.0127947696021775,0.020177,0.0151389195069389,0.024312,0.4096955345501477,0.400788,0.410574323478176,0.404831,0.0261349294433414,0.016758,0.0284475483774445,0.021112,0.023941,61.2885,KiDS,0
KIDS_51.3_-29.2,KIDS_51p3_m29p2_r_SDSS.V1.3.0A_KiDS-1347_GAaP_Gaia.fits,0.0670971627548051,-0.0656386039049752,0.0968105004271701,-0.0641756039049752,0.0233895066373231,0.029787,0.0296948410541294,0.034056,-0.0465356801889593,-0.030312,-0.0441846544829664,-0.027725,0.0389500621553079,0.039357,0.0384381207468663,0.041821,0.064356496757995,0.068477,0.0683485632885348,0.071239,0.014517,-56.2369,KiDS,0
KIDS_194.5_-3.5,KIDS_194p5_m3p5_r_SDSS.V1.3.0A_KiDS-1347_GAaP_Gaia.fits,0.1288947145010784,0.0754553639485623,0.1236365268858629,0.0856713639485623,0.0704359719611904,0.054123,0.0713840246315156,0.057404,0.025819577594485,0.037824,0.0290931387817613,0.03878,0.0427886521239312,0.050189,0.0474897859987665,0.052375,0.0627762922536872,0.065654,0.0669191474677522,0.068156,0.018803,59.378,KiDS,0
KIDS_48.9_-31.2,KIDS_48p9_m31p2_r_SDSS.V1.3.0A_KiDS-1347_GAaP_Gaia.fits,0.3499524351533545,0.1385417359294918,0.3539527752857757,0.1385447359294918,0.0176346905947526,0.025001,0.0222617622510165,0.026659,0.024480962713954,0.038055,0.0284140238528328,0.041263,0.0300100025312185,0.027296,0.0351179089327547,0.03144,0.1820777031017209,0.174782,0.184527304593336,0.179659,0.014126,-58.3769,KiDS,0
KIDS_0.0_-27.2,KIDS_0p0_m27p2_r_SDSS.V1.3.0A_KiDS-1347_GAaP_Gaia.fits,0.0422102293345627,-0.0929622947952694,0.0448294070440574,-0.0920672947952694,0.0960125946628742,0.101422,0.0968314151206629,0.104492,0.0171627293416514,0.029616,0.020145527199857,0.032034,0.069018128591071,0.06759,0.0721605388625233,0.07051,-0.1182623689509155,-0.122311,-0.1128968026580554,-0.118148,0.013503,-78.5787,KiDS,0
KIDS_18.6_-31.2,KIDS_18p6_m31p2_r_SDSS.V1.3.0A_KiDS-1347_GAaP_Gaia.fits,-0.0575910747161678,-0.0820450193185446,-0.0511074646665107,-0.0774910193185446,-0.0449105194620898,-0.017186,-0.0447282922317724,-0.012853,-0.0543245967730431,-0.041407,-0.0518131515429315,-0.040484,0.0425182392520114,0.034218,0.0471831199387938,0.037279,0.0660388541878415,0.058333,0.0715597778645701,0.062097,0.020636,-83.5264,KiDS,0
KIDS_49.9_-33.1,KIDS_49p9_m33p1_r_SDSS.V1.3.0A_KiDS-1347_GAaP_Gaia.fits,0.3050453342857678,0.1253434759297268,0.3119859927981397,0.1253434759297268,-0.0308699491689079,-0.010781,-0.0264116908068293,-0.008292,0.0230955209036643,0.03685,0.0255020980277601,0.039693,-0.0473230187314966,-0.056638,-0.0436743808887278,-0.054327,0.0433401227203068,0.042046,0.0457369450487581,0.044289,0.01126,-57.5804,KiDS,0
KIDS_336.3_-28.2,KIDS_336p3_m28p2_r_SDSS.V1.3.0A_KiDS-1347_GAaP_Gaia.fits,-0.0302689385231489,-0.0391981900485454,-0.0222910164040754,-0.0372241900485455,0.03917997067533,0.055686,0.0427932290399414,0.057673,0.0178560935322794,0.03048,0.0219394445408337,0.033494,0.0346019338798973,0.033878,0.0387207671672511,0.036223,0.0384479494982072,0.03796,0.0417619515753739,0.04167,0.016541,-57.7082,KiDS,0
KIDS_355.2_-34.1,KIDS_355p2_m34p1_r_SDSS.V1.3.0A_KiDS-1347_GAaP_Gaia.fits,0.0684859392886214,-0.0218918194640285,0.0607836114031352,-0.0217008194640285,0.0301641814994152,0.036026,0.0307873259697921,0.037399,-0.0055602452665123,0.00544,-0.0037015057836486,0.007828,0.016494308671433,0.012161,0.0183021127921066,0.016023,0.1125286804027628,0.107296,0.113036195604804,0.111159,0.010559,-73.2916,KiDS,0
KIDS_339.3_-30.2,KIDS_339p3_m30p2_r_SDSS.V1.3.0A_KiDS-1347_GAaP_Gaia.fits,-0.1705017840482434,-0.1967501989500971,-0.1609634405966002,-0.1956301989500972,-0.0207718429035615,-0.008976,-0.0188966320333264,-0.007187,0.0312896507933283,0.043827,0.0327959367335251,0.045608,0.0389261781790443,0.036882,0.0401344163342762,0.039027,0.043698178588484,0.042153,0.0457656778904609,0.044193,0.012939,-60.4797,KiDS,0
KIDS_17.8_-33.1,KIDS_17p8_m33p1_r_SDSS.V1.3.0A_KiDS-1347_GAaP_Gaia.fits,0.1215137601724254,-0.0359963098266588,0.1114553673794818,-0.0381563098266588,0.0255166893842534,0.024213,0.0274051889836228,0.026848,0.0249291578857531,0.034315,0.0269289419704175,0.037334,-0.0053202055815238,-0.003657,-0.003126476308489,-0.000226,0.0405932700075345,0.043592,0.0423695134929802,0.04606,0.020779,-82.5935,KiDS,0
KIDS_9.7_-35.1,KIDS_9p7_m35p1_r_SDSS.V1.3.0A_KiDS-1347_GAaP_Gaia.fits,-0.2790301593622435,-0.3920394868403413,-0.2726607711106078,-0.3894804868403413,0.0399402975054535,0.053918,0.0452686117529083,0.056664,0.0011140686312143,0.012748,0.0046469931825777,0.015179,0.0831598413161475,0.081971,0.0864563450469855,0.084046,-0.0377622738303887,-0.037674,-0.0349337919979721,-0.035758,0.011466,-81.5811,KiDS,0
KIDS_2.3_-29.2,KIDS_2p3_m29p2_r_SDSS.V1.3.0A_KiDS-1347_GAaP_Gaia.fits,0.0659199500860279,0.0390071345536471,0.061522423150179,0.0401141345536471,0.1416766251760475,0.159898,0.1421838089864442,0.162723,-0.0617896040806322,-0.045512,-0.0587215228099888,-0.044612,0.0330433669646741,0.031616,0.0360689520965767,0.034176,0.0689860370942819,0.065227,0.0729034243893913,0.066472,0.010214,-80.4604,KiDS,0
KIDS_48.2_-27.2,KIDS_48p2_m27p2_r_SDSS.V1.3.0A_KiDS-1347_GAaP_Gaia.fits,0.1277778620610966,0.040708308496694,0.1234155584138175,0.038662308496694,0.0422495058080661,0.056183,0.0426720820474736,0.057955,-0.0034149887724956,0.013919,-0.000820676243466,0.016494,0.0008355245682696,0.002033,0.0041821956015699,0.003262,-0.0567046393574635,-0.056161,-0.0526655764104032,-0.054636,0.014782,-58.6488,KiDS,0
KIDS_158.4_-2.5,KIDS_158p4_m2p5_r_SDSS.V1.3.0A_KiDS-1347_GAaP_Gaia.fits,-0.0963256306687233,-0.1760917994596551,-0.0869847703127692,-0.1730467994596551,0.092058658125709,0.087598,0.0929362275169413,0.08934,0.004515451148674,0.011967,0.0053812176399508,0.015307,0.026846820002173,0.029665,0.0287366561611529,0.032962,0.1339457273210741,0.140443,0.1345425891933858,0.143607,0.045554,45.5352,KiDS,0
KIDS_353.0_-31.2,KIDS_353p0_m31p2_r_SDSS.V1.3.0A_KiDS-1347_GAaP_Gaia.fits,0.0128163666431092,-0.0007678975107675,0.0193700870785821,0.0016861024892324,0.0221096140676365,0.040193,0.0231076401377206,0.040587,0.0382626420890753,0.051333,0.0412405203202702,0.052387,0.053595514356317,0.050939,0.0592699625575788,0.052732,0.1344547283002853,0.1299,0.1389144008917672,0.134973,0.015702,-72.235,KiDS,0
KIDS_188.0_1.5,KIDS_188p0_1p5_r_SDSS.V1.3.0A_KiDS-1347_GAaP_Gaia.fits,-0.007964067871654,-0.034754571381037,-0.0010799069641892,-0.034146571381037,0.0243293790072887,0.03375,0.0284184560798871,0.036615,0.0249393360157044,0.036187,0.0281155430831715,0.038829,-0.0102264018241775,-0.013198,-0.0070926719369408,-0.011197,0.02652467369493,0.022031,0.03084381055089,0.026759,0.015964,63.9516,KiDS,0
KIDS_161.0_-1.5,KIDS_161p0_m1p5_r_SDSS.V1.3.0A_KiDS-1347_GAaP_Gaia.fits,0.0634674782328214,-0.067792676361689,0.067768242076081,-0.066009676361689,0.051476537618614,0.02645,0.0542692751510127,0.027621,-0.036951886855085,-0.02974,-0.0341827524247916,-0.027227,0.05931069985486,0.073342,0.0617651650840743,0.076171,0.0212480064186789,0.032911,0.0248755351751954,0.034578,0.044861,48.0541,KiDS,0
KIDS_223.0_1.5,KIDS_223p0_1p5_r_SDSS.V1.3.0A_KiDS-1347_GAaP_Gaia.fits,-0.0705342545634667,-0.0394054483828615,-0.0770215808294233,-0.0371464483828615,0.0325868021608518,0.054355,0.0333946792607685,0.055609,0.0336246985990836,0.03875,0.0353616325383564,0.041558,0.0698463799652408,0.058921,0.0732041471640982,0.061218,0.0300520841531776,0.019801,0.0344187731220138,0.022154,0.037957,51.375,KiDS,0
KIDS_22.1_-31.2,KIDS_22p1_m31p2_r_SDSS.V1.3.0A_KiDS-1347_GAaP_Gaia.fits,-0.1992687470693001,-0.2651496108479312,-0.17168428125944,-0.2653766108479312,0.0362720693239059,0.056143,0.0423044050400635,0.060154,-0.0417674426089419,-0.03086,-0.038910761432246,-0.02715,0.0783964397013592,0.070647,0.0786893442234856,0.074259,0.0409981789842559,0.034821,0.0450393614475932,0.038146,0.019669,-80.9716,KiDS,0
KIDS_162.0_1.5,KIDS_162p0_1p5_r_SDSS.V1.3.0A_KiDS-1347_GAaP_Gaia.fits,0.0168731803515123,-0.0572196758594379,0.0346012000497633,-0.0563486758594379,-0.0350780393691256,-0.026979,-0.0281853560539761,-0.023499,0.0312528231482783,0.039586,0.0343456471291757,0.042527,0.0369800183526823,0.041952,0.0388607792542144,0.045281,-0.0002100215740937,0.001759,0.002508062676246,0.004961,0.039437,50.8502,KiDS,0
KIDS_342.7_-30.2,KIDS_342p7_m30p2_r_SDSS.V1.3.0A_KiDS-1347_GAaP_Gaia.fits,0.0274747657978178,0.0503565408000836,0.0212649138436737,0.0486005408000836,0.024140681445215,0.047207,0.0251899523961655,0.050895,0.0344303653200116,0.044507,0.0368322492803164,0.04688,0.0507064443543172,0.054623,0.0560081854602643,0.058012,0.0647811387526913,0.065458,0.0678001211314545,0.068056,0.014028,-63.47,KiDS,0
KIDS_134.0_-0.5,KIDS_134p0_m0p5_r_SDSS.V1.3.0A_KiDS-1347_GAaP_Gaia.fits,-0.0790082137960786,-0.062655116527083,-0.0698279440461524,-0.062287116527083,0.031109121622671,0.03931,0.0330429075551013,0.0404,0.0449723870527383,0.053418,0.0465311779922959,0.054525,0.0116895804799558,0.015086,0.0123972345928602,0.017539,0.0433710472399753,0.041075,0.0448718254766144,0.043163,0.027897,27.1268,KiDS,0
KIDS_14.6_-35.1,KIDS_14p6_m35p1_r_SDSS.V1.3.0A_KiDS-1347_GAaP_Gaia.fits,0.1795487106533786,0.0358013206705937,0.1726614778662712,0.0368003206705937,0.0618024276703992,0.052783,0.0621705244636822,0.056237,-0.0053244601892851,0.005853,-0.0018943539218265,0.009049,0.0465549053851501,0.05499,0.0519503883075055,0.056698,0.051028953287873,0.057925,0.0555412196884398,0.060755,0.013975,-81.8426,KiDS,0
KIDS_31.5_-31.2,KIDS_31p5_m31p2_r_SDSS.V1.3.0A_KiDS-1347_GAaP_Gaia.fits,0.2055438975913632,-0.0703636932024312,0.2022359558736918,-0.0679256932024312,0.0286141313499436,0.040392,0.0305809533153675,0.043667,0.0203614593946138,0.035466,0.0245452031973979,0.042039,0.0378905019596828,0.029951,0.0408141801363039,0.036245,0.0505516587782284,0.039501,0.0553131822162612,0.045582,0.017707,-73.3047,KiDS,0
KIDS_50.5_-27.2,KIDS_50p5_m27p2_r_SDSS.V1.3.0A_KiDS-1347_GAaP_Gaia.fits,0.1871126783458845,-0.0037850375906535,0.1909011597213791,-0.0038200375906535,0.0009723546528476,0.02262,0.002853997215541,0.024917,-0.0111165966765142,0.008773,-0.006452167867247,0.012936,0.0449088559104549,0.041073,0.0519147038975007,0.043905,0.0934308815540125,0.088738,0.0990862307545988,0.093612,0.015051,-56.6915,KiDS,0
KIDS_156.0_-1.5,KIDS_156p0_m1p5_r_SDSS.V1.3.0A_KiDS-1347_GAaP_Gaia.fits,-0.0156465348697512,-0.0303309152261752,0.0007189220273863,-0.0292749152261752,-0.0840195404769717,-0.077353,-0.07735393691977,-0.074284,-0.030247975189383,-0.018878,-0.0265273637839408,-0.016252,0.0102752075052454,0.016227,0.0137833276328016,0.019489,0.0819807268895577,0.08574,0.0849387381388639,0.088534,0.04491,44.4259,KiDS,0
KIDS_231.0_-1.5,KIDS_231p0_m1p5_r_SDSS.V1.3.0A_KiDS-1347_GAaP_Gaia.fits,-0.0143254005743439,-0.022944027250905,-0.0132458912641829,-0.022578027250905,0.0457172932894254,0.065856,0.0480199075384336,0.068363,-7.227468052858902e-06,0.000329,0.0056720305431797,0.0037,0.0505862574262999,0.048965,0.0560635132100123,0.052267,-0.1032947131603547,-0.104265,-0.0979237783574264,-0.101137,0.12592,43.459,KiDS,0
KIDS_38.4_-34.1,KIDS_38p4_m34p1_r_SDSS.V1.3.0A_KiDS-1347_GAaP_Gaia.fits,0.1123063235081149,-0.0487651353360438,0.1345408748484434,-0.0445911353360438,0.0133608426538744,0.024063,0.0176605811963873,0.02623,0.0172745999726973,0.035232,0.0203883156825371,0.037444,0.0417016432439821,0.0378,0.0452018390732578,0.040876,-0.0664508434192547,-0.057604,-0.0597325459934603,-0.054733,0.017789,-66.9589,KiDS,0
KIDS_206.6_-3.5,KIDS_206p6_m3p5_r_SDSS.V1.3.0A_KiDS-1347_GAaP_Gaia.fits,0.1450966758131848,0.0569263987238752,0.1469511286310258,0.0594853987238752,0.1013281093534068,0.084316,0.1046806852605547,0.090235,-0.0013450664637563,0.007603,0.0031561056175318,0.01216,0.0138710657643223,0.022346,0.0197151875968691,0.026351,0.0166156589676288,0.023653,0.0220123905672365,0.027546,0.03432,56.653,KiDS,0
KIDS_29.2_-35.1,KIDS_29p2_m35p1_r_SDSS.V1.3.0A_KiDS-1347_GAaP_Gaia.fits,0.1254242159521515,-0.1067249769978026,0.1172501522049362,-0.1017459769978026,0.0434721138636084,0.04707,0.0455008018353623,0.050106,0.0294616507587127,0.042998,0.0315281080103245,0.045239,0.0153817758074022,0.003046,0.0130783612069053,0.006889,0.0331098786609628,0.02912,0.0360708573342353,0.03192,0.009831,-73.9347,KiDS,0
KIDS_138.0_0.5,KIDS_138p0_0p5_r_SDSS.V1.3.0A_KiDS-1347_GAaP_Gaia.fits,-0.0063849875411937,0.0142651427105923,-0.0079885659613209,0.0154081427105923,-0.0655324790285246,-0.055376,-0.0668402444979911,-0.053627,-0.0389696304720276,-0.031863,-0.0380965572554265,-0.029275,0.0817859408874771,0.072882,0.0846606774603138,0.075533,0.0875959699967905,0.080787,0.0911599195434907,0.083784,0.022516,31.0756,KiDS,0
KIDS_52.7_-27.2,KIDS_52p7_m27p2_r_SDSS.V1.3.0A_KiDS-1347_GAaP_Gaia.fits,0.1279744675901259,-0.0564077255564926,0.1324346857001594,-0.0549317255564926,-0.0103035876079585,0.018496,-0.0058882483953405,0.02043,0.0238110935657949,0.038158,0.0260894334350375,0.042169,0.0676581739437757,0.062142,0.0700104303491328,0.065086,0.0697555116298783,0.054687,0.0678708507746041,0.059966,0.007668,-54.6917,KiDS,0
KIDS_15.8_-28.2,KIDS_15p8_m28p2_r_SDSS.V1.3.0A_KiDS-1347_GAaP_Gaia.fits,0.0726209553697177,-0.0942219989815396,0.0802428804444507,-0.0920249989815396,-0.0021306094023347,0.028226,0.002818223282763,0.033102,0.0293506761784852,0.040067,0.0324437557648616,0.044069,0.0607304824290794,0.03699,0.0607424107995745,0.042104,0.0510280869484433,0.027789,0.0535114624317742,0.030978,0.021885,-87.1931,KiDS,0
KIDS_220.6_-3.5,KIDS_220p6_m3p5_r_SDSS.V1.3.0A_KiDS-1347_GAaP_Gaia.fits,0.0996468248497388,0.0347150999332582,0.1065260738691541,0.0354350999332582,-0.0520281639763226,-0.053555,-0.0478097237786091,-0.051495,0.0182151912634807,0.017854,0.0210435870721466,0.020314,0.0458181429383695,0.046291,0.0491820302635797,0.04902,0.03944446989726,0.037394,0.0417592492487199,0.041023,0.085643,49.341,KiDS,0
KIDS_344.6_-33.1,KIDS_344p6_m33p1_r_SDSS.V1.3.0A_KiDS-1347_GAaP_Gaia.fits,0.1550835923039485,0.0709572763779918,0.1507409142273383,0.0721022763779919,0.0327530603849183,0.024219,0.0346691398401007,0.02784,0.0119178233000264,0.023952,0.0150519620306189,0.027168,0.0305966712255411,0.037701,0.035560546176352,0.040362,0.0820550849098075,0.092141,0.087785821015997,0.094751,0.014819,-64.8818,KiDS,0
KIDS_356.4_-35.1,KIDS_356p4_m35p1_r_SDSS.V1.3.0A_KiDS-1347_GAaP_Gaia.fits,0.1692138762753216,0.0578766471962352,0.1451219136412734,0.0581676471962352,0.0333306944912391,0.015364,0.0291618084949141,0.021159,0.0161560425211245,0.028522,0.019301918791355,0.031144,-0.0121731252845454,-0.00544,-0.0054067974750647,-0.002133,0.0348021033177022,0.043868,0.0405586491617199,0.047959,0.011583,-73.7931,KiDS,0
KIDS_225.0_0.5,KIDS_225p0_0p5_r_SDSS.V1.3.0A_KiDS-1347_GAaP_Gaia.fits,0.067815409502939,0.0036264411158556,0.0638349651773591,0.0038694411158556,0.7007945699382034,0.68982,0.7023104596175871,0.693402,0.0123373884743816,0.017927,0.0154861412430179,0.020917,-0.0255777215685285,-0.023654,-0.0217602577031061,-0.020354,0.0194451510801334,0.022446,0.0234984334465336,0.026243,0.044554,49.2491,KiDS,0
KIDS_130.0_1.5,KIDS_130p0_1p5_r_SDSS.V1.3.0A_KiDS-1347_GAaP_Gaia.fits,0.1252546066488752,0.0586243118613488,0.1221820274935407,0.0592583118613488,0.0608321018326125,0.041043,0.0605539383371084,0.041754,0.0621323598755699,0.069053,0.0630638250126503,0.070124,0.0508875528615366,0.061877,0.0528088336034736,0.06321,0.0234382298081021,0.034517,0.025399604748038,0.035909,0.046572,24.6812,KiDS,0
KIDS_177.0_0.5,KIDS_177p0_0p5_r_SDSS.V1.3.0A_KiDS-1347_GAaP_Gaia.fits,0.1012687804294484,0.0722956792309215,0.097731575259144,0.0735806792309215,0.0134504195931307,0.023358,0.0139982465405154,0.02539,0.0123270364366497,0.020737,0.0150240028530786,0.025098,0.0543764383335122,0.043029,0.0570592117636376,0.049428,0.1177538515247616,0.112193,0.1224672946604235,0.118116,0.023158,59.3294,KiDS,0
KIDS_26.4_-34.1,KIDS_26p4_m34p1_r_SDSS.V1.3.0A_KiDS-1347_GAaP_Gaia.fits,0.0723842021753211,-0.1089026111274638,0.0784394388856346,-0.1089026111274638,-0.498964890030481,-0.536941,-0.4963540618800706,-0.531684,0.0081931654705909,0.022108,0.0117040463512326,0.02512,-0.0289296558020988,-0.01784,-0.0257069474504058,-0.014454,0.024016172465916,0.036435,0.029637022430904,0.037807,0.01773,-76.4167,KiDS,0
KIDS_195.0_1.5,KIDS_195p0_1p5_r_SDSS.V1.3.0A_KiDS-1347_GAaP_Gaia.fits,-0.1430796813765251,-0.2248866967380919,-0.1307153472823865,-0.2248066967380919,-0.2259211649996503,-0.227284,-0.2190814357647348,-0.223316,-0.0092763275379116,-0.002646,-0.0038401263249529,0.00215,-0.0277919958315576,-0.030465,-0.0217997487012228,-0.025976,0.0538198106416117,0.053391,0.0580039507427622,0.057856,0.018322,64.2952,KiDS,0
KIDS_225.0_1.5,KIDS_225p0_1p5_r_SDSS.V1.3.0A_KiDS-1347_GAaP_Gaia.fits,-0.1160928202812434,-0.1851539587794818,-0.1155779338680879,-0.1844459587794817,-0.0227066357785962,-0.028687,-0.0187121384502262,-0.024195,0.0277978868013036,0.029755,0.0316335508188437,0.033855,-0.0671975733580664,-0.070051,-0.0636697227742311,-0.066207,0.0553826476700319,0.051287,0.0591848123377779,0.055613,0.041789,49.9167,KiDS,0
KIDS_165.0_1.5,KIDS_165p0_1p5_r_SDSS.V1.3.0A_KiDS-1347_GAaP_Gaia.fits,0.1190681040178621,-0.0393723549349292,0.114432009616984,-0.0273263549349292,0.0564306997846411,0.051972,0.0578962990807308,0.051559,-0.0545604854697487,-0.047007,-0.0514353957421066,-0.04329,-0.0108527259488483,-0.0117,-0.0072064702973957,-0.007552,-0.094901701901945,-0.094888,-0.0899341157913558,-0.09079,0.026564,52.9796,KiDS,0
KIDS_9.1_-29.2,KIDS_9p1_m29p2_r_SDSS.V1.3.0A_KiDS-1347_GAaP_Gaia.fits,0.0032373515093484,-0.077322017913692,0.0040473962141158,-0.078093017913692,-0.0870605530153404,-0.068694,-0.0846980110307944,-0.063275,0.0075433132812362,0.018486,0.0119221305017043,0.022249,0.0500256656850278,0.040997,0.055673825480111,0.04282,0.0668745187319671,0.06132,0.0713100790319644,0.066566,0.016087,-86.1045,KiDS,0
KIDS_26.8_-35.1,KIDS_26p8_m35p1_r_SDSS.V1.3.0A_KiDS-1347_GAaP_Gaia.fits,-0.0591308275775103,-0.145629460162762,-0.0573161012992698,-0.145629460162762,0.025583675905181,0.041783,0.0281203228906231,0.045696,0.0135183307129556,0.025758,0.0163385841858177,0.027692,0.050670328677563,0.043418,0.0532766911971886,0.047102,-0.0684205369252303,-0.074795,-0.0663872538986827,-0.071474,0.013961,-75.6858,KiDS,0
KIDS_212.6_-2.5,KIDS_212p6_m2p5_r_SDSS.V1.3.0A_KiDS-1347_GAaP_Gaia.fits,0.1064031336301973,0.0212414707778518,0.1083856440760178,0.0212414707778518,0.0575380254926312,0.051112,0.0598798252346319,0.052722,0.0372197554257912,0.043267,0.0401402344913256,0.045677,0.1001812215618772,0.097399,0.1046166299364822,0.10136,0.0225346334907436,0.025943,0.0260940047345459,0.029446,0.053149,54.8124,KiDS,0
KIDS_343.4_-33.1,KIDS_343p4_m33p1_r_SDSS.V1.3.0A_KiDS-1347_GAaP_Gaia.fits,0.144715424105002,0.0802487931751928,0.1416075481981359,0.0813847931751928,0.0417235885252271,0.039689,0.0403195936539533,0.042496,0.0318019865161863,0.041409,0.0335979264357112,0.043459,0.0625640827152543,0.061686,0.0656711221199406,0.063478,0.0682002228318381,0.065273,0.0732103264699095,0.068011,0.014945,-63.8727,KiDS,0
KIDS_4.7_-32.1,KIDS_4p7_m32p1_r_SDSS.V1.3.0A_KiDS-1347_GAaP_Gaia.fits,0.133440969077984,0.0284929171675456,0.1446847845054792,0.0318649171675456,0.0471330246525458,0.063461,0.0498138278050484,0.065531,0.0392509637558196,0.049896,0.0417577584404065,0.051625,0.0494793208989818,0.039938,0.0525382767305012,0.044512,0.0235133183626581,0.019409,0.0269139231031231,0.022449,0.012898,-81.3173,KiDS,0
KIDS_206.6_2.5,KIDS_206p6_2p5_r_SDSS.V1.3.0A_KiDS-1347_GAaP_Gaia.fits,-0.0449012997567152,-0.1977816081232349,-0.0700008069635484,-0.1977536081232349,-0.0432616264049052,-0.073762,-0.0463416002789877,-0.07163,0.0127514781970937,0.012938,0.016485149854478,0.018031,-0.0437548591094807,-0.039477,-0.0371060955817648,-0.036441,0.0419840580760497,0.043278,0.0496334493419434,0.047086,0.022509,62.0722,KiDS,0
KIDS_45.4_-31.2,KIDS_45p4_m31p2_r_SDSS.V1.3.0A_KiDS-1347_GAaP_Gaia.fits,0.2206930618691827,0.0813030634680018,0.224840674066841,0.0823360634680018,-0.066447100338591,-0.030617,-0.0652986969369463,-0.030804,0.0167716886608882,0.037342,0.0205494409469105,0.039196,0.1477083674321418,0.144413,0.1516707523775405,0.148017,-0.007829928267835,-0.002804,-0.0004912678134737,-0.000295,0.012793,-61.3454,KiDS,0
KIDS_40.6_-28.2,KIDS_40p6_m28p2_r_SDSS.V1.3.0A_KiDS-1347_GAaP_Gaia.fits,-0.0136754375274748,-0.2429262869549623,-0.0088324341184813,-0.2449982869549623,0.0315051632676349,0.050181,0.0308750753935322,0.052825,0.020604932913876,0.041423,0.0230965427907015,0.045927,0.0355645671612593,0.040374,0.0410473917783135,0.042211,0.0520993920673368,0.047732,0.0564697228783324,0.049553,0.012912,-65.4531,KiDS,0
KIDS_170.5_-3.5,KIDS_170p5_m3p5_r_SDSS.V1.3.0A_KiDS-1347_GAaP_Gaia.fits,0.0328827068886713,-0.0822588097446197,0.0423809585472957,-0.0814398097446197,0.057157065179939,0.037383,0.0605317026196782,0.038455,0.0363339682207156,0.039894,0.0396087868494024,0.04203,0.0398101208871914,0.042374,0.043364071803884,0.045898,-0.0971122377233829,-0.095802,-0.0936479517727793,-0.091594,0.041563,52.5368,KiDS,0
KIDS_330.8_-35.1,KIDS_330p8_m35p1_r_SDSS.V1.3.0A_KiDS-1347_GAaP_Gaia.fits,0.0138971263315912,-0.0631885067223737,0.0048039199475766,-0.0616025067223737,-0.0343207020524477,-0.036658,-0.0348151962348951,-0.034016,0.0082178774324189,0.016174,0.0103237307230297,0.018599,0.0647643833341009,0.066162,0.0684179839464801,0.068922,0.0412760289296946,0.042531,0.0442796839441374,0.043846,0.013811,-53.4204,KiDS,0
KIDS_53.0_-28.2,KIDS_53p0_m28p2_r_SDSS.V1.3.0A_KiDS-1347_GAaP_Gaia.fits,0.1067088205003417,-0.0624382253475751,0.096410951244293,-0.0644322253475751,-0.0440676859212296,-0.021535,-0.0441075920697442,-0.020213,0.0330469804469664,0.050691,0.0346655503550593,0.052084,0.0509294725373116,0.044007,0.0532139112120015,0.044711,-0.0575865233063232,-0.062358,-0.0562619215212635,-0.060478,0.007044,-54.5667,KiDS,0
KIDS_131.0_-1.5,KIDS_131p0_m1p5_r_SDSS.V1.3.0A_KiDS-1347_GAaP_Gaia.fits,0.0081574512594648,0.0417126888876386,0.0192494689514261,0.0417886888876386,0.0144381078097657,0.021899,0.0192340237622845,0.023007,0.0498382934015322,0.061674,0.0513476075550075,0.062835,0.0321867069952755,0.039169,0.0346473711832071,0.040963,0.0423790528457946,0.048227,0.0450037690692009,0.050496,0.027152,24.0607,KiDS,0
KIDS_23.8_-33.1,KIDS_23p8_m33p1_r_SDSS.V1.3.0A_KiDS-1347_GAaP_Gaia.fits,0.1250089521736928,0.0618242765417491,0.1219608083094915,0.0619812765417491,0.0334661196116782,0.052658,0.0389735993087029,0.055048,-0.117014871088187,-0.107691,-0.1124974860845741,-0.102568,0.0895800271698419,0.085349,0.0924483376750318,0.089382,0.0379534955921164,0.033787,0.0428017998578362,0.037265,0.019564,-78.8322,KiDS,0
KIDS_52.9_-30.2,KIDS_52p9_m30p2_r_SDSS.V1.3.0A_KiDS-1347_GAaP_Gaia.fits,0.1288100504567701,-0.0514603735483445,0.1417638683519429,-0.0514603735483445,-0.0331281487419655,-0.021199,-0.02971939595803,-0.01933,0.0127803245952536,0.027096,0.0150256486692882,0.030542,0.0309270204907945,0.018577,0.0327452308584666,0.021907,0.0540438479524362,0.043449,0.0557622197686789,0.046748,0.009694,-54.8924,KiDS,0
KIDS_222.0_1.5,KIDS_222p0_1p5_r_SDSS.V1.3.0A_KiDS-1347_GAaP_Gaia.fits,0.1318994368505531,0.0882503177092363,0.1498578789045104,0.0886763177092363,0.0342095655436607,0.031769,0.0413136202101748,0.033205,-0.1060332525090709,-0.09843,-0.1034530780848465,-0.095085,0.0551068788754296,0.055502,0.0568946166325532,0.058068,0.0209351679814424,0.023017,0.0222377835216108,0.026188,0.037043,52.0826,KiDS,0
KIDS_208.6_3.5,KIDS_208p6_3p5_r_SDSS.V1.3.0A_KiDS-1347_GAaP_Gaia.fits,0.1007734773453787,0.0109123242071528,0.0980624080535688,0.0154073242071528,0.0537430679236328,0.042886,0.0530001387807804,0.046072,-0.1505382439748211,-0.14146,-0.1478910349313172,-0.138502,0.044658395839431,0.04932,0.0484976948424816,0.052045,0.0389577255963088,0.042734,0.0422399575668482,0.045086,0.023693,62.003,KiDS,0
KIDS_0.0_-34.1,KIDS_0p0_m34p1_r_SDSS.V1.3.0A_KiDS-1347_GAaP_Gaia.fits,-0.0669248201708196,-0.0436556394952502,-0.045310963873611,-0.0431816394952502,0.0006642232797881,0.041591,0.0043680472185402,0.044562,-0.0444991525423303,-0.030227,-0.0419931556851102,-0.028226,0.045241678350384,0.044467,0.0500351465438771,0.04778,-0.00694842660775,-0.012889,-0.00420838208596,-0.011072,0.011846,-76.9097,KiDS,0
KIDS_353.1_-30.2,KIDS_353p1_m30p2_r_SDSS.V1.3.0A_KiDS-1347_GAaP_Gaia.fits,0.0892262995092922,-0.0319236529452187,0.0805116061668111,-0.0303156529452187,-0.3781506817752453,-0.374552,-0.3772439573438442,-0.373113,0.0055230657177377,0.017463,0.0081887810506705,0.020247,0.0464684882245169,0.054143,0.0494823186148568,0.057964,0.126667504247757,0.133576,0.1296367340220391,0.135746,0.015403,-72.4245,KiDS,0
KIDS_208.6_-3.5,KIDS_208p6_m3p5_r_SDSS.V1.3.0A_KiDS-1347_GAaP_Gaia.fits,-0.0391139917475197,-0.1109866768183008,-0.0434441646565794,-0.1108096768183008,0.0569965032181551,0.047146,0.0604170942973872,0.051426,-0.0026787080610381,0.005768,0.0022728877552818,0.0092,0.0370345871870866,0.040942,0.0436061054021359,0.043838,0.0081368543919431,0.011586,0.01360367286782,0.013642,0.036352,55.8356,KiDS,0
KIDS_232.0_-0.5,KIDS_232p0_m0p5_r_SDSS.V1.3.0A_KiDS-1347_GAaP_Gaia.fits,0.0541378061600403,0.062631214174471,0.0571746145093461,0.064435214174471,0.044865580328119,0.060062,0.0470162914639176,0.061815,0.0424280285680188,0.040374,0.0452376787470486,0.044324,0.0500279803891079,0.043972,0.052754907491697,0.046364,0.059614626746711,0.052952,0.0630804815446936,0.056195,0.093566,43.3326,KiDS,0
KIDS_342.1_-27.2,KIDS_342p1_m27p2_r_SDSS.V1.3.0A_KiDS-1347_GAaP_Gaia.fits,0.0978627590231489,-0.0067205107765801,0.0914301845862449,-0.0077455107765801,0.0502004483338928,0.044215,0.049310304047205,0.045782,0.0258108522338234,0.039568,0.0285118245650318,0.040845,0.0581464651163722,0.06692,0.0643354211431929,0.069409,0.1104974562667283,0.117869,0.1154161995970532,0.120359,0.018268,-62.668,KiDS,0
KIDS_331.5_-33.1,KIDS_331p5_m33p1_r_SDSS.V1.3.0A_KiDS-1347_GAaP_Gaia.fits,0.1135770410271548,0.0125397171241759,0.1161485791304069,0.0163157171241759,0.0465536562167067,0.033968,0.0496521278697811,0.034614,0.0294518450006032,0.040529,0.0316684714141436,0.041497,-0.0007289253832446,0.002238,0.0012400142035,0.004101,0.0447043599802028,0.048118,0.0463700456361618,0.051311,0.024505,-53.9375,KiDS,0
KIDS_349.9_-27.2,KIDS_349p9_m27p2_r_SDSS.V1.3.0A_KiDS-1347_GAaP_Gaia.fits,-0.0383155030191321,-0.0980775333412705,-0.034427607703208,-0.0980775333412705,0.0474654853713864,0.052493,0.0498518809702745,0.054525,-0.1140707731804417,-0.103028,-0.1114446127974057,-0.100816,0.0358744007817584,0.036861,0.0390103097797899,0.038265,-0.0747856497097735,-0.071935,-0.071560382688918,-0.0704,0.020196,-69.5876,KiDS,0
KIDS_221.6_2.5,KIDS_221p6_2p5_r_SDSS.V1.3.0A_KiDS-1347_GAaP_Gaia.fits,0.0502787069178251,0.0237601658245971,0.056338148053695,0.0241411658245971,0.0368789583412782,0.045912,0.0424221992948465,0.048913,-0.0041068639991083,0.003746,0.0003592780270903,0.007649,0.0393087481615202,0.037726,0.0432359393139663,0.040651,0.0283435042746104,0.025626,0.0342305200379738,0.031487,0.033922,53.0515,KiDS,0
KIDS_159.0_-0.5,KIDS_159p0_m0p5_r_SDSS.V1.3.0A_KiDS-1347_GAaP_Gaia.fits,0.1115721313110952,-0.044729611522959,0.1208114989285067,-0.044729611522959,0.0558272481201989,0.037805,0.0587202503782903,0.042147,-0.0528954170649335,-0.046033,-0.0487260127852748,-0.042358,0.0627845275179113,0.075889,0.0665731715972886,0.078697,0.0511140441752163,0.065226,0.0552060659075376,0.068715,0.060321,47.3096,KiDS,0
KIDS_197.5_3.5,KIDS_197p5_3p5_r_SDSS.V1.3.0A_KiDS-1347_GAaP_Gaia.fits,0.109306395572086,0.0394999357457721,0.1003194824928686,0.0404689357457721,-0.0635281578142387,-0.079988,-0.0638701818578809,-0.072654,-0.1303178199609082,-0.125491,-0.1270926704122782,-0.122899,0.0859055871529931,0.081691,0.0908776505150139,0.084724,-0.1282804430157431,-0.133618,-0.1238084305602228,-0.130049,0.025138,65.9136,KiDS,0
KIDS_32.2_-30.2,KIDS_32p2_m30p2_r_SDSS.V1.3.0A_KiDS-1347_GAaP_Gaia.fits,0.0645786598321439,-0.1170306745241005,0.0461742842682467,-0.1157966745241005,0.017904556332701,0.034797,0.0185218909874966,0.036641,0.0285216863748352,0.049186,0.0309118172774015,0.051771,0.0317382163044297,0.026926,0.0344361786615353,0.029523,0.0434243528844327,0.041797,0.0455687101171398,0.045159,0.01668,-72.7734,KiDS,0
KIDS_343.7_-31.2,KIDS_343p7_m31p2_r_SDSS.V1.3.0A_KiDS-1347_GAaP_Gaia.fits,0.0862922485159219,0.0471661461784422,0.0885487202290832,0.0486791461784422,0.0399650109755127,0.041117,0.0389874414325708,0.043193,0.030676718855514,0.040863,0.0329510168631751,0.042904,0.025273063640045,0.0249,0.0294651025834928,0.02769,0.055089929652621,0.056238,0.0591524672874361,0.058629,0.017629,-64.2483,KiDS,0
KIDS_47.8_-26.2,KIDS_47p8_m26p2_r_SDSS.V1.3.0A_KiDS-1347_GAaP_Gaia.fits,-0.0504644195371075,-0.2073802873025402,-0.0435280608459437,-0.2073802873025402,-0.1012436888159747,-0.073849,-0.0981010710962585,-0.073421,0.0365560935121114,0.051177,0.0394036414307455,0.054423,0.065031088402832,0.057664,0.0676525385044832,0.05936,0.0034212876009941,-0.002339,0.0079192088776734,-0.000169,0.015079,-58.874,KiDS,0
KIDS_53.0_-28.2,KIDS_53p0_m28p2_r_SDSS.V1.0.0A_KiDS-1347_GAaP_Gaia.fits,0.1067088205003417,-0.0624382253475751,0.096410951244293,-0.0644322253475751,-0.0440676859212296,-0.021535,-0.0441075920697442,-0.020213,0.0330469804469664,0.050691,0.0346655503550593,0.052084,0.0509294725373116,0.044007,0.0532139112120015,0.044711,-0.0575865233063232,-0.062358,-0.0562619215212635,-0.060478,0.007044,-54.5667,KiDS,0
KIDS_42.2_-29.2,KIDS_42p2_m29p2_r_SDSS.V1.3.0A_KiDS-1347_GAaP_Gaia.fits,-0.0848268163864424,-0.1792480867092674,-0.0834466442383236,-0.1787990867092675,-0.1579261374181032,-0.122966,-0.1542622972974419,-0.121409,0.0204068267115267,0.033742,0.0232397426753193,0.036563,0.0639912865966829,0.054421,0.0671811400826327,0.057105,0.061697755149629,0.052434,0.0653235105049397,0.054512,0.014858,-64.1653,KiDS,0
KIDS_184.5_2.5,KIDS_184p5_2p5_r_SDSS.V1.3.0A_KiDS-1347_GAaP_Gaia.fits,0.1179153295329959,0.0809460557838128,0.1312828675584044,0.0810890557838129,-0.0623693536955206,-0.062557,-0.0570749284301702,-0.059934,0.0310312912570186,0.032473,0.0333112531759228,0.035791,0.0495017987019633,0.037618,0.0521664973200937,0.040132,0.0734775429253391,0.063756,0.0769555318013569,0.068396,0.017232,64.0714,KiDS,0
KIDS_6.9_-30.2,KIDS_6p9_m30p2_r_SDSS.V1.3.0A_KiDS-1347_GAaP_Gaia.fits,0.1295149898156206,0.0253961001912062,0.1331643033244244,0.0253961001912062,0.0356613169803452,0.036457,0.0350153954535225,0.038673,0.061250257677655,0.073193,0.0653103209759558,0.076219,-0.0058005966015515,-0.002582,0.0018428398390459,0.001463,0.6296665158728373,0.62959,0.6359322245708185,0.634417,0.014907,-83.9418,KiDS,0
KIDS_208.0_-0.5,KIDS_208p0_m0p5_r_SDSS.V1.3.0A_KiDS-1347_GAaP_Gaia.fits,-0.0350145274248919,-0.1178935177829044,-0.0333794427608154,-0.1183005177829044,0.0694559376688239,0.053394,0.072257166328628,0.054265,-0.0450002444845999,-0.040828,-0.0423274907280374,-0.038465,0.0641793478281047,0.061046,0.0677953015574476,0.064827,0.0095041847611896,0.007372,0.0125516934159007,0.01129,0.031844,58.7871,KiDS,0
KIDS_217.0_-0.5,KIDS_217p0_m0p5_r_SDSS.V1.3.0A_KiDS-1347_GAaP_Gaia.fits,0.0082573264935327,-0.0708981343904431,0.012235871507544,-0.0698491343904431,-0.0403707393587671,-0.04439,-0.0384672297426748,-0.042323,-0.0807900225012886,-0.06911,-0.0786727117831448,-0.067273,-0.0845787602214866,-0.079336,-0.0822547393215002,-0.076011,0.0476643851718168,0.051095,0.0497918959276641,0.054104,0.03659,53.9129,KiDS,0
KIDS_52.9_-32.1,KIDS_52p9_m32p1_r_SDSS.V1.3.0A_KiDS-1347_GAaP_Gaia.fits,0.0959530206215958,-0.0399468059072053,0.0882449352414983,-0.0387798059072053,-0.0242172274875091,-0.011991,-0.0241251002086409,-0.01113,0.0184609634425459,0.030644,0.0200254181844373,0.032326,0.0529732179411658,0.045678,0.0531171341242721,0.048566,0.0422598232084668,0.033269,0.0435420376003135,0.035517,0.010295,-55.0092,KiDS,0
KIDS_351.0_-27.2,KIDS_351p0_m27p2_r_SDSS.V1.3.0A_KiDS-1347_GAaP_Gaia.fits,-0.010797885556264,-0.1144409787936057,-0.0154039812633517,-0.1134289787936057,0.0176019328476701,0.058437,0.0209679182939874,0.059781,0.0269301862146612,0.03901,0.0283921952852961,0.040915,0.0460581907153461,0.040464,0.0486256050576252,0.042461,0.0561757620004338,0.043721,0.0592176009626262,0.045648,0.016618,-70.5869,KiDS,0
KIDS_358.8_-33.1,KIDS_358p8_m33p1_r_SDSS.V1.3.0A_KiDS-1347_GAaP_Gaia.fits,0.1657758855859643,0.091437775905491,0.1604762199643303,0.092183775905491,0.0740417485794206,0.084701,0.0751763998438687,0.087341,0.0302255894807968,0.041574,0.0327229712004411,0.043286,0.0756781344245804,0.076956,0.0804388891104739,0.078933,0.1529996458841941,0.149196,0.1585687649202322,0.152727,0.010569,-76.4658,KiDS,0
KIDS_348.3_-31.2,KIDS_348p3_m31p2_r_SDSS.V1.3.0A_KiDS-1347_GAaP_Gaia.fits,-0.0446012366150035,0.0643538940753607,-0.0377470716532601,0.0648738940753606,-0.0632173849278347,-0.025372,-0.0599238027991519,-0.02316,0.0530839182720304,0.061626,0.0553843733736899,0.063645,0.0263020469329223,0.014836,0.0287671205283483,0.017365,0.0724562764154053,0.055167,0.0757815371017437,0.057293,0.014513,-68.2575,KiDS,0
KIDS_29.9_-30.2,KIDS_29p9_m30p2_r_SDSS.V1.3.0A_KiDS-1347_GAaP_Gaia.fits,-0.0338472141870336,-0.0660342515633088,-0.0398292437096341,-0.0627822515633087,-0.0775443144432982,-0.053528,-0.0751771141209977,-0.050123,0.0863860740113709,0.098004,0.0894874174087108,0.099929,0.0623923172013213,0.054232,0.0636841656406542,0.056373,-0.0282364046282966,-0.044237,-0.0265234327949968,-0.034951,0.014931,-74.7708,KiDS,0
KIDS_1.2_-35.1,KIDS_1p2_m35p1_r_SDSS.V1.3.0A_KiDS-1347_GAaP_Gaia.fits,-0.0196036748713804,-0.1089366135929513,-0.0088624490334254,-0.1070166135929513,-0.0591135352355301,-0.05589,-0.0557070896640063,-0.050838,0.1202945044671915,0.13244,0.1234982746873876,0.134337,0.0272031173371653,0.026774,0.0294750071923673,0.030133,0.0664796126526249,0.069285,0.070514360867588,0.072014,0.011853,-77.2742,KiDS,0
KIDS_174.0_1.5,KIDS_174p0_1p5_r_SDSS.V1.3.0A_KiDS-1347_GAaP_Gaia.fits,-0.0215659159961726,0.0200599186406363,0.0112244082304274,0.0206029186406363,-0.1083702476797685,-0.072231,-0.0979287042683449,-0.069698,0.0396488226555225,0.042171,0.0427584046145753,0.046096,0.0518951595688874,0.03798,0.0534614653411719,0.04279,0.076482039911473,0.061023,0.0782562984355271,0.06376,0.022185,58.6247,KiDS,0
KIDS_351.5_-35.1,KIDS_351p5_m35p1_r_SDSS.V1.3.0A_KiDS-1347_GAaP_Gaia.fits,0.0526685870189908,0.0053269283150366,0.0554226100717273,0.0053269283150366,0.0459984655097702,0.051431,0.0487439664765495,0.053748,0.0259799891018005,0.036374,0.0277107778981178,0.03926,0.0714024149928046,0.07173,0.07220923421921,0.072879,0.0453073780879128,0.043872,0.0457134836445356,0.046941,0.016794,-70.0729,KiDS,0
KIDS_186.5_-2.5,KIDS_186p5_m2p5_r_SDSS.V1.3.0A_KiDS-1347_GAaP_Gaia.fits,0.1199996152586669,0.0321371380894037,0.1288583132433747,0.0330811380894037,0.0464710122376058,0.041239,0.0513088278452046,0.043391,-0.1858182278427569,-0.176647,-0.1820194127503742,-0.173265,-0.0259986115269533,-0.027395,-0.0223962818019072,-0.023132,0.0510959894874435,0.049965,0.0552934828302435,0.054664,0.025948,59.7621,KiDS,0
KIDS_37.7_-35.1,KIDS_37p7_m35p1_r_SDSS.V1.3.0A_KiDS-1347_GAaP_Gaia.fits,-0.0005733527400657,-0.1316476911421012,-0.0147419728552602,-0.1317446911421012,0.0818523163131373,0.089356,0.0821183709749608,0.091387,-0.0983463531204561,-0.081347,-0.0966804718261022,-0.079255,0.0261035835428427,0.033479,0.0291264080107324,0.035167,0.0336934205380034,0.038841,0.0361545111594968,0.041793,0.017528,-67.3636,KiDS,0
KIDS_347.2_-31.2,KIDS_347p2_m31p2_r_SDSS.V1.3.0A_KiDS-1347_GAaP_Gaia.fits,0.1401300436772046,0.0237464276255676,0.1366633284186424,0.0240844276255676,0.0576559690723118,0.052866,0.059813998909211,0.056787,0.0280245364891383,0.038168,0.0307450588153464,0.042042,0.0448658770742062,0.046955,0.0488146369146233,0.049873,-0.0502251112269014,-0.050579,-0.0457007160536532,-0.047533,0.018,-67.2761,KiDS,0
KIDS_175.0_-1.5,KIDS_175p0_m1p5_r_SDSS.V1.3.0A_KiDS-1347_GAaP_Gaia.fits,0.0859095292625733,0.0006773584219119,0.090312581516896,0.0025433584219119,0.043458798109256,0.035465,0.0471486476839357,0.042207,0.0196735104869093,0.027985,0.0235818823236227,0.03179,0.0396627601295345,0.036936,0.045519981246851,0.04174,0.0532747479682411,0.051558,0.0599169725172734,0.05662,0.01611,56.6227,KiDS,0
KIDS_211.0_-0.5,KIDS_211p0_m0p5_r_SDSS.V1.3.0A_KiDS-1347_GAaP_Gaia.fits,0.1416730598970526,0.0709478907703909,0.1498951384386457,0.0715638907703908,0.0758073216865767,0.071272,0.0796877486744173,0.073245,0.0250803947022349,0.033656,0.027933632168232,0.035338,0.0200240991904247,0.025984,0.0222701868732489,0.028456,0.0583247593283406,0.061755,0.0615298783411802,0.065756,0.042402,57.3348,KiDS,0
KIDS_355.5_-28.2,KIDS_355p5_m28p2_r_SDSS.V1.3.0A_KiDS-1347_GAaP_Gaia.fits,0.0693928251885276,-0.0569967530676217,0.0737383012035004,-0.0584087530676217,-0.0017262852465825,-0.013717,0.0017466911112602,-0.013461,0.0083323990147988,0.019854,0.011390925308572,0.02152,0.0624293382866465,0.067787,0.0656587636566534,0.070572,0.0593953258937023,0.064955,0.0617690839565665,0.06756,0.013061,-74.6025,KiDS,0
KIDS_222.0_-1.5,KIDS_222p0_m1p5_r_SDSS.V1.3.0A_KiDS-1347_GAaP_Gaia.fits,0.1408304836871954,0.0649957732294063,0.1393916950472768,0.0665107732294063,0.0516466425512758,0.040425,0.0533345132516018,0.044733,0.0071128671353562,0.012459,0.0100005882714922,0.014552,0.0295710821432995,0.031247,0.0338441996063074,0.034452,-0.0383141507379321,-0.034537,-0.0340205646449485,-0.030428,0.044712,49.9072,KiDS,0
KIDS_335.0_-33.1,KIDS_335p0_m33p1_r_SDSS.V1.3.0A_KiDS-1347_GAaP_Gaia.fits,0.0954007093436294,0.0468690499454656,0.0973947147317529,0.0491510499454656,0.0359348165623474,0.033284,0.0380072772876897,0.035937,0.0032413745049982,0.012432,0.0050342751142512,0.014518,0.0363629079778032,0.033133,0.0390126355399528,0.035243,0.0544367425035047,0.05162,0.0556042817790235,0.054043,0.011609,-56.9361,KiDS,0
KIDS_28.8_-30.2,KIDS_28p8_m30p2_r_SDSS.V1.3.0A_KiDS-1347_GAaP_Gaia.fits,0.1288955317590414,-0.027097025044254,0.1446913141946751,-0.026883025044254,-0.0134373501811141,-0.000233,-0.0110585883778839,0.002583,0.0037961490248244,0.017706,0.0057904735152179,0.019527,0.0191784191214993,0.01039,0.0204694249949441,0.014384,0.0324070952047454,0.026837,0.0362738017174301,0.028821,0.015106,-75.6994,KiDS,0
KIDS_340.0_-32.1,KIDS_340p0_m32p1_r_SDSS.V1.3.0A_KiDS-1347_GAaP_Gaia.fits,0.1189070416173472,0.0681026538620362,0.1166591782888028,0.0684436538620362,0.0336687024885597,0.035595,0.034489427624908,0.037582,0.028600790166943,0.041249,0.0309029478605658,0.042448,0.0702799074744315,0.071862,0.0739960046762929,0.074322,0.0272870823092509,0.025507,0.0313382419741753,0.028459,0.012239,-61.1112,KiDS,0
KIDS_50.4_-34.1,KIDS_50p4_m34p1_r_SDSS.V1.3.0A_KiDS-1347_GAaP_Gaia.fits,0.1369438803338533,0.0066309645854684,0.1416481359918994,0.0072639645854684,0.0061984097224106,0.04522,0.0086227996673333,0.047142,0.0532662650609752,0.066931,0.0567262751705671,0.070523,0.0795014037561884,0.063143,0.0836252136977414,0.067049,0.1091314604194839,0.092395,0.1140662013816751,0.093634,0.009386,-57.1154,KiDS,0
KIDS_231.0_-0.5,KIDS_231p0_m0p5_r_SDSS.V1.3.0A_KiDS-1347_GAaP_Gaia.fits,0.0839349210963781,0.0833652298221869,0.091138519088148,0.0843262298221868,0.0454701503042411,0.05652,0.0491664696284009,0.05873,0.0213301012318028,0.022918,0.0247573144369766,0.025714,0.0474098094027396,0.042034,0.051156614806667,0.04515,0.0261152306114457,0.019661,0.0303076687707908,0.023829,0.073195,44.1079,KiDS,0
KIDS_218.0_-0.5,KIDS_218p0_m0p5_r_SDSS.V1.3.0A_KiDS-1347_GAaP_Gaia.fits,0.1446802608497877,0.0639275478981766,0.1479849625876779,0.0646485478981766,0.0544233063307985,0.03907,0.0566751669089274,0.042543,0.007587964074649,0.011095,0.0094499917285327,0.013386,0.041925191693042,0.04328,0.0448940978486717,0.046842,0.0760668510637169,0.080473,0.0803646626972973,0.085184,0.037894,53.297,KiDS,0
KIDS_204.0_1.5,KIDS_204p0_1p5_r_SDSS.V1.3.0A_KiDS-1347_GAaP_Gaia.fits,0.012815314924187,-0.1106850569802375,0.0345443956561589,-0.1106850569802375,0.0606407040636799,0.039541,0.0680812983222629,0.041733,0.0086107369242483,0.010615,0.0114043608574854,0.01333,0.026679931562689,0.021597,0.026696201660149,0.024301,0.1077945985927896,0.105434,0.1095248219690397,0.108161,0.021233,62.2378,KiDS,0
KIDS_129.0_1.5,KIDS_129p0_1p5_r_SDSS.V1.3.0A_KiDS-1347_GAaP_Gaia.fits,0.063698614126808,0.0439514140377992,0.0632768391821265,0.0443014140377992,-0.01102459107785,-0.018245,-0.0102603294745878,-0.016542,0.0325779355315788,0.041522,0.0342122394744196,0.043124,0.0375125335812504,0.042472,0.0403489404305351,0.044023,0.0497067909699443,0.053796,0.0519689732985557,0.054841,0.040374,23.8203,KiDS,0
KIDS_185.0_-0.5,KIDS_185p0_m0p5_r_SDSS.V1.3.0A_KiDS-1347_GAaP_Gaia.fits,0.1768914381643054,0.0865550230222728,0.1846857270897174,0.0883460230222728,0.0468692070093626,0.030901,0.0503673679516209,0.033067,-0.0142756339271498,-0.014713,-0.0097081302489211,-0.009419,0.0638983549505382,0.053307,0.0697085815950462,0.060122,0.0251412509448337,0.013101,0.0320637296555547,0.017344,0.022092,61.357,KiDS,0
KIDS_10.9_-35.1,KIDS_10p9_m35p1_r_SDSS.V1.3.0A_KiDS-1347_GAaP_Gaia.fits,-0.0863068510058179,-0.116846223342975,-0.063622167920228,-0.116070223342975,0.0098262198218483,0.037389,0.0202102124122598,0.042056,0.0617919414162418,0.06809,0.0673512457305488,0.07305,0.0749507895040402,0.062654,0.0798917383969889,0.067213,-0.0427066841458993,-0.048854,-0.0368422426231764,-0.042722,0.012774,-81.8194,KiDS,0
KIDS_39.6_-31.2,KIDS_39p6_m31p2_r_SDSS.V1.3.0A_KiDS-1347_GAaP_Gaia.fits,0.2189151875110878,0.0457278703576425,0.2184672849764697,0.0464118703576425,0.0266759883139781,0.05824,0.0273251687900383,0.062618,0.0249567273225995,0.036631,0.0272306612839661,0.038581,0.0352164148837462,0.024219,0.0409767592672199,0.028091,0.0472535531272438,0.034367,0.0497452589660186,0.041247,0.024801,-66.3441,KiDS,0
KIDS_187.5_-2.5,KIDS_187p5_m2p5_r_SDSS.V1.3.0A_KiDS-1347_GAaP_Gaia.fits,0.0729546991028759,0.0357736275105269,0.0874450885837565,0.0361376275105269,0.0517485466752782,0.047988,0.0582423743974144,0.051244,-0.0594409272983641,-0.052935,-0.0551242341750638,-0.049114,0.0205201729323528,0.01689,0.02542578565234,0.019701,0.0101733341448309,0.008783,0.0153163930902142,0.012202,0.02318,59.9627,KiDS,0
KIDS_182.5_3.5,KIDS_182p5_3p5_r_SDSS.V1.3.0A_KiDS-1347_GAaP_Gaia.fits,0.093861408237162,0.0398562820147593,0.0978038064744864,0.0398562820147593,0.0399138684939762,0.030725,0.0442191700288489,0.034164,0.0041358228396793,0.016929,0.0084812542344008,0.020053,0.0474873362493822,0.04684,0.0521874973475895,0.051451,0.0410554599705272,0.040802,0.0452553582328053,0.045089,0.016169,64.3646,KiDS,0
KIDS_168.5_-3.5,KIDS_168p5_m3p5_r_SDSS.V1.3.0A_KiDS-1347_GAaP_Gaia.fits,0.0154144501471748,-0.1180824198394595,0.0193001781365366,-0.1149484198394595,-0.0520976366882328,-0.070842,-0.0493642868841178,-0.067271,-0.1345902141614429,-0.128081,-0.1309895198234535,-0.12404,0.0067646715758789,0.018247,0.0120046431993315,0.021815,0.0037193039713034,0.013807,0.0099236880023595,0.018004,0.041531,51.3842,KiDS,0
KIDS_342.9_-29.2,KIDS_342p9_m29p2_r_SDSS.V1.3.0A_KiDS-1347_GAaP_Gaia.fits,0.0331524664637219,4.04543783064093e-06,0.0374338171067134,0.0042400454378306,-0.0099808900685558,-0.007514,-0.0075365439989911,-0.004427,-0.0030638005496216,0.003084,-0.0004117234408397,0.005309,0.0452851965162664,0.040973,0.048538513146984,0.043224,0.068996802261997,0.065736,0.0723350659191008,0.067698,0.016854,-63.5876,KiDS,0
KIDS_49.4_-32.1,KIDS_49p4_m32p1_r_SDSS.V1.3.0A_KiDS-1347_GAaP_Gaia.fits,0.1801896628275853,0.0524459228131662,0.1818228901706249,0.0524859228131662,0.0244737704903128,0.037785,0.0266245474707176,0.040428,0.0481374895920204,0.062881,0.0504986954173466,0.064701,0.0445712710338891,0.038766,0.0479622730325705,0.040276,0.0391916476115293,0.035563,0.0427234467873493,0.038094,0.014332,-57.9843,KiDS,0
KIDS_184.0_0.5,KIDS_184p0_0p5_r_SDSS.V1.3.0A_KiDS-1347_GAaP_Gaia.fits,0.1377193683222623,0.0788509352216009,0.1623101689237387,0.0789619352216009,0.0302359734594828,0.022875,0.0401173448579228,0.029804,0.0060102690559387,0.00835,0.0096030553580762,0.013348,0.0563362640871539,0.043548,0.0570685385367806,0.046878,0.0353495198572461,0.029112,0.0367929463911811,0.033838,0.020903,62.0567,KiDS,0
KIDS_354.2_-31.2,KIDS_354p2_m31p2_r_SDSS.V1.3.0A_KiDS-1347_GAaP_Gaia.fits,0.1323282809629264,0.0322297016316601,0.1319933341378485,0.0322667016316601,0.0455266682767646,0.042561,0.0457351808780617,0.045194,0.036874383851512,0.049571,0.0395362135149928,0.051575,0.0757103494348631,0.076659,0.0796515566156021,0.079675,-0.0860828606829645,-0.082389,-0.080281625090619,-0.078346,0.012916,-73.2221,KiDS,0
KIDS_176.0_-0.5,KIDS_176p0_m0p5_r_SDSS.V1.3.0A_KiDS-1347_GAaP_Gaia.fits,0.0484764041921315,0.0651685050372658,0.0586862100378501,0.0651445050372658,0.0144679870052563,0.023218,0.0181749649116676,0.028224,0.0399938664942323,0.039843,0.0428399071553165,0.044416,0.066607308210688,0.062011,0.071928632278114,0.064937,0.0657469004509007,0.061145,0.0702714223224907,0.064134,0.017867,57.9746,KiDS,0
KIDS_52.4_-31.2,KIDS_52p4_m31p2_r_SDSS.V1.3.0A_KiDS-1347_GAaP_Gaia.fits,0.1959836283656559,0.0253780460295365,0.1895184574942749,0.0249160460295364,-0.0303216167719974,-0.017766,-0.0311650140341426,-0.016467,0.0384298519134281,0.0502,0.0409583745557192,0.05212,0.064845445749841,0.061717,0.070511706821066,0.065289,0.0316966842471893,0.025514,0.0359040657790219,0.031279,0.013806,-55.3319,KiDS,0
KIDS_45.9_-32.1,KIDS_45p9_m32p1_r_SDSS.V1.3.0A_KiDS-1347_GAaP_Gaia.fits,0.193320483601517,0.0236936803136484,0.1972655164190879,0.0238376803136484,-0.0773154539041243,-0.048257,-0.0766677018451131,-0.043964,0.0106545081660223,0.025776,0.0125203195004429,0.02772,0.1568697333438945,0.146623,0.1600135409367813,0.149624,-0.0666648316554988,-0.076467,-0.0615806944778922,-0.072704,0.011428,-60.9692,KiDS,0
KIDS_190.5_3.5,KIDS_190p5_3p5_r_SDSS.V1.3.0A_KiDS-1347_GAaP_Gaia.fits,0.1061995608165995,0.019905048647814,0.1146403305822021,0.020366048647814,0.0508481420008602,0.029308,0.0531392975832635,0.034923,-0.0132676574673137,-0.010624,-0.0091925778630614,-0.004178,0.0467582599061268,0.050472,0.0508593061325707,0.055083,0.0573516223411632,0.057305,0.0627943851023299,0.063582,0.026773,66.2432,KiDS,0
KIDS_36.1_-31.2,KIDS_36p1_m31p2_r_SDSS.V1.3.0A_KiDS-1347_GAaP_Gaia.fits,0.083938159353371,-0.0585590315796929,0.1054913101628577,-0.0585590315796929,-0.0250293682034252,0.003845,-0.0210644097389679,0.006304,0.0251817680061515,0.048919,0.0288206292061237,0.05009,0.0244752585637722,0.034571,0.0307611090008382,0.038279,-0.0740514321842566,-0.065406,-0.0676994792452626,-0.061527,0.015121,-69.3085,KiDS,0
KIDS_50.0_-26.2,KIDS_50p0_m26p2_r_SDSS.V1.3.0A_KiDS-1347_GAaP_Gaia.fits,0.2312884237293258,0.045510266033088,0.2439971445789284,0.045540266033088,0.0059515853182603,0.011254,0.0075984832070933,0.015015,-0.0211870747943065,-0.00582,-0.0197762349045843,-0.00434,0.0402184853561059,0.040052,0.0421994846642202,0.043655,0.1387447215140383,0.135023,0.1414349581376042,0.137759,0.013471,-56.9291,KiDS,0
KIDS_53.5_-29.2,KIDS_53p5_m29p2_r_SDSS.V1.3.0A_KiDS-1347_GAaP_Gaia.fits,0.1709927043772668,-0.0401865803296182,0.182963449090325,-0.0399795803296182,0.0466295640588128,0.071462,0.0511733934109521,0.07502,0.1067500778453341,0.119955,0.1089302921749514,0.121451,0.0710851581303008,0.053607,0.0742767666314243,0.05535,0.0554078582389134,0.03094,0.0554757454895531,0.034481,0.008418,-54.2542,KiDS,0
KIDS_172.5_3.5,KIDS_172p5_3p5_r_SDSS.V1.3.0A_KiDS-1347_GAaP_Gaia.fits,0.0983648518245179,0.0319069595132153,0.1121307696325532,0.0319249595132153,0.004343387840348,0.013758,0.0085128541410718,0.016023,-0.0085936858200209,-0.003928,-0.0046046352757599,-0.000466,0.0829570496210461,0.074411,0.0869727304298602,0.079544,0.0164211531946541,0.014654,0.0204458181607905,0.017805,0.022793,59.3353,KiDS,0
KIDS_49.5_-30.2,KIDS_49p5_m30p2_r_SDSS.V1.3.0A_KiDS-1347_GAaP_Gaia.fits,0.0932006475868641,-0.0540308206916294,0.1053853793423898,-0.0462858206916294,0.0061932973084965,0.018411,0.0104594549373071,0.019732,-0.0090568075174419,0.009518,-0.0062498255488469,0.011585,0.0564671988167756,0.060013,0.058143587402797,0.061731,0.1386989353171712,0.142115,0.141725395738215,0.144219,0.01232,-57.86,KiDS,0
KIDS_166.0_1.5,KIDS_166p0_1p5_r_SDSS.V1.3.0A_KiDS-1347_GAaP_Gaia.fits,0.0560081999970249,-0.0473445674900569,0.058086755201564,-0.0461085674900569,0.0158834549275903,0.020076,0.0195972204394542,0.022511,0.0210722626673228,0.029813,0.0242157794984786,0.034829,-0.0161816490808411,-0.011823,-0.013982694306174,-0.008021,-0.1135476349945201,-0.108746,-0.108650362866749,-0.104115,0.03876,53.6407,KiDS,0
KIDS_217.6_3.5,KIDS_217p6_3p5_r_SDSS.V1.3.0A_KiDS-1347_GAaP_Gaia.fits,0.0079945361736346,-0.0762512498525756,0.0166198003387318,-0.0771182498525756,0.0459292609679281,0.035101,0.0479279320064348,0.037389,0.0324839881580457,0.039448,0.0347740222125972,0.041711,0.0195143523053041,0.019316,0.0228078212741434,0.022206,0.0491430781745189,0.047077,0.0521748444423856,0.049282,0.025329,56.5476,KiDS,0
KIDS_21.4_-28.2,KIDS_21p4_m28p2_r_SDSS.V1.3.0A_KiDS-1347_GAaP_Gaia.fits,0.0190417960732237,-0.045495826675862,0.017425422087553,-0.042343826675862,-0.0157706436173668,0.000592,-0.0176128896050138,0.002152,-0.167452497779084,-0.153833,-0.1652561286276639,-0.151614,0.0337668828906825,0.035691,0.0396513780125426,0.03767,0.0317693464540524,0.033694,0.0374764963143175,0.036791,0.013407,-82.3147,KiDS,0
KIDS_339.8_-33.1,KIDS_339p8_m33p1_r_SDSS.V1.3.0A_KiDS-1347_GAaP_Gaia.fits,0.1162651217886699,0.0873485449599265,0.1260942988567518,0.0871425449599265,0.0383683561561512,0.040493,0.0407818975689776,0.042639,0.0418346149538036,0.04853,0.0436839777487559,0.050888,0.0501598661729897,0.047415,0.0525064146034141,0.049687,0.0460217725477858,0.040013,0.0474599500384246,0.04187,0.011061,-60.9075,KiDS,0
KIDS_27.6_-34.1,KIDS_27p6_m34p1_r_SDSS.V1.3.0A_KiDS-1347_GAaP_Gaia.fits,99.0,-0.0204629496840449,0.0034313203172348,-0.0204629496840449,99.0,0.026719,0.0298041603168548,0.030455,99.0,0.05554,0.0430017421894307,0.057817,-99.0,0.026054,0.0248097509379769,0.030036,-99.0,-0.084414,-0.0921782118663584,-0.081441,0.016415,-75.5248,KiDS,1
KIDS_166.0_0.5,KIDS_166p0_0p5_r_SDSS.V1.3.0A_KiDS-1347_GAaP_Gaia.fits,0.0125341593704267,-0.0418967258108664,0.0344933240882709,-0.0413137258108664,0.0399277922526902,0.038267,0.0452907833378169,0.040174,-0.0489002446909316,-0.039809,-0.0450163255830883,-0.037038,0.0543935703263421,0.047921,0.0583766110155224,0.051101,0.1523302706385071,0.153235,0.1576620728492167,0.158864,0.0323,52.928,KiDS,0
KIDS_212.0_-0.5,KIDS_212p0_m0p5_r_SDSS.V1.3.0A_KiDS-1347_GAaP_Gaia.fits,0.0532788248979913,0.0203679140046689,0.0638274441563043,0.0276179140046689,0.0153892797369203,0.020652,0.0197808909777349,0.024863,0.0065609634894739,0.009927,0.0099223501770278,0.013804,0.0293399499507957,0.025882,0.0330343600117627,0.029327,0.0442625749638681,0.039498,0.0483941156824977,0.044498,0.037163,56.8079,KiDS,0
KIDS_346.8_-34.1,KIDS_346p8_m34p1_r_SDSS.V1.3.0A_KiDS-1347_GAaP_Gaia.fits,0.1353893910791883,0.0443359746389214,0.150632282734728,0.0446789746389214,0.0504118706629771,0.049149,0.053602323870579,0.050824,0.0291921962652482,0.037372,0.0320201318313589,0.039721,0.0459602762250258,0.038091,0.0488147625480329,0.039869,0.0241951644677522,0.018577,0.027093412087032,0.02116,0.015764,-66.5767,KiDS,0
KIDS_132.0_-1.5,KIDS_132p0_m1p5_r_SDSS.V1.3.0A_KiDS-1347_GAaP_Gaia.fits,0.0159882316943223,0.0461179621330091,0.0153870272285808,0.0464819621330091,0.0733520770028916,0.073075,0.073541851577341,0.075213,0.046316270732794,0.053707,0.0487280255302989,0.055733,0.0547065773337591,0.05238,0.058744614301733,0.054467,0.0717679809718885,0.067833,0.0753949566129721,0.070413,0.021185,24.9265,KiDS,0
KIDS_333.6_-34.1,KIDS_333p6_m34p1_r_SDSS.V1.3.0A_KiDS-1347_GAaP_Gaia.fits,-0.0550801997347408,-0.0722509031349651,-0.0486704441266657,-0.0717699031349651,0.0334362000747986,0.035736,0.036809481595364,0.037363,0.0248604658864005,0.032738,0.0269428473775446,0.03446,0.0452974403351357,0.042521,0.0475660231727158,0.044577,-0.0564586622480686,-0.060153,-0.0545860295612336,-0.058166,0.013351,-55.7034,KiDS,0
KIDS_169.5_-3.5,KIDS_169p5_m3p5_r_SDSS.V1.3.0A_KiDS-1347_GAaP_Gaia.fits,0.0311588801806377,-0.1147081864451911,0.0364769243920529,-0.1139261864451911,0.0638361382027645,0.035494,0.0664198837136735,0.037382,0.0026363294750307,0.006655,0.0061262004768108,0.011107,0.0174052427795054,0.027804,0.0212942427827,0.031152,0.6150675979144726,0.624017,0.6195327884605287,0.628255,0.041104,51.9963,KiDS,0
KIDS_10.1_-27.2,KIDS_10p1_m27p2_r_SDSS.V1.3.0A_KiDS-1347_GAaP_Gaia.fits,0.1150350667061553,0.0435840287553348,0.1216337539355057,0.0435840287553348,-0.1146695826968464,-0.081894,-0.1102988241725594,-0.079577,-0.1058910069048439,-0.098085,-0.1026796307191281,-0.094774,0.0708747360432394,0.057744,0.0731218853335236,0.061009,0.0475229304383703,0.036301,0.0515907633823076,0.039745,0.010157,-87.4989,KiDS,0
KIDS_346.5_-28.2,KIDS_346p5_m28p2_r_SDSS.V1.3.0A_KiDS-1347_GAaP_Gaia.fits,0.1264574044432387,0.0308163238502013,0.1247675333172625,0.0324223238502013,0.0639162012292905,0.05744,0.0663795144341253,0.061652,0.0160502971941674,0.020144,0.0192588792247652,0.02465,0.0568952660637887,0.057017,0.062322606570718,0.060734,0.042681063225099,0.045598,0.04730796438226,0.048988,0.029435,-66.6504,KiDS,0
KIDS_35.3_-35.1,KIDS_35p3_m35p1_r_SDSS.V1.3.0A_KiDS-1347_GAaP_Gaia.fits,0.2360367210433009,0.0313572426341679,0.2127341147737945,0.0313572426341679,0.0148353352109086,0.017497,0.0124305587484054,0.020115,-0.1241381652580346,-0.109496,-0.1208869920618513,-0.105745,0.0257470884046302,0.027661,0.0313099300501723,0.031951,-0.0859977954304863,-0.082551,-0.0822428579939903,-0.079837,0.015087,-69.2592,KiDS,0
KIDS_353.9_-35.1,KIDS_353p9_m35p1_r_SDSS.V1.3.0A_KiDS-1347_GAaP_Gaia.fits,0.019440530753776,-0.0848529829827969,0.0332674292711291,-0.0836969829827969,-0.0462443675693933,-0.050911,-0.0406000808615131,-0.048138,0.0336777028596518,0.04667,0.0364953636410408,0.051122,0.0411833548658021,0.049926,0.0439420853765968,0.054302,0.0452846155912627,0.053059,0.0481084175298482,0.058044,0.012441,-71.984,KiDS,0
KIDS_204.6_3.5,KIDS_204p6_3p5_r_SDSS.V1.3.0A_KiDS-1347_GAaP_Gaia.fits,0.0780480483297245,0.030296896794569,0.0910969808051825,0.032262896794569,0.0277263373570095,0.023628,0.0327074112152982,0.027371,0.0088085656763206,0.018316,0.0128808162380341,0.019721,0.0584763294045527,0.052484,0.0626048358172354,0.056057,0.0748368329107537,0.067267,0.077892251103146,0.071267,0.020212,63.8208,KiDS,0
KIDS_330.8_-27.2,KIDS_330p8_m27p2_r_SDSS.V1.3.0A_KiDS-1347_GAaP_Gaia.fits,-0.0143833328963617,-0.063646356846317,-0.0150511718023645,-0.062438356846317,-0.055400502128671,-0.056846,-0.0539945851640639,-0.054064,0.0476474960217997,0.054655,0.0501446753937232,0.056218,0.0565568505614878,0.054939,0.0601312511253554,0.057874,0.0638162523821856,0.059846,0.0670171952081329,0.062034,0.023163,-52.7886,KiDS,0
KIDS_335.3_-27.2,KIDS_335p3_m27p2_r_SDSS.V1.3.0A_KiDS-1347_GAaP_Gaia.fits,0.0368153699769022,-0.0052783262904952,0.0444378318329563,-0.0052783262904952,0.0314802805093143,0.044839,0.0336293492817095,0.046754,-0.071219198913464,-0.05599,-0.0679572852881195,-0.05214,0.1046092049609395,0.107055,0.1076687075679286,0.110909,-0.0779172554276916,-0.077364,-0.0753100791798457,-0.073876,0.015595,-56.7284,KiDS,0
KIDS_198.0_-1.5,KIDS_198p0_m1p5_r_SDSS.V1.3.0A_KiDS-1347_GAaP_Gaia.fits,-0.0467269613479591,-0.1295171304116887,-0.0356396049631304,-0.1285541304116887,-0.0494679631927663,-0.067516,-0.0427853896933086,-0.063221,-0.1160448359145233,-0.112021,-0.1106460807045137,-0.105218,0.008111626130198,0.007074,0.0133767376120722,0.011081,-0.1186945748602045,-0.120269,-0.1133364379559771,-0.115533,0.024126,60.9985,KiDS,0
KIDS_196.0_-0.5,KIDS_196p0_m0p5_r_SDSS.V1.3.0A_KiDS-1347_GAaP_Gaia.fits,-0.0890287620561565,-0.1964287631256814,-0.0945891811076439,-0.1956877631256814,0.0747602074704322,0.055123,0.0762970989996233,0.05874,-0.0538699059289168,-0.044218,-0.0499886212428459,-0.041937,0.0213956774579028,0.029299,0.0281888609176604,0.033336,0.0730310985484121,0.073153,0.0786343510785659,0.077467,0.017751,62.2257,KiDS,0
KIDS_51.1_-26.2,KIDS_51p1_m26p2_r_SDSS.V1.3.0A_KiDS-1347_GAaP_Gaia.fits,0.1742423511429318,-0.0693347891898696,0.1894053136925819,-0.0693587891898696,-0.0429486859551677,-0.027584,-0.0382039843673117,-0.025222,-0.0045822629917221,0.014586,-0.00249119053958,0.017271,0.3979841529430054,0.392569,0.3990020130133508,0.394601,0.0979496130167165,0.089131,0.1006459864097999,0.091914,0.013494,-55.945,KiDS,0
KIDS_193.5_2.5,KIDS_193p5_2p5_r_SDSS.V1.3.0A_KiDS-1347_GAaP_Gaia.fits,0.1065457138537482,0.0413494650244053,0.1041129429137731,0.0432624650244053,-0.0517622751686473,-0.067391,-0.0480947361834681,-0.064641,-0.0624389255491285,-0.054651,-0.0582459889030721,-0.052121,-0.0248996304649031,-0.028221,-0.0201074493244735,-0.024615,0.0338131294803539,0.032502,0.0398662124963445,0.036635,0.023613,65.3465,KiDS,0
KIDS_162.5_-2.5,KIDS_162p5_m2p5_r_SDSS.V1.3.0A_KiDS-1347_GAaP_Gaia.fits,-0.0345743934541563,-0.1310152779316536,-0.042863204650848,-0.1310152779316536,0.0327230833418331,0.021446,0.0321217659129701,0.02478,0.0065428187056544,0.012942,0.0089623692139793,0.015801,-0.0298758356636815,-0.029669,-0.0269522716775705,-0.027046,0.0316847714820425,0.03234,0.0362601110342532,0.034984,0.034209,48.3262,KiDS,0
KIDS_352.9_-32.1,KIDS_352p9_m32p1_r_SDSS.V1.3.0A_KiDS-1347_GAaP_Gaia.fits,0.0959203217089527,0.0379671050306901,0.0992749754849119,0.0387711050306901,-0.0071336072009201,0.007966,-0.005821962071486,0.010687,0.0550466812406962,0.061276,0.0573659568006186,0.064247,0.0799462808083621,0.073534,0.082208662156518,0.076877,0.1202103717405347,0.115865,0.1232369371116359,0.119221,0.014644,-71.9941,KiDS,0
KIDS_8.4_-34.1,KIDS_8p4_m34p1_r_SDSS.V1.3.0A_KiDS-1347_GAaP_Gaia.fits,0.1984274885942282,0.0872409303653343,0.2110124964165,0.0876679303653343,-0.0662630803006386,-0.06612,-0.0612475616359078,-0.061125,-0.1464203697112202,-0.134402,-0.1424590186253741,-0.131507,0.0445038857594653,0.046269,0.0481297746142714,0.052629,0.0313149297794594,0.029595,0.0352535445557641,0.034475,0.01024,-81.9918,KiDS,0
KIDS_141.0_-1.5,KIDS_141p0_m1p5_r_SDSS.V1.3.0A_KiDS-1347_GAaP_Gaia.fits,0.1125561421893526,0.0275719073924852,0.1164230174860989,0.0278629073924852,0.0188259371967221,0.020379,0.021570832511673,0.022373,-0.0007241326958697,0.011964,0.0022709840981379,0.013728,0.0662734031721884,0.069666,0.0696064272534724,0.07209,-0.0660008886694378,-0.062454,-0.0614492911365756,-0.059843,0.027162,32.5065,KiDS,0
KIDS_173.0_-1.5,KIDS_173p0_m1p5_r_SDSS.V1.3.0A_KiDS-1347_GAaP_Gaia.fits,0.1457843160861515,0.0665951784369925,0.1525797385410753,0.0672471784369925,0.0415043081753596,0.035553,0.0469592969465124,0.041096,0.0133054104210735,0.016494,0.0165417912263011,0.021806,0.045797710621585,0.045882,0.0479356516826695,0.049677,-0.0446420167832204,-0.048015,-0.040240143497399,-0.041576,0.022001,55.5853,KiDS,0
KIDS_137.0_0.5,KIDS_137p0_0p5_r_SDSS.V1.3.0A_KiDS-1347_GAaP_Gaia.fits,0.1487196009906961,0.1012231204470727,0.1517939763975772,0.1021001204470727,-0.0167327928733462,-0.019848,-0.0157983933410214,-0.018884,0.0182940838541126,0.029344,0.0204087733819898,0.031429,0.0697734504664314,0.075772,0.0731780683336706,0.077798,0.0710072175343552,0.079268,0.0737446731991708,0.080418,0.029599,30.2238,KiDS,0
KIDS_31.2_-34.1,KIDS_31p2_m34p1_r_SDSS.V1.3.0A_KiDS-1347_GAaP_Gaia.fits,0.0767819813076456,-0.0194409993864151,0.0956377308920826,-0.0197399993864151,0.0045777999541843,0.013026,0.0096061901738375,0.016481,0.0135195926540601,0.026214,0.0158532122010109,0.02932,0.0661773299227118,0.061053,0.0671601273199618,0.063836,-0.0665060200262005,-0.072248,-0.0641383006186214,-0.066644,0.011701,-72.7733,KiDS,0
KIDS_209.6_-3.5,KIDS_209p6_m3p5_r_SDSS.V1.3.0A_KiDS-1347_GAaP_Gaia.fits,0.1631337648333832,0.0469717934535745,0.1350044167618818,0.0475217934535745,0.1186606580521917,0.094924,0.1131108110732544,0.099256,-0.014924649974199,-0.010979,-0.0113056697397788,-0.006941,0.051388561217494,0.055385,0.0587586186843096,0.05987,0.0357791791319886,0.038185,0.0414996297167927,0.041652,0.040102,55.407,KiDS,0
KIDS_162.5_2.5,KIDS_162p5_2p5_r_SDSS.V1.3.0A_KiDS-1347_GAaP_Gaia.fits,-0.0580765473763713,-0.1758386077030042,-0.0477563447681458,-0.1747976077030042,0.0152084179087216,0.013095,0.0166476789695501,0.021541,0.0044886029742002,0.01706,0.0084287295855217,0.021898,0.046071882468005,0.046352,0.0530237371978018,0.051302,-0.0022924633256134,-0.003311,0.0020113482843016,0.002545,0.037695,51.851,KiDS,0
KIDS_198.6_-2.5,KIDS_198p6_m2p5_r_SDSS.V1.3.0A_KiDS-1347_GAaP_Gaia.fits,0.1057093877809486,0.0200458733898799,0.0965395175353112,0.0196068733898799,-0.1020168984744438,-0.108734,-0.1040338899421617,-0.106693,0.0060881364683989,0.013716,0.0096845988239163,0.017501,0.0356659240646618,0.028726,0.0411698026526211,0.033702,0.0352780555179713,0.031969,0.0435998452538003,0.03666,0.024688,59.8805,KiDS,0
KIDS_332.9_-28.2,KIDS_332p9_m28p2_r_SDSS.V1.3.0A_KiDS-1347_GAaP_Gaia.fits,-0.040097465797445,-0.0885020246609688,-0.0288810690843046,-0.0854140246609688,0.0566878789173396,0.057271,0.0618488024037557,0.06282,0.0086398729971884,0.021676,0.0131158910604712,0.025554,0.0269465715202982,0.027947,0.0326608730520157,0.03376,0.0445646285241076,0.046502,0.0494002447362825,0.050676,0.016225,-54.7448,KiDS,0
KIDS_196.0_-1.5,KIDS_196p0_m1p5_r_SDSS.V1.3.0A_KiDS-1347_GAaP_Gaia.fits,-0.0333115568685929,-0.0910972665043413,-0.0298055097431118,-0.0885922665043413,0.0550346616533124,0.055973,0.0576937673650905,0.060216,-0.1027604202339395,-0.090573,-0.0999549531671015,-0.087265,0.0644609552756453,0.058639,0.0664595770893224,0.063906,0.0139037594211515,0.01348,0.0172460933135276,0.016693,0.018946,61.2083,KiDS,0
KIDS_174.0_0.5,KIDS_174p0_0p5_r_SDSS.V1.3.0A_KiDS-1347_GAaP_Gaia.fits,0.0923300437182542,0.0979083880985187,0.0901920711903736,0.0974083880985187,-0.0829821760387333,-0.070528,-0.0818907121659671,-0.06725,0.0201919445284049,0.034417,0.0232716912051072,0.036985,0.0446849513287816,0.046589,0.0482094643150973,0.049009,0.0690580298168576,0.07084,0.0761474484564648,0.075785,0.019052,57.7849,KiDS,0
KIDS_337.4_-33.1,KIDS_337p4_m33p1_r_SDSS.V1.3.0A_KiDS-1347_GAaP_Gaia.fits,0.0474525834694206,0.030724391104238,0.0481382377004585,0.030914391104238,-0.0085897874915217,0.003074,-0.0073218609355469,0.005116,0.043041743421274,0.055488,0.0444826667680256,0.057307,0.0551208974933953,0.055053,0.0567859402344911,0.057311,0.0669675001275382,0.06609,0.0693993381986013,0.068604,0.010524,-58.9151,KiDS,0
KIDS_172.0_0.5,KIDS_172p0_0p5_r_SDSS.V1.3.0A_KiDS-1347_GAaP_Gaia.fits,0.1636661241843627,0.058810433765033,0.1888240054118944,0.0608754337650329,-0.0502123863653947,-0.044687,-0.0441240098914438,-0.040992,-0.0017504399292262,0.001836,0.0025820022570558,0.006686,0.1132337443351772,0.103683,0.1177901998298276,0.108498,-0.1006485656014278,-0.108105,-0.0946059216539415,-0.103222,0.024055,56.6625,KiDS,0
KIDS_170.0_0.5,KIDS_170p0_0p5_r_SDSS.V1.3.0A_KiDS-1347_GAaP_Gaia.fits,0.0666561394250404,-0.0253197836535148,0.0693341648706235,-0.0224847836535148,0.0625694457768847,0.049834,0.0627571501924121,0.05273,0.0078163810048575,0.012524,0.0118373301002257,0.016588,0.0697214236769151,0.0723,0.0757190188957065,0.075356,-0.058573913008196,-0.060742,-0.0527694860230905,-0.055637,0.031794,55.4904,KiDS,0
KIDS_160.0_-1.5,KIDS_160p0_m1p5_r_SDSS.V1.3.0A_KiDS-1347_GAaP_Gaia.fits,0.1148302429151559,-0.063646646359437,0.1170145984426582,-0.063204646359437,0.0370435094004026,0.018557,0.0419041869448688,0.023127,-0.0368346372338409,-0.027414,-0.0336027598832368,-0.023959,0.0308822604772454,0.040741,0.0337644997724206,0.04614,0.0423527727441396,0.057089,0.0445196999334397,0.060478,0.049876,47.3422,KiDS,0
KIDS_33.9_-28.2,KIDS_33p9_m28p2_r_SDSS.V1.3.0A_KiDS-1347_GAaP_Gaia.fits,-0.0155421964972687,-0.2033529666314291,-0.0338026641288832,-0.2032209666314291,0.0537402835376925,0.0587,0.0539440888082855,0.064074,0.0018667891291,0.02,0.0042730155313931,0.021749,0.0348340881472774,0.034609,0.0385855295151504,0.037006,0.0140616922906342,0.014019,0.0183799080945954,0.017604,0.011245,-71.3964,KiDS,0
KIDS_356.5_-30.2,KIDS_356p5_m30p2_r_SDSS.V1.3.0A_KiDS-1347_GAaP_Gaia.fits,0.0584970310556108,-0.0508912193107279,0.0659255859549205,-0.0476722193107279,0.0852260480888018,0.092013,0.0891500750249151,0.095689,-0.010986557518421,0.002008,-0.0072985885814182,0.005772,0.0402302044718368,0.044225,0.0435971472494154,0.046869,-0.0447046378403895,-0.043357,-0.0417307748878262,-0.040588,0.014205,-75.3931,KiDS,0
KIDS_136.0_1.5,KIDS_136p0_1p5_r_SDSS.V1.3.0A_KiDS-1347_GAaP_Gaia.fits,0.1289758134644008,0.0257698601599745,0.1429454863927925,0.0257158601599745,0.0349831650642639,0.020437,0.0385313685105498,0.021534,0.0237841520543225,0.03099,0.0255656306645746,0.032696,0.0289078533967784,0.041702,0.0301795610117102,0.04279,-0.0630551388516925,-0.052454,-0.0616768788719135,-0.050903,0.039619,29.8797,KiDS,0
KIDS_202.0_-1.5,KIDS_202p0_m1p5_r_SDSS.V1.3.0A_KiDS-1347_GAaP_Gaia.fits,-0.0402937600857693,-0.1119152611513336,-0.0405385592081731,-0.1119152611513336,-0.0651232013093031,-0.07182,-0.0653640456713927,-0.06959,0.0134044407964251,0.019557,0.0164265924334681,0.02311,0.0421693436579973,0.035732,0.0451431117756833,0.040048,0.0485621074134803,0.042933,0.0527285009227403,0.047002,0.030119,60.0469,KiDS,0
KIDS_355.3_-32.1,KIDS_355p3_m32p1_r_SDSS.V1.3.0A_KiDS-1347_GAaP_Gaia.fits,0.118061756944292,0.0307896475960351,0.1017692808635516,0.0310966475960351,0.0433597927033833,0.041337,0.0423457135122772,0.044353,0.0176239915569583,0.03042,0.0227204422856828,0.033946,0.0597946899977636,0.062454,0.0677711991811762,0.065623,-0.0667728321558835,-0.065969,-0.0597720984285071,-0.061671,0.012242,-73.9598,KiDS,0
KIDS_207.0_0.5,KIDS_207p0_0p5_r_SDSS.V1.3.0A_KiDS-1347_GAaP_Gaia.fits,0.0770634306211998,0.0048710185435035,0.0838621211868942,0.0047460185435035,0.0421549360154659,0.024944,0.0454707089286275,0.030621,0.0283866009725151,0.036321,0.0314406867323771,0.036945,0.072227893116191,0.067186,0.0742854549057028,0.071227,0.0202209795285157,0.019655,0.0247027669545622,0.023873,0.025322,60.124,KiDS,0
KIDS_351.8_-32.1,KIDS_351p8_m32p1_r_SDSS.V1.3.0A_KiDS-1347_GAaP_Gaia.fits,0.0831284080864932,0.059013019161377,0.0761210590020612,0.059345019161377,0.0544186728740978,0.056931,0.0523098566317355,0.057576,0.0428517469484828,0.048389,0.0449336343045315,0.050721,0.0531707789033019,0.046805,0.0577099193675001,0.049335,0.0538461208757125,0.04857,0.0577879503728872,0.051147,0.013813,-71.0496,KiDS,0
KIDS_201.6_-3.5,KIDS_201p6_m3p5_r_SDSS.V1.3.0A_KiDS-1347_GAaP_Gaia.fits,0.0027648490410821,-0.1029234951874412,0.015330455139525,-0.0992854951874412,-0.0456475076925795,-0.068129,-0.0411487525931948,-0.065583,-0.1203393799723282,-0.116551,-0.1182322296296453,-0.113726,0.0385772398370799,0.04317,0.0398384314513719,0.045779,0.039779289092323,0.046633,0.0417327514131185,0.048557,0.034798,58.2703,KiDS,0
KIDS_176.5_2.5,KIDS_176p5_2p5_r_SDSS.V1.3.0A_KiDS-1347_GAaP_Gaia.fits,0.1679079604405532,0.1144599972390611,0.1683645971034061,0.1159089972390611,0.0274292596856841,0.029894,0.0307859599999141,0.038161,0.0111128471551925,0.01821,0.0144263825781566,0.022061,0.4179166566726482,0.411667,0.4246002194581434,0.418457,0.1099848007714893,0.101138,0.1125805911749553,0.107517,0.021228,60.7916,KiDS,0
KIDS_13.4_-35.1,KIDS_13p4_m35p1_r_SDSS.V1.3.0A_KiDS-1347_GAaP_Gaia.fits,0.0849122308921981,-0.0274425105300118,0.1010590123136006,-0.0277835105300117,0.0062657002171261,0.032921,0.0139126673072127,0.036361,0.0330143601414945,0.04691,0.0372074614788818,0.049625,0.0798959583427032,0.06254,0.082883806672056,0.065366,0.0634339470504746,0.05358,0.0669400275896238,0.056771,0.015127,-81.9889,KiDS,0
KIDS_204.0_-1.5,KIDS_204p0_m1p5_r_SDSS.V1.3.0A_KiDS-1347_GAaP_Gaia.fits,-0.0258125276289758,-0.0547707744282802,-0.0157756250923879,-0.0547707744282802,0.0168906929712564,0.01917,0.0214009254896624,0.022371,0.0213760478736398,0.027347,0.0251578728519335,0.029826,0.0259843246225556,0.020967,0.0292337934258982,0.024758,0.0656902813086742,0.060552,0.0694324731198154,0.063495,0.026395,59.442,KiDS,0
KIDS_334.2_-27.2,KIDS_334p2_m27p2_r_SDSS.V1.3.0A_KiDS-1347_GAaP_Gaia.fits,0.1334776173476516,0.0827059163476397,0.1410885793031235,0.0823569163476397,-0.0530740488302618,-0.055436,-0.0509438286350375,-0.054066,0.0238777375185477,0.037228,0.0259577110825329,0.039704,0.009852030744023,0.016371,0.0128325820770909,0.018654,0.0323538756595846,0.039464,0.0344408476385268,0.041194,0.017356,-55.7441,KiDS,0
KIDS_177.0_-1.5,KIDS_177p0_m1p5_r_SDSS.V1.3.0A_KiDS-1347_GAaP_Gaia.fits,0.0420414642680215,-0.0133752570127521,0.0563373201340726,-0.0012752570127521,0.0116608795584421,0.016086,0.0178094920825128,0.018061,0.0128805406559889,0.024032,0.0168388721740276,0.028004,0.0370282417037076,0.038071,0.0422471823199428,0.043035,0.048636549418551,0.049242,0.0535568490987429,0.054411,0.016567,57.5673,KiDS,0
KIDS_358.8_-30.2,KIDS_358p8_m30p2_r_SDSS.V1.3.0A_KiDS-1347_GAaP_Gaia.fits,-0.0344346452050517,-0.0745741371422633,-0.0206573418609266,-0.0740371371422633,0.0270857879233703,0.048005,0.0310173960889904,0.051225,0.0187778109511059,0.0329,0.0204419134224137,0.035083,0.0495932744712417,0.044724,0.0512413376312243,0.047878,-0.0684331961279573,-0.069737,-0.067678666408682,-0.067387,0.013028,-77.3344,KiDS,0
KIDS_3.4_-27.2,KIDS_3p4_m27p2_r_SDSS.V1.3.0A_KiDS-1347_GAaP_Gaia.fits,-0.0213221161558727,-0.1225428433860962,-0.0137615576428469,-0.1193008433860962,-0.0795265658487063,-0.065215,-0.0768587426677262,-0.063277,0.065782893184704,0.076359,0.0673665383961466,0.077717,0.0738024771174924,0.067966,0.0742269952129448,0.068269,-0.0548598143199367,-0.059014,-0.0544512232459698,-0.056762,0.017258,-81.5463,KiDS,0
KIDS_210.0_1.5,KIDS_210p0_1p5_r_SDSS.V1.3.0A_KiDS-1347_GAaP_Gaia.fits,0.1873527775230018,0.1098806838274353,0.1919064571968763,0.1125166838274353,-0.1961672112869124,-0.211247,-0.1941544604391622,-0.208384,-0.0479909937693564,-0.039942,-0.0440722431916457,-0.036564,0.0869993724028849,0.092545,0.0910565331637375,0.097288,0.0319426220651118,0.035893,0.0381744649764839,0.040737,0.030689,59.5459,KiDS,0
KIDS_193.0_0.5,KIDS_193p0_0p5_r_SDSS.V1.3.0A_KiDS-1347_GAaP_Gaia.fits,0.126862838411358,0.0334655425531313,0.1259129305750032,0.0337555425531313,0.0147803575433793,0.012859,0.0172260868759899,0.01479,-0.0617780590579068,-0.058131,-0.0592851181254742,-0.05489,0.0357064544171554,0.030792,0.0408515514899885,0.033523,0.0580329084351836,0.052114,0.061883715769352,0.055914,0.018607,63.3728,KiDS,0
KIDS_158.4_-3.5,KIDS_158p4_m3p5_r_SDSS.V1.3.0A_KiDS-1347_GAaP_Gaia.fits,0.03079253613436,-0.0991241727774955,0.0317228407463745,-0.0945781727774955,0.1033491407831287,0.086858,0.1050955924972887,0.089287,0.0299960545840494,0.041783,0.0329265057766049,0.042653,-0.0157989313877446,-0.009572,-0.0131430036946047,-0.007811,0.6299317814400418,0.635748,0.6330667058440603,0.63886,0.039725,44.8627,KiDS,0
KIDS_169.0_1.5,KIDS_169p0_1p5_r_SDSS.V1.3.0A_KiDS-1347_GAaP_Gaia.fits,-0.0150132003052494,-0.0280228168915747,0.013326177579478,-0.0266618168915747,0.0135334359834605,0.024749,0.023641916283404,0.027661,0.0285291053578321,0.034482,0.0335872927052123,0.037789,-0.0229225852820349,-0.025451,-0.017744858555128,-0.021156,0.1383594961269299,0.137812,0.1416734457473954,0.142185,0.034769,55.6334,KiDS,0
KIDS_175.5_2.5,KIDS_175p5_2p5_r_SDSS.V1.3.0A_KiDS-1347_GAaP_Gaia.fits,-0.0607972783749959,-0.044252493004309,-0.0497027019468031,-0.0436004930043091,-0.04909660288485,-0.020255,-0.0433702735518817,-0.016728,0.026467499654903,0.031936,0.0305764944682516,0.035511,0.0689728732238589,0.055697,0.0719416436394014,0.061533,0.06764715359237,0.053855,0.0714720956782776,0.057982,0.018368,60.2562,KiDS,0
KIDS_214.0_-0.5,KIDS_214p0_m0p5_r_SDSS.V1.3.0A_KiDS-1347_GAaP_Gaia.fits,0.0311574997905163,-0.0381491069811009,0.0300670026407337,-0.0374741069811009,0.0582500406853587,0.053123,0.0608312559390577,0.058049,-0.0023758098788237,0.006727,0.0011938139397221,0.011717,0.1104637068927513,0.110164,0.1156600292269292,0.115283,0.0154486629111276,0.015956,0.0213351380225092,0.020736,0.037704,55.7006,KiDS,0
KIDS_160.0_1.5,KIDS_160p0_1p5_r_SDSS.V1.3.0A_KiDS-1347_GAaP_Gaia.fits,0.1237300055971649,-0.0492440270677929,0.131474507037619,-0.0482700270677929,-0.0203599262626945,-0.022142,-0.0181540922244419,-0.017497,0.0378427848939107,0.046636,0.0415222952980385,0.049948,0.0295446994316967,0.026075,0.0348036141210602,0.029894,0.0727697680875591,0.073367,0.0799328657693727,0.076141,0.033737,49.369,KiDS,0
KIDS_331.8_-28.2,KIDS_331p8_m28p2_r_SDSS.V1.3.0A_KiDS-1347_GAaP_Gaia.fits,-0.0103295564249125,-0.0950309187538894,-0.013672826138388,-0.0939059187538894,0.0461428424530246,0.040649,0.0478113647277749,0.042013,0.0121841295204433,0.02188,0.0139996822060682,0.023703,0.0857026547477678,0.08672,0.0878760952495175,0.088386,0.061774769576077,0.061235,0.0639724681868942,0.063278,0.017553,-53.7709,KiDS,0
KIDS_28.8_-34.1,KIDS_28p8_m34p1_r_SDSS.V1.3.0A_KiDS-1347_GAaP_Gaia.fits,0.0550186411887424,-0.1288669168643932,0.0682083854953476,-0.1285499168643932,-0.0025048688343673,0.013897,0.0016752852463497,0.016453,0.1189212562239912,0.130784,0.1216004159582736,0.135268,0.0601917901981371,0.04978,0.0611518811133701,0.051879,0.0990538554301797,0.091082,0.1042989196038454,0.091941,0.013837,-74.6385,KiDS,0
KIDS_24.8_-28.2,KIDS_24p8_m28p2_r_SDSS.V1.3.0A_KiDS-1347_GAaP_Gaia.fits,0.2012580779340378,0.0387723833239799,0.2255673489988326,0.0401463833239799,0.0315509170086956,0.036784,0.0398114467965612,0.040084,0.080370659926373,0.092339,0.0845079336190105,0.095187,0.0680931083395916,0.064895,0.0716288048784343,0.068356,0.0368330124547442,0.033853,0.0400000285986461,0.036781,0.015597,-79.3408,KiDS,0
KIDS_139.0_-0.5,KIDS_139p0_m0p5_r_SDSS.V1.3.0A_KiDS-1347_GAaP_Gaia.fits,0.1530182926553523,0.0581518503196633,0.1362885186176621,0.0581518503196633,0.0336942602046607,0.020254,0.033136729127823,0.023187,0.0326386594164956,0.040487,0.0353306353102698,0.042565,0.0238111622354297,0.025747,0.0280802268644673,0.029906,-0.1139978099667342,-0.109687,-0.1104189393345221,-0.10614,0.02751,31.3979,KiDS,0
KIDS_357.6_-34.1,KIDS_357p6_m34p1_r_SDSS.V1.3.0A_KiDS-1347_GAaP_Gaia.fits,0.0439224435327297,-0.0245445234852313,0.0497561389294724,-0.0245445234852313,0.0557074121429232,0.063723,0.0581803738413993,0.065245,-0.0555130865963166,-0.042273,-0.0534872861932983,-0.040809,0.0460242883722936,0.048879,0.0484960661840473,0.050304,0.0786679374771511,0.079683,0.0806006431242025,0.083199,0.010344,-75.1369,KiDS,0
KIDS_32.5_-27.2,KIDS_32p5_m27p2_r_SDSS.V1.3.0A_KiDS-1347_GAaP_Gaia.fits,-0.0756925126391547,-0.1063645168894087,-0.0634419084754395,-0.1032025168894087,-0.0994606918443767,-0.073153,-0.0982509387667474,-0.069335,-0.1062137210539292,-0.091253,-0.1041565197594933,-0.087919,0.0738607395422807,0.063005,0.0749625444546062,0.068174,-0.0769976787362745,-0.083852,-0.0753427049167112,-0.080602,0.014256,-72.5196,KiDS,0
KIDS_340.2_-31.2,KIDS_340p2_m31p2_r_SDSS.V1.3.0A_KiDS-1347_GAaP_Gaia.fits,0.1625925337620453,0.0690690637521721,0.1570315550816588,0.0690690637521721,0.0358836972278667,0.024171,0.0364980087921814,0.027108,0.0247443731691291,0.037251,0.028279059408153,0.04045,0.0556711712183357,0.060899,0.0597320655902202,0.064258,0.0334858517957548,0.039415,0.0393068883203953,0.04262,0.011769,-61.2851,KiDS,0
KIDS_5.9_-32.1,KIDS_5p9_m32p1_r_SDSS.V1.3.0A_KiDS-1347_GAaP_Gaia.fits,0.1293567646564447,0.0745071342130482,0.1448556511185582,0.0759971342130482,0.0049898303953759,0.029557,0.0097771230991396,0.032233,0.0453846660226067,0.058263,0.0480750892428437,0.061671,0.0038643538853942,-0.00273,0.005777564302235,0.001989,0.0415344410096328,0.034812,0.0437793802599541,0.037339,0.01141,-82.1073,KiDS,0
KIDS_32.9_-32.1,KIDS_32p9_m32p1_r_SDSS.V1.3.0A_KiDS-1347_GAaP_Gaia.fits,0.1848313075329991,0.0829648019949202,0.1943378773974233,0.0830578019949202,0.0276671827084015,0.052513,0.0297809168563074,0.053521,0.0338656442329009,0.049546,0.035644513247783,0.050513,0.0939813996728736,0.093213,0.0973645397552862,0.097497,-0.0285447759200702,-0.033256,-0.0252297236815199,-0.030381,0.017599,-71.864,KiDS,0
KIDS_349.3_-33.1,KIDS_349p3_m33p1_r_SDSS.V1.3.0A_KiDS-1347_GAaP_Gaia.fits,0.0739780579536158,0.0563963038276285,0.084484535174733,0.0537353038276285,0.0009877221777882,0.021634,0.0045869638002373,0.024788,0.042197295127663,0.049336,0.0453213857204742,0.051335,0.0337987838035193,0.034364,0.0365777916246942,0.036499,0.086131536995607,0.082749,0.0896403495079467,0.087569,0.015447,-68.8068,KiDS,0
KIDS_165.0_-1.5,KIDS_165p0_m1p5_r_SDSS.V1.3.0A_KiDS-1347_GAaP_Gaia.fits,0.161388455114507,0.0382212860646418,0.1770977618523403,0.0385842860646418,0.0448824550337657,0.03388,0.0517116143885245,0.039193,0.0049191010552403,0.012994,0.0090217905202734,0.016326,0.0381681814346349,0.04344,0.0404750392351447,0.047948,0.0265909984499631,0.032801,0.0305805530973584,0.036838,0.040974,50.7765,KiDS,0
KIDS_195.0_-0.5,KIDS_195p0_m0p5_r_SDSS.V1.3.0A_KiDS-1347_GAaP_Gaia.fits,0.061043670435256,-0.0233311803091193,0.0586784938543167,-0.0205891803091193,0.0449935201076159,0.041189,0.0488817130931236,0.045485,-0.0748677157740113,-0.069104,-0.0697557279781668,-0.063986,0.0237724854257173,0.024261,0.0310675933657364,0.028056,0.0613828160633922,0.063134,0.0688345718974808,0.070057,0.020059,62.2865,KiDS,0
KIDS_25.9_-32.1,KIDS_25p9_m32p1_r_SDSS.V1.3.0A_KiDS-1347_GAaP_Gaia.fits,0.0732581064922371,-0.0804417361416015,0.066849192999821,-0.0828197361416015,0.022916547559628,0.019099,0.0260696906015644,0.024766,0.0207663121070163,0.033081,0.0234884806877198,0.03666,0.0823195778574402,0.08833,0.0859396881831035,0.091461,0.0271249514886637,0.036403,0.03079071700575,0.039544,0.016135,-77.5956,KiDS,0
KIDS_219.6_-3.5,KIDS_219p6_m3p5_r_SDSS.V1.3.0A_KiDS-1347_GAaP_Gaia.fits,0.1085646745656508,0.005923990204744,0.1144524181989735,0.007655990204744,-0.0495812141808361,-0.063642,-0.0464695208343435,-0.060762,0.0250406797167533,0.026204,0.027615846953839,0.028456,0.0560918188101328,0.062198,0.0581914289344322,0.06441,0.0329691787485321,0.034775,0.0354674902020265,0.038048,0.084166,49.9802,KiDS,0
KIDS_357.7_-28.2,KIDS_357p7_m28p2_r_SDSS.V1.3.0A_KiDS-1347_GAaP_Gaia.fits,0.0782407092607053,0.0944788268834955,0.0991786732219354,0.0976268268834954,-0.0136975031059795,0.02505,-0.0117220137925777,0.025546,0.0264531811050284,0.039885,0.0279103544975263,0.043097,0.0329577276690361,0.036616,0.037182429502826,0.040127,0.1063884438544948,0.108923,0.1105822839038597,0.11227,0.016521,-76.595,KiDS,0
KIDS_190.0_1.5,KIDS_190p0_1p5_r_SDSS.V1.3.0A_KiDS-1347_GAaP_Gaia.fits,-0.1539751339782848,-0.2200875062050665,-0.1636019239804292,-0.2201565062050665,0.0667333274186345,0.062947,0.0662075462756987,0.065838,-0.0389259793894702,-0.029086,-0.0352941074144505,-0.027782,0.0347442679479164,0.038621,0.041712935842542,0.041119,0.0605790806896717,0.06096,0.0659827373572167,0.064303,0.017349,64.203,KiDS,0
KIDS_156.0_1.5,KIDS_156p0_1p5_r_SDSS.V1.3.0A_KiDS-1347_GAaP_Gaia.fits,0.0968649541987001,-0.0495889735357293,0.0983161815836212,-0.0498359735357293,0.0612893420937544,0.049218,0.0631743360019509,0.052758,0.0087528619333743,0.013614,0.0122868895782138,0.017861,-0.0224492717305952,-0.016969,-0.0188985677457611,-0.015859,0.0537598502012044,0.061109,0.0599474532889444,0.0644,0.041773,46.3674,KiDS,0
KIDS_330.3_-33.1,KIDS_330p3_m33p1_r_SDSS.V1.3.0A_KiDS-1347_GAaP_Gaia.fits,0.1339894629370954,0.0489729977896044,0.1341097272667638,0.0512719977896044,0.0183034114715028,0.005942,0.020410837958101,0.00933,0.0470666578054222,0.05312,0.0485475189172387,0.054085,0.0509319220049755,0.050743,0.0538800542888107,0.053345,0.03655536297253,0.03823,0.0410736923661107,0.041723,0.021086,-52.954,KiDS,0
KIDS_0.0_-33.1,KIDS_0p0_m33p1_r_SDSS.V1.3.0A_KiDS-1347_GAaP_Gaia.fits,0.1243709889868291,0.0024269529652147,0.1353523986088859,0.0034689529652147,0.0409424533692263,0.056786,0.0429112900185341,0.060765,-0.0085542742140369,0.003842,-0.0061463696863834,0.006227,0.0749826747179656,0.068027,0.0781681464274956,0.070183,-0.0427433937913812,-0.051864,-0.0387658019645086,-0.048988,0.011366,-77.3672,KiDS,0
KIDS_211.6_3.5,KIDS_211p6_3p5_r_SDSS.V1.3.0A_KiDS-1347_GAaP_Gaia.fits,0.1292787058213756,0.060516031050194,0.1277936894238075,0.060733031050194,0.0624311131770218,0.052685,0.0647595777151718,0.054946,-0.0149821706067573,-0.000808,-0.0101936444921632,0.003105,0.0610285806041622,0.071043,0.0668498866919826,0.073675,0.0143983402416985,0.023511,0.0209649739465327,0.027103,0.02638,60.3432,KiDS,0
KIDS_132.0_-0.5,KIDS_132p0_m0p5_r_SDSS.V1.3.0A_KiDS-1347_GAaP_Gaia.fits,0.0263619580734391,0.0726317395137027,0.0208127880624681,0.0717607395137027,0.0264373801753222,0.035889,0.0249582485506988,0.038233,0.0299009411672704,0.037501,0.0313661272429804,0.039105,-0.0758014874961753,-0.082597,-0.0731389206682836,-0.081177,0.0769005627341933,0.070545,0.0790638179803994,0.072053,0.024543,25.4284,KiDS,0
KIDS_188.0_-1.5,KIDS_188p0_m1p5_r_SDSS.V1.3.0A_KiDS-1347_GAaP_Gaia.fits,0.3829420943215703,0.2487022650065015,0.3847809132113491,0.2547522650065015,-0.046112311080337,-0.067603,-0.0417786712100505,-0.062506,0.0136099391391134,0.017728,0.0170307090042683,0.022563,0.0447679409079355,0.046648,0.0501800560382451,0.05134,0.0356920512768444,0.039987,0.0405930487571332,0.044975,0.020258,61.0291,KiDS,0
KIDS_344.1_-29.2,KIDS_344p1_m29p2_r_SDSS.V1.3.0A_KiDS-1347_GAaP_Gaia.fits,-0.0221227965304119,-0.0069797725780724,-0.0213378264831107,-0.0069797725780724,0.0250694003628661,0.052521,0.0287836521247482,0.058247,0.0169711777840971,0.028161,0.0200575152683453,0.030519,0.042940866481776,0.038652,0.0474277417679744,0.042089,0.0681970772898274,0.065996,0.0723328523877503,0.069516,0.020644,-64.5515,KiDS,0
KIDS_163.5_3.5,KIDS_163p5_3p5_r_SDSS.V1.3.0A_KiDS-1347_GAaP_Gaia.fits,0.1055254761621711,-0.0990345971706263,0.1251158058042619,-0.0997855971706263,0.0805490147158191,0.087841,0.0834384023874976,0.090006,-0.017501471027335,-0.003973,-0.0136115319673354,0.001052,0.027684549072867,0.030711,0.0321063030812629,0.032755,-0.1102822504422884,-0.109082,-0.1064591527229634,-0.104708,0.036642,53.2759,KiDS,0
KIDS_204.0_0.5,KIDS_204p0_0p5_r_SDSS.V1.3.0A_KiDS-1347_GAaP_Gaia.fits,0.0849696479600417,0.0677593150517634,0.0794734067119453,0.0689703150517634,0.0095063139365516,0.000494,0.0103897634840596,0.004245,-0.0627460675352468,-0.054202,-0.0599593160634825,-0.051946,0.0707197135119822,0.065778,0.0745826973186204,0.068715,0.0411269081969922,0.034064,0.0439380470276599,0.037406,0.021591,61.3017,KiDS,0
KIDS_219.0_-0.5,KIDS_219p0_m0p5_r_SDSS.V1.3.0A_KiDS-1347_GAaP_Gaia.fits,0.0309352789730931,0.0542589422234408,0.0294085538113554,0.0561869422234408,0.0117289395271862,0.022168,0.0133483674659988,0.02405,0.018793059456995,0.025312,0.0214875629688991,0.027756,0.0359654004533535,0.027062,0.0399393023281928,0.030055,0.0511947069374171,0.041269,0.0545169354760469,0.044075,0.033183,52.6328,KiDS,0
KIDS_335.8_-30.2,KIDS_335p8_m30p2_r_SDSS.V1.3.0A_KiDS-1347_GAaP_Gaia.fits,0.0107157969168747,-0.0242820203950925,0.0156221919117748,-0.0232640203950925,0.0612635034152194,0.062467,0.0637490682307611,0.06426,0.0464966430360314,0.057894,0.048437925550767,0.060379,0.0411335884068425,0.043948,0.0435642650806328,0.045801,0.0295121198224685,0.029533,0.0316467217899763,0.031848,0.013092,-57.5314,KiDS,0
KIDS_215.0_1.5,KIDS_215p0_1p5_r_SDSS.V1.3.0A_KiDS-1347_GAaP_Gaia.fits,0.1413017956837731,0.0785702600564162,0.1347988069788377,0.0752852600564162,0.0316044419635359,0.024734,0.0318425988615237,0.027397,0.0289072264044141,0.041169,0.0311154559178353,0.042777,0.0046249995482746,0.011324,0.0075615413246704,0.013708,0.019302067401206,0.026498,0.0227954066135658,0.029134,0.032188,56.7053,KiDS,0
KIDS_167.5_-2.5,KIDS_167p5_m2p5_r_SDSS.V1.3.0A_KiDS-1347_GAaP_Gaia.fits,-0.1178351694218042,-0.1922639479982053,-0.1087703048951281,-0.1861379479982052,0.0706421525980517,0.074172,0.0744562053633988,0.080002,0.0323602060246189,0.039893,0.0355490423180363,0.044733,0.0276327234568318,0.027645,0.0314953085021492,0.03285,0.0546040996647563,0.052641,0.0581639075041625,0.057291,0.042366,51.5871,KiDS,0
KIDS_26.5_-30.2,KIDS_26p5_m30p2_r_SDSS.V1.3.0A_KiDS-1347_GAaP_Gaia.fits,0.0796051352872615,-0.0212206936767535,0.0703252818805022,-0.0164086936767535,0.0031939786821448,0.017423,0.0048644818137966,0.021006,-0.0010463817397331,0.006862,0.0004413450554641,0.009189,0.0293615541493731,0.012944,0.0294915516584154,0.015245,-0.0390768340341961,-0.053749,-0.0378565386823663,-0.049057,0.013224,-77.6869,KiDS,0
KIDS_5.6_-28.2,KIDS_5p6_m28p2_r_SDSS.V1.3.0A_KiDS-1347_GAaP_Gaia.fits,-0.0591879571715328,-0.0587899678446707,-0.0405406222479154,-0.0562539678446707,-0.0901309046320256,-0.041264,-0.0773330367054038,-0.036597,0.0471451688615541,0.065385,0.0505354429787812,0.065175,0.062546685483515,0.050553,0.063466193736105,0.052202,0.0863344391237327,0.067303,0.0900139900194824,0.070185,0.014297,-83.5137,KiDS,0
KIDS_338.7_-27.2,KIDS_338p7_m27p2_r_SDSS.V1.3.0A_KiDS-1347_GAaP_Gaia.fits,-0.0251067815784182,-0.0589977215744298,-0.013813102949436,-0.0574857215744298,0.020525275052404,0.025813,0.0228733743834532,0.027774,0.0289996729140412,0.038566,0.0308594694126447,0.040774,0.0553298714324508,0.054828,0.0572129234486764,0.056989,0.0405612704184931,0.039569,0.0418770425189955,0.041696,0.015431,-59.6792,KiDS,0
KIDS_203.6_-2.5,KIDS_203p6_m2p5_r_SDSS.V1.3.0A_KiDS-1347_GAaP_Gaia.fits,0.0538174163073841,-0.115211181015197,0.0506521959400979,-0.1139281810151971,0.0440430615265185,0.006581,0.0474926158834671,0.007726,0.0040547528452302,0.007627,0.0091884124129753,0.011464,0.0395021144496762,0.047108,0.0454368462298728,0.051999,0.0500172342029968,0.060393,0.056222954483966,0.064402,0.035081,58.6407,KiDS,0
KIDS_169.5_-2.5,KIDS_169p5_m2p5_r_SDSS.V1.3.0A_KiDS-1347_GAaP_Gaia.fits,0.0129998028368377,-0.0866909341271072,0.021951341877744,-0.0858039341271072,0.0633757311597039,0.045703,0.067016526591178,0.048884,0.0254910364762027,0.033515,0.0290798991478725,0.034591,0.0201624762980341,0.020697,0.0238606373696363,0.025206,0.7539587516881867,0.741176,0.7605690896125172,0.750453,0.036742,52.7866,KiDS,0
KIDS_333.5_-30.2,KIDS_333p5_m30p2_r_SDSS.V1.3.0A_KiDS-1347_GAaP_Gaia.fits,0.0340628426144445,-0.0128292178426875,0.0500629204967914,-0.0123222178426875,0.0726130208083618,0.065615,0.0781931846506856,0.067961,0.0147962604335939,0.024556,0.0173434162130613,0.027473,0.0267021577146808,0.027077,0.0282967624071931,0.029252,0.0310992728820705,0.031508,0.0326607647499577,0.034063,0.012762,-55.5211,KiDS,0
KIDS_134.0_1.5,KIDS_134p0_1p5_r_SDSS.V1.3.0A_KiDS-1347_GAaP_Gaia.fits,0.0780583181685149,0.04711317646845,0.0740182440056977,0.04959817646845,0.06722061525763,0.061745,0.0686445628453414,0.063856,0.0378002859708038,0.047883,0.0398012267534838,0.050069,0.004544249273203,0.017616,0.0086966772573592,0.019196,0.0144817851906254,0.02517,0.0200608902265499,0.027305,0.035573,28.1578,KiDS,0
KIDS_332.4_-34.1,KIDS_332p4_m34p1_r_SDSS.V1.3.0A_KiDS-1347_GAaP_Gaia.fits,0.0128020829430813,-0.0490449247213994,0.0088207274474482,-0.0459799247213994,-0.0721516158726223,-0.071617,-0.0695357407989505,-0.069576,0.0179475893495007,0.025425,0.0198074043745931,0.027956,0.0525954549061047,0.052808,0.054511727428146,0.054729,0.0916616463438327,0.08961,0.093427907857945,0.092745,0.013592,-54.7415,KiDS,0
KIDS_189.0_-0.5,KIDS_189p0_m0p5_r_SDSS.V1.3.0A_KiDS-1347_GAaP_Gaia.fits,0.0651660480693651,-0.0191595633622456,0.0664834066591555,-0.0175275633622456,-0.0092629494876545,-0.018123,-0.0077380388927506,-0.016653,0.0444354378202099,0.048302,0.0463002719338328,0.050422,0.0210463061413788,0.01753,0.0235913430331251,0.021551,0.0315244163622867,0.02741,0.0335132767091274,0.031912,0.01956,62.1029,KiDS,0
KIDS_198.6_2.5,KIDS_198p6_2p5_r_SDSS.V1.3.0A_KiDS-1347_GAaP_Gaia.fits,0.0934008296675842,0.0441689370035774,0.1039513035375566,0.0445549370035774,0.0419750249372473,0.037579,0.0497915999675316,0.041097,0.0155391432106034,0.022809,0.0198060803856923,0.026268,-0.0158561233988087,-0.021057,-0.0113090670185736,-0.015317,-0.0913227251619099,-0.097777,-0.086624274966439,-0.092682,0.022745,64.7459,KiDS,0
KIDS_342.0_-34.1,KIDS_342p0_m34p1_r_SDSS.V1.3.0A_KiDS-1347_GAaP_Gaia.fits,0.1151598428177918,0.031707703895483,0.1174813336072732,0.034411703895483,0.0549462070378867,0.059345,0.0572963929544411,0.062819,-0.0186594612202405,-0.008464,-0.0158240075026578,-0.006471,0.0876404069551059,0.083553,0.0912270225450102,0.086808,0.0644813721173401,0.059502,0.0687502672946224,0.062447,0.01191,-62.6629,KiDS,0
KIDS_20.0_-32.1,KIDS_20p0_m32p1_r_SDSS.V1.3.0A_KiDS-1347_GAaP_Gaia.fits,0.2347031397653993,0.0363644083872223,0.2376291362986947,0.0363554083872223,-0.0054980677082931,0.013073,-0.0037868313005037,0.016424,0.0171303684544584,0.02768,0.0210315486425672,0.031434,0.08036761587658,0.074079,0.0853587546524692,0.078699,0.0565263625151239,0.049106,0.0625582059222786,0.052207,0.023032,-82.0195,KiDS,0
KIDS_46.7_-26.2,KIDS_46p7_m26p2_r_SDSS.V1.3.0A_KiDS-1347_GAaP_Gaia.fits,0.08107336769556,-0.0168980704923096,0.0799126786368841,-0.0132160704923096,0.0242231573362863,0.054028,0.0263687716816822,0.058138,0.0273565743551925,0.046581,0.0319578663427636,0.047496,0.0443303051872071,0.035941,0.0497825980691507,0.039979,0.0527393741157,0.047246,0.0578474686242015,0.051694,0.013484,-59.8669,KiDS,0
KIDS_206.6_3.5,KIDS_206p6_3p5_r_SDSS.V1.3.0A_KiDS-1347_GAaP_Gaia.fits,0.0926070789714818,0.0311956404025665,0.0906033119198862,0.0327996404025665,0.051068177135314,0.043614,0.0545702696466371,0.048733,0.0128732347958392,0.022225,0.0162569610818939,0.025326,0.05977431342539,0.057717,0.0640930385526895,0.061506,0.0573258006332143,0.054879,0.0604544998244052,0.05788,0.020458,62.9272,KiDS,0
KIDS_19.1_-27.2,KIDS_19p1_m27p2_r_SDSS.V1.3.0A_KiDS-1347_GAaP_Gaia.fits,0.0997742647455982,0.0291176740439822,0.1115839257018091,0.0293786740439822,-0.1277434664615361,-0.083558,-0.1247082928851942,-0.076551,0.0207517665805317,0.036479,0.0241582283647088,0.038097,0.0739871349556929,0.058248,0.0794316579648121,0.062601,0.0534122796343927,0.031822,0.0585419196650939,0.035744,0.013618,-84.4518,KiDS,0
KIDS_13.2_-34.1,KIDS_13p2_m34p1_r_SDSS.V1.3.0A_KiDS-1347_GAaP_Gaia.fits,-0.8732432702786701,-1.0200901887023606,-0.8664413645855537,-1.0200901887023606,0.0272132341132208,0.041946,0.031005111249774,0.044749,0.028824751489291,0.038078,0.0320676251650558,0.040366,0.0273787360744507,0.021155,0.0301469003920587,0.024963,0.0174930566595331,0.0085,0.0198867795985708,0.014036,0.01516,-82.9865,KiDS,0
KIDS_186.0_0.5,KIDS_186p0_0p5_r_SDSS.V1.3.0A_KiDS-1347_GAaP_Gaia.fits,0.0808384469968017,0.0121484944823814,0.0944758084315726,0.0186724944823814,0.1289670259824699,0.127232,0.1372218761616383,0.131979,0.0178625328885072,0.023047,0.0236579986404633,0.02879,0.0568766804299496,0.051165,0.0617946974410938,0.055813,0.0433588437980462,0.038761,0.0501694282012093,0.045442,0.02278,62.5691,KiDS,0
KIDS_218.0_-1.5,KIDS_218p0_m1p5_r_SDSS.V1.3.0A_KiDS-1347_GAaP_Gaia.fits,0.0932757603304606,0.0044716524930133,0.0940859811764225,0.0054786524930133,0.0536041827488985,0.037645,0.0561341227493136,0.041733,0.0296941216127365,0.037377,0.0337206693275119,0.041059,0.0356557983710532,0.041175,0.0411303305746205,0.045977,0.022493437571186,0.025936,0.0274176190177539,0.030444,0.037885,52.5065,KiDS,0
KIDS_38.9_-35.1,KIDS_38p9_m35p1_r_SDSS.V1.3.0A_KiDS-1347_GAaP_Gaia.fits,-0.0016558692911926,-0.0919156670813285,-0.0131849781300897,-0.0901246670813285,0.0426357778430417,0.065243,0.042989694584599,0.067583,-0.1102091651050582,-0.094163,-0.1066964578074957,-0.090236,0.0867821461778611,0.085851,0.0908244256485211,0.084338,-0.0714112972905835,-0.073646,-0.0652677856589704,-0.071288,0.029334,-66.1683,KiDS,0
KIDS_3.5_-31.2,KIDS_3p5_m31p2_r_SDSS.V1.3.0A_KiDS-1347_GAaP_Gaia.fits,0.1674608628100711,-0.0213740128009297,0.1721685339565839,-0.0201870128009297,0.0194927712440982,0.030483,0.0215986685191015,0.033551,0.0321932824156899,0.044089,0.0353553706238565,0.047988,0.0676059769507369,0.059873,0.0711446011732988,0.064835,0.0380348792977919,0.039078,0.0440256890294722,0.042771,0.011203,-80.886,KiDS,0
KIDS_133.0_0.5,KIDS_133p0_0p5_r_SDSS.V1.3.0A_KiDS-1347_GAaP_Gaia.fits,0.0495007835333532,0.0213822404237194,0.0547149062245032,0.0219822404237194,0.0529776141031239,0.047616,0.0541708682447116,0.048828,0.0129724441361847,0.022047,0.0148607204722962,0.024551,0.0688242391140019,0.074392,0.071136483749201,0.076472,0.0537068468346768,0.058128,0.0558607181280468,0.061068,0.030354,26.79,KiDS,0
KIDS_33.6_-34.1,KIDS_33p6_m34p1_r_SDSS.V1.3.0A_KiDS-1347_GAaP_Gaia.fits,0.0250250470738941,-0.074276343711092,0.0392347688850293,-0.065811343711092,0.0261636218585726,0.062885,0.0278304273154426,0.064956,0.0169181574041271,0.039011,0.0197362514452295,0.040634,0.0381115371120964,0.0381,0.042764472631642,0.039468,-0.0625835329415993,-0.062817,-0.0570027851161652,-0.060402,0.013104,-70.8843,KiDS,0
KIDS_10.2_-28.2,KIDS_10p2_m28p2_r_SDSS.V1.3.0A_KiDS-1347_GAaP_Gaia.fits,-0.1538138069714964,-0.1553768912304075,-0.1500223734600357,-0.1546308912304075,0.0261358831168004,0.049644,0.0278873905255779,0.05496,0.0405100455020855,0.05293,0.0449293455265241,0.056089,0.0210926328002955,0.011919,0.026260448478186,0.015527,0.6383145179617147,0.633394,0.6452945483966771,0.636473,0.012428,-87.3902,KiDS,0
KIDS_159.4_2.5,KIDS_159p4_2p5_r_SDSS.V1.3.0A_KiDS-1347_GAaP_Gaia.fits,-0.0165520674601599,-0.1278483753600466,-0.0110163594355182,-0.1257163753600466,-0.1875542931746735,-0.198543,-0.185955926970369,-0.194932,0.0353943018426475,0.042454,0.0374681616979147,0.045968,0.0443915513980663,0.049399,0.0478114335913143,0.051317,0.0380763311743473,0.037379,0.0413776853754248,0.042957,0.029407,49.6365,KiDS,0
KIDS_44.0_-28.2,KIDS_44p0_m28p2_r_SDSS.V1.3.0A_KiDS-1347_GAaP_Gaia.fits,0.1050497265999199,-0.0230804675547478,0.106790983254648,-0.0223984675547478,-0.1095195919065488,-0.078107,-0.1053134938359834,-0.07503,0.0314497722003595,0.052487,0.0340820405660893,0.055331,0.0380087816307393,0.031756,0.0391012388422165,0.036336,-0.0501259050698374,-0.050835,-0.0471939528910501,-0.046745,0.015052,-62.4526,KiDS,0
KIDS_342.4_-32.1,KIDS_342p4_m32p1_r_SDSS.V1.3.0A_KiDS-1347_GAaP_Gaia.fits,0.0936099055244411,0.0289673675320572,0.095858338848159,0.0328533675320572,0.0693229083017825,0.073709,0.0708323095669746,0.075099,0.0368034747123489,0.049457,0.0392766670653377,0.052152,0.0482822817560175,0.046602,0.0510006888189351,0.048694,0.0862541698410932,0.086354,0.0896287631808457,0.088638,0.015437,-63.1077,KiDS,0
KIDS_51.3_-31.2,KIDS_51p3_m31p2_r_SDSS.V1.3.0A_KiDS-1347_GAaP_Gaia.fits,0.1317981823400485,0.0399905696556813,0.1386480491105516,0.0438835696556813,0.0304766956603912,0.043689,0.0323109648092878,0.045531,0.0289267219769465,0.041455,0.0306119373606904,0.04228,0.09291356704231,0.091113,0.0949678633874936,0.093607,0.0585897544667834,0.056752,0.0605453554087215,0.058968,0.010164,-56.3686,KiDS,0
KIDS_12.3_-27.2,KIDS_12p3_m27p2_r_SDSS.V1.3.0A_KiDS-1347_GAaP_Gaia.fits,-0.0616336459700235,-0.1130507479129242,-0.0506935140294831,-0.1114737479129242,-0.1091112613199553,-0.085094,-0.105804574893725,-0.081323,0.0263501979140855,0.039655,0.0297169105172324,0.043111,0.0896264675990284,0.088626,0.0950449102331979,0.09161,0.0590671205325064,0.05523,0.0622427265853434,0.058338,0.012209,-89.4109,KiDS,0
KIDS_229.0_0.5,KIDS_229p0_0p5_r_SDSS.V1.3.0A_KiDS-1347_GAaP_Gaia.fits,-0.0156022960934801,-0.0354837422167267,-0.0066234129515154,-0.0320807422167267,0.0367540028722597,0.04187,0.0401591134116375,0.043313,-0.0553913261080957,-0.051123,-0.0538429749489667,-0.048816,0.0846289379724508,0.080633,0.0860534703842752,0.08261,0.0312773442953303,0.026497,0.0323018936099619,0.028463,0.044843,46.2618,KiDS,0
KIDS_140.0_1.5,KIDS_140p0_1p5_r_SDSS.V1.3.0A_KiDS-1347_GAaP_Gaia.fits,0.1395982881344988,0.0474758241185071,0.1400206637431086,0.0477918241185071,0.0290155392397729,0.025277,0.0298762914630166,0.027473,-0.0320143077286014,-0.022917,-0.0301722286804841,-0.020867,0.0401093834689621,0.039405,0.0421344418390023,0.04176,0.0355179136184756,0.036358,0.03942698149714,0.039944,0.025688,33.2922,KiDS,0
KIDS_336.4_-27.2,KIDS_336p4_m27p2_r_SDSS.V1.3.0A_KiDS-1347_GAaP_Gaia.fits,0.0236352131784453,-0.00871801499117,0.0116914317098891,-0.00764201499117,-0.1123043283657692,-0.10758,-0.1133182800039003,-0.106579,0.0284455044997718,0.039934,0.0303930690733379,0.041662,0.1473441665349714,0.151775,0.1505879829575008,0.153739,-0.0636568328929668,-0.063296,-0.0601022495147805,-0.061537,0.016087,-57.7116,KiDS,0
KIDS_222.0_0.5,KIDS_222p0_0p5_r_SDSS.V1.3.0A_KiDS-1347_GAaP_Gaia.fits,0.0462119261579411,0.0267942404449535,0.0569224421610195,0.0264212404449535,0.0264463759363543,0.027542,0.0326452432797301,0.032093,-0.0078583305777803,0.002152,-0.0030114011178813,0.006,0.0060501241370268,0.005717,0.0107779858809109,0.011422,0.0141332369956405,0.01454,0.0189953806608056,0.019809,0.037681,51.3559,KiDS,0
KIDS_189.5_2.5,KIDS_189p5_2p5_r_SDSS.V1.3.0A_KiDS-1347_GAaP_Gaia.fits,-0.0509576308164665,-0.1146944379874263,-0.0289341348180944,-0.1144684379874263,0.0352931086512846,0.043268,0.0444158787683329,0.043912,-0.1808231315520116,-0.170197,-0.1766214935671847,-0.167929,-0.0287909064424693,-0.029639,-0.0262137006460867,-0.025696,-0.1188148311386982,-0.117693,-0.1167229012872184,-0.11398,0.018505,65.1805,KiDS,0
KIDS_202.6_3.5,KIDS_202p6_3p5_r_SDSS.V1.3.0A_KiDS-1347_GAaP_Gaia.fits,0.1211203476739419,0.0316468967361662,0.1220159177544744,0.0316128967361662,0.0340369175154538,0.019449,0.0368382949793159,0.022094,-0.0097104475377149,-0.005227,-0.0062757588359078,-0.001334,0.0370012739160749,0.036887,0.0397398581158858,0.04002,0.0418405034080386,0.041387,0.047302100076823,0.044592,0.021859,64.5903,KiDS,0
KIDS_222.6_-2.5,KIDS_222p6_m2p5_r_SDSS.V1.3.0A_KiDS-1347_GAaP_Gaia.fits,0.0971233489198378,0.0663038615012534,0.1115510043198723,0.0681938615012534,0.0176373269853168,0.020134,0.0228070339277836,0.024812,0.0027443441894613,0.007058,0.0048328197921106,0.008947,0.0307789385591013,0.031938,0.0334640687427634,0.035512,0.0395880705829394,0.039932,0.042887356517582,0.04485,0.068103,48.772,KiDS,0
KIDS_51.6_-27.2,KIDS_51p6_m27p2_r_SDSS.V1.3.0A_KiDS-1347_GAaP_Gaia.fits,0.223839406618336,-0.0480319773571555,0.2296067773166009,-0.0465959773571555,-0.0140354162202092,-0.00731,-0.012107017731922,-0.004619,0.0180228625555787,0.036157,0.0206408876269824,0.038738,0.0632426744475592,0.044739,0.0669984371267194,0.046803,0.0910380512786329,0.073318,0.0954857887594076,0.077647,0.010991,-55.6689,KiDS,0
KIDS_235.0_1.5,KIDS_235p0_1p5_r_SDSS.V1.3.0A_KiDS-1347_GAaP_Gaia.fits,-0.1765802330359298,-0.2466657159720511,-0.1784362620895277,-0.2453707159720511,-0.3293443740656795,-0.337485,-0.3280216947963016,-0.335635,-0.1079503733985229,-0.102504,-0.1045139741511901,-0.098843,0.0093586941681028,0.014556,0.0131158123340232,0.017427,0.0661004154236402,0.070317,0.0706058008311932,0.072951,0.059782,42.1869,KiDS,0
KIDS_134.0_-1.5,KIDS_134p0_m1p5_r_SDSS.V1.3.0A_KiDS-1347_GAaP_Gaia.fits,0.0351858247885619,0.0475842041234884,0.0419048805954259,0.0476032041234884,-0.0609946223544048,-0.061991,-0.0582020736644629,-0.060148,0.0141530064297748,0.023269,0.0159868224176152,0.024386,0.0573827879855099,0.058571,0.0598224706467299,0.059623,0.0660334097654205,0.067542,0.0679363533783168,0.069868,0.018272,26.612,KiDS,0
KIDS_34.5_-30.2,KIDS_34p5_m30p2_r_SDSS.V1.3.0A_KiDS-1347_GAaP_Gaia.fits,0.1519501525975705,-0.0035081209324801,0.1597432169570766,-0.0022471209324801,-0.015966424799402,-0.001715,-0.0147133404587679,0.001755,0.0445243628200092,0.060233,0.0485201038845937,0.063171,0.0527445420263821,0.051141,0.0584170489110334,0.054463,-0.0790446551711938,-0.078357,-0.0714441044028194,-0.073611,0.016491,-70.791,KiDS,0
KIDS_231.6_2.5,KIDS_231p6_2p5_r_SDSS.V1.3.0A_KiDS-1347_GAaP_Gaia.fits,-0.0165846438142077,-0.0466243744286204,-0.0164032943320539,-0.0461603744286205,0.051304033903386,0.048427,0.05341397661407,0.052763,0.0091925521329555,0.012571,0.0132853820361674,0.015632,0.056731044227297,0.054901,0.0614116013534617,0.057814,-0.0941418502375301,-0.096273,-0.0887322431679847,-0.094012,0.040012,45.455,KiDS,0
KIDS_203.6_3.5,KIDS_203p6_3p5_r_SDSS.V1.3.0A_KiDS-1347_GAaP_Gaia.fits,0.1184979739485591,0.0119008440120368,0.1319906439263975,0.0133738440120368,0.0294129641394939,0.020884,0.0384181329387184,0.023681,-0.0098745895101494,-0.00359,-0.0045404598228055,0.001331,0.0168808553604136,0.021709,0.0204962184951981,0.025403,-0.0836089050413246,-0.078851,-0.0796387246450244,-0.073414,0.023803,64.2049,KiDS,0
KIDS_198.6_-3.5,KIDS_198p6_m3p5_r_SDSS.V1.3.0A_KiDS-1347_GAaP_Gaia.fits,0.0384568321535067,0.0298396353754234,0.0416405660171464,0.0298396353754234,0.0076955113439281,0.010048,0.0115417137950826,0.013158,0.0371966075379242,0.04043,0.0399373841018158,0.045686,0.034166249690531,0.031191,0.036311137642999,0.03473,-0.0827164766728497,-0.084583,-0.0791354517120654,-0.080075,0.026925,58.9081,KiDS,0
KIDS_230.0_-1.5,KIDS_230p0_m1p5_r_SDSS.V1.3.0A_KiDS-1347_GAaP_Gaia.fits,-0.015890398250837,-0.0040626967045701,-0.0119054785149271,-0.0065696967045701,0.035533422124189,0.057958,0.0385628179369497,0.061964,0.0140925276587223,0.013687,0.0181902545303143,0.01868,0.0480588647930972,0.040754,0.053046580441874,0.045724,0.0335080709996468,0.025363,0.0384929474571715,0.030743,0.121475,44.219,KiDS,0
KIDS_334.8_-34.1,KIDS_334p8_m34p1_r_SDSS.V1.3.0A_KiDS-1347_GAaP_Gaia.fits,0.0032235821878106,-0.0503536622820591,-0.0040016947762955,-0.0492106622820591,0.0583995333753469,0.055554,0.0579632017023762,0.058936,-0.2231216392628083,-0.215053,-0.2211828875412091,-0.21304,0.0473369334991227,0.04743,0.0503593911411788,0.049891,0.0429070832895757,0.041394,0.0456400006758797,0.044184,0.014798,-56.7184,KiDS,0
KIDS_209.6_-2.5,KIDS_209p6_m2p5_r_SDSS.V1.3.0A_KiDS-1347_GAaP_Gaia.fits,0.124281329812372,0.0211750438213584,0.1115250208069722,0.0213190438213584,0.0824491285352161,0.070062,0.0817853419010139,0.073279,-0.0006366289671872,0.005092,0.0032588760385726,0.008844,-0.0478458173271737,-0.042407,-0.0403999614611568,-0.035014,0.0147433243996298,0.023195,0.021085613843779,0.026108,0.050649,56.2846,KiDS,0
KIDS_20.7_-30.2,KIDS_20p7_m30p2_r_SDSS.V1.3.0A_KiDS-1347_GAaP_Gaia.fits,0.0930365304789305,0.0640214351791298,0.1026520092596783,0.0652814351791298,0.014130999307947,0.044662,0.0180022289012878,0.044795,0.0197976558830218,0.027728,0.0238091713729767,0.034763,0.0659175525541863,0.054521,0.0731993308004704,0.05853,-0.0780586466740271,-0.087768,-0.0734800400036,-0.084835,0.015461,-82.5047,KiDS,0
KIDS_212.6_3.5,KIDS_212p6_3p5_r_SDSS.V1.3.0A_KiDS-1347_GAaP_Gaia.fits,0.0420896982921438,-0.0205621711540789,0.0515056773221871,-0.0194101711540789,0.0589016122594372,0.049424,0.0632190368421841,0.053788,0.0603536218732512,0.066767,0.0634475915691799,0.070508,0.021496571832945,0.019657,0.0241423110305551,0.022337,0.0208055752314926,0.018792,0.0239620750252889,0.022242,0.02533,59.727,KiDS,0
KIDS_195.5_2.5,KIDS_195p5_2p5_r_SDSS.V1.3.0A_KiDS-1347_GAaP_Gaia.fits,0.1196563734234983,0.0606747355280826,0.1187650754892285,0.0625467355280826,-0.0670179898097281,-0.084508,-0.0623387707465077,-0.08042,-0.0602067891646806,-0.055249,-0.0558071302175497,-0.051746,-0.0212741999165062,-0.027323,-0.01601943471587,-0.02436,0.0255919413474258,0.02128,0.0314272219390561,0.024752,0.020239,65.2292,KiDS,0
KIDS_194.0_0.5,KIDS_194p0_0p5_r_SDSS.V1.3.0A_KiDS-1347_GAaP_Gaia.fits,0.0231579584269504,-0.0552602032840032,0.0109036659418374,-0.0533712032840032,-0.0774824493119489,-0.084369,-0.0757649725801702,-0.076117,-0.0666009339735852,-0.068925,-0.059763021678162,-0.060605,-0.0788510081774096,-0.086912,-0.0704574109737753,-0.081046,0.0142036443423479,0.0045,0.0233326835025647,0.010724,0.016384,63.3476,KiDS,0
KIDS_22.4_-27.2,KIDS_22p4_m27p2_r_SDSS.V1.3.0A_KiDS-1347_GAaP_Gaia.fits,0.0582726949128371,-0.1311858512879318,0.0885885089740265,-0.1337978512879318,0.0372940233734933,0.053204,0.0413522722592294,0.055719,0.0416320106392889,0.058283,0.045679805527922,0.061105,0.146899898187544,0.141837,0.1543060347185846,0.144883,-0.0601269697969332,-0.064743,-0.0540864689533596,-0.061518,0.012881,-81.4778,KiDS,0
KIDS_219.6_2.5,KIDS_219p6_2p5_r_SDSS.V1.3.0A_KiDS-1347_GAaP_Gaia.fits,0.4254318877907466,0.3919261742942839,0.4431215733557947,0.3956911742942839,0.0352550577382604,0.028541,0.0398261082924129,0.0307,0.0433059001043508,0.050223,0.0451369917402569,0.050854,-0.086026400680704,-0.089915,-0.0841255916737378,-0.086562,0.0468282259465867,0.045127,0.050147761397186,0.048463,0.031788,54.4432,KiDS,0
KIDS_47.5_-33.1,KIDS_47p5_m33p1_r_SDSS.V1.3.0A_KiDS-1347_GAaP_Gaia.fits,0.0491477414742695,-0.0053122501637863,0.0574445186578509,-0.0043412501637863,-0.0642332442418704,-0.034108,-0.0609113510249428,-0.030833,0.0113652553206101,0.02564,0.0146102610749703,0.028407,0.043348954111361,0.041375,0.0474915733341425,0.04369,0.0445569566733257,0.04362,0.0483245828819305,0.047484,0.013275,-59.5636,KiDS,0
KIDS_352.8_-34.1,KIDS_352p8_m34p1_r_SDSS.V1.3.0A_KiDS-1347_GAaP_Gaia.fits,0.0141385056698632,-0.0012848158644085,0.0179168825753584,-0.0004838158644085,0.0514958064841024,0.06512,0.0539744408974079,0.068276,-0.0108620353421246,0.001963,-0.008494685414114,0.004493,0.0029199444900996,0.00339,0.0059395300279701,0.005124,0.1149500858552394,0.12069,0.1198167370194692,0.123536,0.014812,-71.4311,KiDS,0
KIDS_227.0_-1.5,KIDS_227p0_m1p5_r_SDSS.V1.3.0A_KiDS-1347_GAaP_Gaia.fits,0.0028276948659729,-0.0491847088917919,0.0054821967703681,-0.048234708891792,0.052122335870873,0.049607,0.055053251398486,0.051882,0.0042675602842795,0.008953,0.00725749031167,0.013192,0.0433414858405543,0.047308,0.0474968452202697,0.05058,0.0676482118479411,0.071109,0.0712944760772559,0.074073,0.060191,46.4222,KiDS,0
KIDS_170.5_-2.5,KIDS_170p5_m2p5_r_SDSS.V1.3.0A_KiDS-1347_GAaP_Gaia.fits,-0.0072680309025065,-0.1169659943775248,-0.001958840872936,-0.1138369943775248,0.0624078412175045,0.049388,0.0658728699236258,0.052556,0.0397171882596044,0.038253,0.0414903555635298,0.03968,0.0278408722977763,0.02293,0.0304471924343287,0.027599,0.0587612964904875,0.055457,0.0610042326155917,0.05886,0.047527,53.357,KiDS,0
KIDS_350.7_-31.2,KIDS_350p7_m31p2_r_SDSS.V1.3.0A_KiDS-1347_GAaP_Gaia.fits,0.1077280705040392,0.0669434624190146,0.121101155211011,0.0672574624190146,0.033435520387163,0.046098,0.0349819319950786,0.048508,0.0821159890853651,0.092259,0.0845226634871819,0.094698,0.0588960826536912,0.054766,0.0620504216066388,0.057372,0.068247249324679,0.063685,0.0722457623959258,0.068296,0.012923,-70.2305,KiDS,0
KIDS_171.5_-3.5,KIDS_171p5_m3p5_r_SDSS.V1.3.0A_KiDS-1347_GAaP_Gaia.fits,-0.0473496566685067,-0.1890490208287293,-0.0433444453124851,-0.1889810208287292,0.0628469325915028,0.039447,0.0657816500734615,0.043007,0.0155448699485406,0.021934,0.0189560873629895,0.02499,0.0468477761099087,0.056995,0.0499084301811437,0.059043,0.0228736576269437,0.03388,0.0263701312306539,0.037177,0.049286,53.0915,KiDS,0
KIDS_41.9_-31.2,KIDS_41p9_m31p2_r_SDSS.V1.3.0A_KiDS-1347_GAaP_Gaia.fits,0.2328278468794802,-0.0101511675811485,0.2129192014678591,-0.0099821675811485,-0.0049651329631718,0.020618,-0.0027934784562945,0.022841,0.0206760777196551,0.038673,0.024300837823914,0.039716,0.0643402871362901,0.039063,0.0632364840307798,0.042708,0.0500513022971632,0.033306,0.0519372912290709,0.038001,0.018716,-64.3589,KiDS,0
KIDS_223.6_-3.5,KIDS_223p6_m3p5_r_SDSS.V1.3.0A_KiDS-1347_GAaP_Gaia.fits,0.0627810735605201,0.0628695680981218,0.0696290493963209,0.0643985680981218,0.0561154758064257,0.074842,0.0595786280398804,0.078838,0.0269608803814552,0.027168,0.0294052737358919,0.029521,0.0313401165951817,0.027125,0.0333087547479538,0.028905,0.0495789485855072,0.046467,0.0531694332969519,0.05023,0.094958,47.3649,KiDS,0
KIDS_41.8_-28.2,KIDS_41p8_m28p2_r_SDSS.V1.3.0A_KiDS-1347_GAaP_Gaia.fits,-0.0496020390113605,-0.2109058574065857,-0.0410945451154763,-0.2122358574065857,0.044415452692894,0.074893,0.0474798745906176,0.0759,0.0334164148679963,0.057143,0.0365887489938843,0.059265,0.0150049420618972,0.007027,0.0177463905511037,0.010266,0.1063125895102971,0.104032,0.1101501139001947,0.106224,0.01308,-64.4316,KiDS,0
KIDS_355.2_-33.1,KIDS_355p2_m33p1_r_SDSS.V1.3.0A_KiDS-1347_GAaP_Gaia.fits,0.1775242369607884,0.0729693505122563,0.1739416402125737,0.0739683505122563,0.0323450397373122,0.040343,0.0328465975356391,0.041808,0.023321807027743,0.036945,0.0267009118352264,0.040767,0.0724943581369779,0.07199,0.0761404450107422,0.076913,0.0887822185072916,0.092541,0.0960085999611018,0.096884,0.010749,-73.6583,KiDS,0
KIDS_52.8_-34.1,KIDS_52p8_m34p1_r_SDSS.V1.3.0A_KiDS-1347_GAaP_Gaia.fits,0.0666016372138605,-0.0205946192006951,0.0799243631948739,-0.0187376192006951,0.0156444912177754,0.035567,0.0196219609498242,0.036451,0.0571656607264761,0.072875,0.059948676983026,0.075417,0.0442449681088295,0.040285,0.0471782877470298,0.042169,-0.0534306795760118,-0.053801,-0.0505908527072539,-0.052234,0.010585,-55.1186,KiDS,0
KIDS_208.0_1.5,KIDS_208p0_1p5_r_SDSS.V1.3.0A_KiDS-1347_GAaP_Gaia.fits,0.0195428330235675,-0.1147694584030471,0.0164408178619945,-0.1122294584030471,0.1144139968022927,0.089408,0.1156567891643537,0.091246,-0.1320980857414108,-0.12027,-0.1283099029062903,-0.116316,0.0666917924009597,0.076402,0.071411285410896,0.079285,0.030849572622964,0.041378,0.0356824732973281,0.043937,0.026609,60.5313,KiDS,0
KIDS_337.9_-31.2,KIDS_337p9_m31p2_r_SDSS.V1.3.0A_KiDS-1347_GAaP_Gaia.fits,0.0026076686341891,0.0005127222742157,0.0135190572990015,0.0008747222742157,0.0105241878388746,0.029931,0.0160493909992855,0.03335,0.0055429425255027,0.019184,0.0080921287685567,0.021651,0.0459559702593417,0.044503,0.0481105734403389,0.047119,-0.0482925038587749,-0.05087,-0.0461631521484334,-0.048204,0.012148,-59.2874,KiDS,0
KIDS_329.7_-27.2,KIDS_329p7_m27p2_r_SDSS.V1.3.0A_KiDS-1347_GAaP_Gaia.fits,0.1544435506919327,0.0473973687573233,0.1537106572427179,0.0468803687573233,0.0597819767801928,0.037644,0.0592175612140128,0.038893,0.0568406098048482,0.061296,0.0575488840795866,0.061951,0.1754003464198771,0.173982,0.176214176991375,0.175653,0.0465411679365594,0.047886,0.0480918357587872,0.050504,0.022792,-51.8024,KiDS,0
KIDS_9.0_-28.2,KIDS_9p0_m28p2_r_SDSS.V1.3.0A_KiDS-1347_GAaP_Gaia.fits,0.4475563011927351,0.0574596799639893,0.5060932450966125,0.0576476799639893,0.0399338614538073,0.045754,0.0451715499510369,0.050214,0.0328230357627462,0.042725,0.0356259546120081,0.046214,0.0549944923165702,0.036575,0.0616822493987561,0.038608,0.0827447075950249,0.061521,0.088645019486235,0.063915,0.014662,-86.4519,KiDS,0
KIDS_337.0_-30.2,KIDS_337p0_m30p2_r_SDSS.V1.3.0A_KiDS-1347_GAaP_Gaia.fits,0.0699599551867256,0.0080301162445801,0.0744616485110397,0.0052671162445801,0.0528382349930834,0.055798,0.0562767934131654,0.059549,0.0439758589486226,0.055461,0.0468998109306438,0.059163,0.0724379349132096,0.075571,0.0753080037735935,0.078093,0.0596366737394198,0.065119,0.0635863786633816,0.068338,0.013498,-58.491,KiDS,0
KIDS_1.2_-34.1,KIDS_1p2_m34p1_r_SDSS.V1.3.0A_KiDS-1347_GAaP_Gaia.fits,0.0805880988496027,0.0097635503075015,0.088503370555869,0.0085225503075015,-0.0520155843372667,-0.041301,-0.0482272333718125,-0.039778,-0.0469819004255209,-0.032399,-0.0444726465895323,-0.030021,0.0555456865993361,0.055967,0.0567132184134708,0.058065,-0.0446165403538245,-0.044206,-0.0404629774820617,-0.041372,0.011765,-77.7574,KiDS,0
KIDS_228.0_0.5,KIDS_228p0_0p5_r_SDSS.V1.3.0A_KiDS-1347_GAaP_Gaia.fits,0.1218767573535948,0.083713419265064,0.1255185034428321,0.083019419265064,0.0659340377189957,0.055349,0.0689748776624052,0.057064,-0.0272118372540694,-0.019931,-0.0255735217488947,-0.019518,-0.0748115806159697,-0.073926,-0.0736688945981777,-0.071994,0.0201367025000912,0.021798,0.0228342377446633,0.023717,0.042713,47.0246,KiDS,0
KIDS_41.4_-35.1,KIDS_41p4_m35p1_r_SDSS.V1.3.0A_KiDS-1347_GAaP_Gaia.fits,-0.1896954928259742,-0.3589438800723361,-0.1978844468784145,-0.357616880072336,0.0261828302511294,0.042179,0.0260928472903352,0.043177,0.0096377786872135,0.027417,0.0132532318610275,0.030024,0.0524586803977054,0.048064,0.0550082993490453,0.051401,-0.0895540322396327,-0.087268,-0.0850860715539475,-0.086136,0.019729,-64.4496,KiDS,0
KIDS_168.5_-2.5,KIDS_168p5_m2p5_r_SDSS.V1.3.0A_KiDS-1347_GAaP_Gaia.fits,-0.0530189691826162,-0.1256976208264102,-0.0431460741370031,-0.1250016208264102,-0.0654653762353542,-0.071114,-0.0607780612104646,-0.068741,0.1484550227843538,0.152893,0.1508738177399862,0.155362,0.0340089960690292,0.037634,0.0363557203705607,0.041472,0.0242449646205601,0.025272,0.0267902887932615,0.029311,0.034504,52.189,KiDS,0
KIDS_349.2_-34.1,KIDS_349p2_m34p1_r_SDSS.V1.3.0A_KiDS-1347_GAaP_Gaia.fits,0.1316457662114545,0.0130353272667919,0.137252984597969,0.0143053272667919,0.0290742613682282,0.030734,0.0323011662091608,0.033717,0.0257926336484515,0.036399,0.0293274255653668,0.039808,-0.0045490821658594,0.000389,0.0002723370537875,0.002109,0.0547189630295556,0.060878,0.0602862272530472,0.063818,0.01876,-68.5406,KiDS,0
KIDS_175.5_3.5,KIDS_175p5_3p5_r_SDSS.V1.3.0A_KiDS-1347_GAaP_Gaia.fits,0.1196215782150408,0.0333074638170368,0.1254268778713424,0.0362614638170368,0.0452998071458374,0.043291,0.0482330191059884,0.046354,0.0035016080627979,0.015957,0.009576751991109,0.019621,0.0471902854574242,0.044881,0.0526768649751838,0.052234,0.0105585070691249,0.011193,0.0182034681959731,0.016332,0.017058,61.096,KiDS,0
KIDS_20.2_-27.2,KIDS_20p2_m27p2_r_SDSS.V1.3.0A_KiDS-1347_GAaP_Gaia.fits,-0.0532160469653338,-0.1041408522843687,-0.0485071706144525,-0.1034638522843688,0.0414967519381639,0.070203,0.0458529876710936,0.071418,-0.1091177801440549,-0.091525,-0.1045359377113128,-0.089225,0.0697226874123022,0.067262,0.0733946980164816,0.071772,-0.0701564312906501,-0.070932,-0.066016543549149,-0.067872,0.011674,-83.5033,KiDS,0
KIDS_201.0_-0.5,KIDS_201p0_m0p5_r_SDSS.V1.3.0A_KiDS-1347_GAaP_Gaia.fits,0.0986785038934034,0.0152050494071946,0.1004842456324006,0.0148200494071946,-0.0104580480115037,-0.02377,-0.0076834100113862,-0.021176,0.0258809739652963,0.032787,0.0304405476644019,0.035834,0.0689601966549471,0.073543,0.0748972186063341,0.076644,0.0087680167784735,0.008267,0.0153400639051457,0.013213,0.023468,61.2696,KiDS,0
KIDS_8.5_-35.1,KIDS_8p5_m35p1_r_SDSS.V1.3.0A_KiDS-1347_GAaP_Gaia.fits,0.0177615880505739,-0.1065766761763886,0.0224496711247498,-0.1063226761763886,0.0297074555613633,0.047614,0.0327585145212347,0.052835,0.0142145482220539,0.025761,0.016621506070067,0.0294,0.0832881893907522,0.079488,0.0848440722091999,0.08299,0.0577215943611298,0.056133,0.0593545231720697,0.059834,0.010535,-81.2054,KiDS,0
KIDS_21.9_-30.2,KIDS_21p9_m30p2_r_SDSS.V1.3.0A_KiDS-1347_GAaP_Gaia.fits,0.1426952718111308,0.0531635879169274,0.1628932532009093,0.0553245879169274,0.0125023152717196,0.054967,0.0182105630115549,0.061618,0.0516787543978272,0.060496,0.0549009741813165,0.066268,0.0785025206766233,0.069923,0.0845542239023186,0.071463,0.1060483466625161,0.088825,0.1091896142379644,0.092163,0.016732,-81.5215,KiDS,0
KIDS_220.6_-2.5,KIDS_220p6_m2p5_r_SDSS.V1.3.0A_KiDS-1347_GAaP_Gaia.fits,0.1396807639786101,0.0676831132396654,0.1288032760014956,0.0701231132396654,0.0660000703055054,0.055615,0.0642555554236938,0.057661,0.0331973671171393,0.038187,0.0362104325945425,0.041349,0.0354455643777558,0.038777,0.0393937286376889,0.04233,0.0333062235922503,0.036191,0.0390916875735829,0.039617,0.049639,50.097,KiDS,0
KIDS_187.5_-3.5,KIDS_187p5_m3p5_r_SDSS.V1.3.0A_KiDS-1347_GAaP_Gaia.fits,0.1890753325447734,0.0728066901547028,0.2037710009720185,0.0758886901547028,-0.0415926261286799,-0.054004,-0.0363284632006307,-0.052196,-0.0114959893254992,-0.007766,-0.0081550246387744,-0.004765,-99.0,0.159383,0.1533711076476136,0.165555,0.0448101651064819,0.045148,0.050140360684734,0.048489,0.029714,58.9511,KiDS,0
KIDS_181.0_-0.5,KIDS_181p0_m0p5_r_SDSS.V1.3.0A_KiDS-1347_GAaP_Gaia.fits,0.0109278562437357,0.0103696181683263,0.0187064726816255,0.0101836181683263,0.0160316609641435,0.035915,0.0207819253164294,0.036177,0.0258205646551129,0.038656,0.0285393813121968,0.041513,0.0346831718829915,0.033515,0.03764678218751,0.037826,0.0761253576583709,0.072121,0.0783552096064631,0.075356,0.020843,60.1021,KiDS,0
KIDS_178.5_3.5,KIDS_178p5_3p5_r_SDSS.V1.3.0A_KiDS-1347_GAaP_Gaia.fits,-0.1638178564821612,-0.1975835036170117,-0.1578575123064511,-0.1975835036170117,0.0117210291924294,0.040364,0.0151466603903703,0.04556,-0.0176419717231843,-0.001657,-0.0121191338160033,0.004435,0.047877718410861,0.046894,0.0544937773061872,0.052302,0.0430249096814578,0.041483,0.0508928050175218,0.047339,0.021916,62.6487,KiDS,0
KIDS_25.8_-27.2,KIDS_25p8_m27p2_r_SDSS.V1.3.0A_KiDS-1347_GAaP_Gaia.fits,0.1082547713414308,0.0252342259203966,0.1073017590488111,0.0302872259203966,-0.1339276362376412,-0.089687,-0.1295894284574144,-0.086314,-0.0909975376999638,-0.07863,-0.0877209164643084,-0.075895,0.0836279980604105,0.075365,0.0929311777565528,0.078075,0.0428274536159966,0.036252,0.0462097045737067,0.039471,0.015037,-78.4784,KiDS,0
KIDS_17.6_-32.1,KIDS_17p6_m32p1_r_SDSS.V1.3.0A_KiDS-1347_GAaP_Gaia.fits,0.1149019297648206,-0.0489139879532845,0.1107323641582151,-0.0478729879532845,-0.0002567755202414,0.012919,0.0022049313298711,0.017229,0.0125745792280001,0.026857,0.0148511491616677,0.030127,0.0702538585124981,0.062522,0.0725187905416661,0.064734,0.080369198912206,0.073518,0.0824484841185646,0.076846,0.021892,-83.4533,KiDS,0
KIDS_352.1_-28.2,KIDS_352p1_m28p2_r_SDSS.V1.3.0A_KiDS-1347_GAaP_Gaia.fits,-0.8400175955543828,-0.8486400110263671,-0.7034192883277639,-0.8486400110263671,-0.078904991525498,-0.068234,-0.0571684064363256,-0.064909,0.0472773649892235,0.051969,0.0461588146045213,0.055632,0.1972705699696978,0.191682,0.1940256888116521,0.195012,0.0556231987406732,0.051726,0.0528846274227763,0.056062,0.018237,-71.6106,KiDS,0
KIDS_31.6_-28.2,KIDS_31p6_m28p2_r_SDSS.V1.3.0A_KiDS-1347_GAaP_Gaia.fits,-0.1116719174168234,-0.1885989941189233,-0.1071353404000249,-0.1883969941189233,-0.1456725557572798,-0.111129,-0.1428226303365251,-0.108538,0.0173513699808052,0.031385,0.0203311299988767,0.033377,0.0881310059792248,0.07648,0.0901266685631048,0.078414,0.0369378973961108,0.028905,0.0411647096930767,0.03247,0.011643,-73.3568,KiDS,0
KIDS_41.2_-32.1,KIDS_41p2_m32p1_r_SDSS.V1.3.0A_KiDS-1347_GAaP_Gaia.fits,0.3658491985978113,0.1336359453166009,0.4311782688688887,0.1341649453166009,-0.0064890039421219,0.016835,0.0009634474863716,0.019793,-0.0055509263149428,0.00828,-0.0034202338635379,0.009434,0.0702565893117791,0.054541,0.0750054928740672,0.055603,0.053624348738558,0.041638,0.0594411514026166,0.043741,0.020418,-64.9392,KiDS,0
KIDS_161.4_-2.5,KIDS_161p4_m2p5_r_SDSS.V1.3.0A_KiDS-1347_GAaP_Gaia.fits,0.0423435728407441,-0.0815375287084753,0.0526521030541383,-0.0793465287084753,0.0012425804832634,0.001313,0.005329026615657,0.004701,0.0035767725623246,0.01594,0.0075408057608937,0.020328,-0.0491450929423398,-0.039017,-0.046394836337444,-0.036329,0.1429662258582201,0.155393,0.1471522911376902,0.15831,0.040339,47.6506,KiDS,0
KIDS_177.5_3.5,KIDS_177p5_3p5_r_SDSS.V1.3.0A_KiDS-1347_GAaP_Gaia.fits,-0.0610697086855868,-0.1131506160625158,-0.044478167947801,-0.1128736160625158,0.0252511266806765,0.031118,0.035821729028992,0.042983,-0.0123573801438653,-0.00277,-0.0055235759214683,0.003879,0.0742215896544315,0.068552,0.0796818315577246,0.07356,0.0198503023921177,0.013223,0.0273409950872809,0.021615,0.019473,62.1524,KiDS,0
KIDS_357.6_-33.1,KIDS_357p6_m33p1_r_SDSS.V1.3.0A_KiDS-1347_GAaP_Gaia.fits,0.047895980577574,0.0614958406812886,0.047720685451403,0.0618588406812886,-0.0597317578952013,-0.036414,-0.0574617284184515,-0.034975,-0.0088205411054053,0.006294,-0.0062362172641256,0.00842,-0.0445275862269462,-0.047916,-0.0404512841150882,-0.045075,0.0703795498470785,0.066042,0.072862679075762,0.06794,0.009502,-75.525,KiDS,0
KIDS_215.0_-0.5,KIDS_215p0_m0p5_r_SDSS.V1.3.0A_KiDS-1347_GAaP_Gaia.fits,0.1586560081600448,0.0332544434089785,0.1653056642818013,0.0342594434089785,0.0821636350548615,0.047444,0.0860848485290153,0.049508,0.0253002117707868,0.030383,0.0289492840945376,0.032633,0.0282808848608671,0.038937,0.0329738452290284,0.041842,0.0105472872456716,0.021507,0.0143511933480172,0.024938,0.039988,55.1024,KiDS,0
KIDS_220.0_-0.5,KIDS_220p0_m0p5_r_SDSS.V1.3.0A_KiDS-1347_GAaP_Gaia.fits,0.0818246381737925,0.0483096267081927,0.0889985315093262,0.0501196267081927,0.0403003082953084,0.037433,0.0424001613078479,0.040127,0.0408735077010056,0.045781,0.0428202602398362,0.048357,0.033194960006647,0.028601,0.0352791504378299,0.030807,0.0315509445590091,0.0256,0.0343151820374774,0.028929,0.033831,51.9954,KiDS,0
KIDS_192.5_2.5,KIDS_192p5_2p5_r_SDSS.V1.3.0A_KiDS-1347_GAaP_Gaia.fits,0.0129677221141728,-0.1124740072938854,0.0147417993827122,-0.1085120072938854,-0.0399780933610213,-0.055595,-0.0360998936008209,-0.053136,0.0025034949783458,0.007033,0.0079524921097698,0.0101,-0.0260038518784707,-0.026416,-0.0194101262296431,-0.023417,0.0508106161919494,0.052576,0.0576919933329655,0.056401,0.024309,65.3585,KiDS,0
KIDS_164.5_2.5,KIDS_164p5_2p5_r_SDSS.V1.3.0A_KiDS-1347_GAaP_Gaia.fits,0.1036046065101012,-0.0389995592737808,0.1077780103900252,-0.0398345592737808,0.0321524240708348,0.019699,0.0351994776874562,0.023961,0.0262411102409677,0.036939,0.0316656051343443,0.042015,0.0539089090695264,0.0672,0.0606221055458582,0.069781,0.0309596508464354,0.046202,0.0379759467610841,0.050539,0.032439,53.2913,KiDS,0
KIDS_351.8_-31.2,KIDS_351p8_m31p2_r_SDSS.V1.3.0A_KiDS-1347_GAaP_Gaia.fits,0.1421159519247569,0.0457100088415419,0.1218190426178632,0.0470010088415419,-0.0073051538157745,-0.011414,-0.0077372859861192,-0.005448,0.0352944635231478,0.04181,0.0399793916242861,0.047842,0.0637797957141854,0.060889,0.0699708539162771,0.064915,0.0323428478650238,0.026925,0.0390429412842825,0.031172,0.01488,-71.2459,KiDS,0
KIDS_234.0_1.5,KIDS_234p0_1p5_r_SDSS.V1.3.0A_KiDS-1347_GAaP_Gaia.fits,-0.0330718610939125,-0.134197438405848,-0.0391607484663735,-0.133802438405848,0.1014896877319359,0.082229,0.1004609733094718,0.083964,-0.1040427261661922,-0.095417,-0.1020893509106594,-0.093076,0.0173710554695509,0.027407,0.0215575509722003,0.028861,-0.107449595662435,-0.096744,-0.1039004542772362,-0.094366,0.049174,42.9809,KiDS,0
KIDS_36.5_-29.2,KIDS_36p5_m29p2_r_SDSS.V1.3.0A_KiDS-1347_GAaP_Gaia.fits,0.0728748722948163,-0.114943561486105,0.0716701498885356,-0.116820561486105,0.032827857622398,0.055192,0.0337149657631437,0.056221,0.0378794144969335,0.059372,0.0404145446971831,0.060416,0.0806487592812861,0.088415,0.0869080014341613,0.092738,0.0607840368768812,0.065465,0.0633609743427667,0.06704,0.014639,-69.0861,KiDS,0
KIDS_219.6_3.5,KIDS_219p6_3p5_r_SDSS.V1.3.0A_KiDS-1347_GAaP_Gaia.fits,0.0324989265685717,-0.079070060689686,0.0366964179986752,-0.079222060689686,-0.0633756344042247,-0.079604,-0.0606077224076356,-0.078065,0.0273524940748655,0.032595,0.0316315171892803,0.037116,0.0153246763889354,0.02084,0.0207251312693573,0.025279,0.0312900567694747,0.033859,0.0372610657973542,0.039,0.031074,55.175,KiDS,0
KIDS_343.9_-30.2,KIDS_343p9_m30p2_r_SDSS.V1.3.0A_KiDS-1347_GAaP_Gaia.fits,-0.0163297611981878,-0.0049251136463423,0.0024691047673615,-0.0044951136463423,0.0465293132308324,0.06288,0.0536238278998786,0.065404,0.0329241954329809,0.041502,0.0353009223769481,0.043634,0.0452500016240623,0.038222,0.0453898538289345,0.040719,0.0414296142719183,0.038679,0.0451265862345625,0.04251,0.016359,-64.4441,KiDS,0
KIDS_30.8_-29.2,KIDS_30p8_m29p2_r_SDSS.V1.3.0A_KiDS-1347_GAaP_Gaia.fits,0.0814613580196966,-0.0919337248550508,0.1081419518623381,-0.0919337248550508,0.019076689451511,0.030591,0.0251434690272962,0.031721,0.0538971840426048,0.066667,0.0573268585426132,0.06812,0.0676059636964642,0.073311,0.0723488402320136,0.076158,0.0432288080501713,0.044118,0.0451894482958472,0.046155,0.012659,-74.1112,KiDS,0
KIDS_238.0_-1.5,KIDS_238p0_m1p5_r_SDSS.V1.3.0A_KiDS-1347_GAaP_Gaia.fits,0.135000861689048,0.0748411435619615,0.1406483652307411,0.0786801435619615,-0.003697073681041,-0.001306,-0.0007401115324407,0.000524,0.0102413930830285,0.005795,0.0130428941779291,0.00925,0.0809232588770007,0.08677,0.082956729402838,0.089408,0.0458558505253149,0.056818,0.0490909245090325,0.060919,0.152131,38.0023,KiDS,0
KIDS_190.5_-3.5,KIDS_190p5_m3p5_r_SDSS.V1.3.0A_KiDS-1347_GAaP_Gaia.fits,-0.0309533609025644,-0.0881094004961291,-0.0179214895305703,-0.0881094004961291,0.0374499400769579,0.032521,0.042991908615429,0.037234,-0.0866761866993636,-0.082915,-0.0818251909490545,-0.080072,0.0517986633040204,0.047281,0.0562807068152141,0.049627,0.0600651241673079,0.057483,0.0662946525675772,0.060532,0.023471,59.3088,KiDS,0
KIDS_29.1_-31.2,KIDS_29p1_m31p2_r_SDSS.V1.3.0A_KiDS-1347_GAaP_Gaia.fits,0.1134331519539321,-0.0161664901498202,0.1272190499725771,-0.0168914901498202,0.027094468452588,0.037637,0.0311671203712567,0.042488,0.0599003766341304,0.068105,0.0619621516260911,0.070375,0.0268322488100437,0.02198,0.0304101753542307,0.023343,0.0390512530451262,0.032515,0.0412559386980294,0.034533,0.014402,-75.2553,KiDS,0
KIDS_171.0_0.5,KIDS_171p0_0p5_r_SDSS.V1.3.0A_KiDS-1347_GAaP_Gaia.fits,0.1395979773126145,-0.0148358674216158,0.1366681191975254,-0.0142838674216158,-0.0027739759823528,-0.020208,-0.0003901942386779,-0.015528,-0.0513844743918129,-0.046408,-0.0469173121931318,-0.03928,0.0594590403334249,0.055596,0.0650969026493697,0.063922,0.0303541814699967,0.03099,0.0358207097511416,0.036506,0.027723,56.0937,KiDS,0
KIDS_173.5_3.5,KIDS_173p5_3p5_r_SDSS.V1.3.0A_KiDS-1347_GAaP_Gaia.fits,-0.0739176543397437,-0.086310179487669,-0.0649474192320767,-0.088291179487669,-0.0052171467327124,0.008107,-0.0018098807713496,0.011764,0.0152105544269037,0.024323,0.0182367553325595,0.026996,0.0528709594060503,0.049283,0.057652753428619,0.052595,0.0257908853847049,0.02221,0.0291105834826853,0.026397,0.018549,59.9579,KiDS,0
KIDS_341.2_-32.1,KIDS_341p2_m32p1_r_SDSS.V1.3.0A_KiDS-1347_GAaP_Gaia.fits,0.1008444421778217,0.051926228956617,0.0969784403946239,0.0526212289566171,0.0337561120940672,0.043138,0.0356613689543038,0.046045,0.0279860958379534,0.041558,0.0309620443370125,0.045619,0.0505776826852822,0.050995,0.0559570448901886,0.05406,0.0346345834599565,0.033564,0.0383081841504552,0.036183,0.013243,-62.115,KiDS,0
KIDS_204.0_-0.5,KIDS_204p0_m0p5_r_SDSS.V1.3.0A_KiDS-1347_GAaP_Gaia.fits,0.1344095611136723,-0.0681595682881293,0.1752979041249253,-0.0691045682881293,-0.0079619810067737,-0.046443,0.0099149561159288,-0.042957,0.0062715582561839,0.014937,0.0105475072471166,0.020006,0.0525234706459563,0.06095,0.0521963564835629,0.065499,0.0273893798986391,0.038814,0.0285615044117372,0.044199,0.02466,60.3678,KiDS,0
KIDS_20.4_-34.1,KIDS_20p4_m34p1_r_SDSS.V1.3.0A_KiDS-1347_GAaP_Gaia.fits,0.1046021950306327,0.0115348464496353,0.1341945833648467,0.0132068464496353,0.0239989687283769,0.032508,0.031597141026353,0.035331,-0.0482142945607119,-0.03695,-0.0452007058311737,-0.032726,0.0295780417833451,0.037523,0.0320162014259807,0.040676,-0.0270928330927983,-0.021092,-0.0234553063629595,-0.017033,0.023954,-80.4454,KiDS,0
KIDS_138.4_2.5,KIDS_138p4_2p5_r_SDSS.V1.3.0A_KiDS-1347_GAaP_Gaia.fits,-0.0084435069038879,-0.0351176414617316,0.0004457123941296,-0.0318276414617316,0.0441652909055255,0.034736,0.0472785376499986,0.036565,0.0458708942555268,0.049921,0.0485464220245065,0.05248,0.0216141591503767,0.021318,0.0245736526925482,0.023308,0.0257452148474481,0.027072,0.0281036360007168,0.028591,0.025784,32.4199,KiDS,0
KIDS_211.0_-1.5,KIDS_211p0_m1p5_r_SDSS.V1.3.0A_KiDS-1347_GAaP_Gaia.fits,0.1381092795003299,0.031002661771881,0.1474640488352785,0.031105661771881,0.0460176282967529,0.020709,0.0497812266003177,0.024492,0.0234271313756183,0.030219,0.024457178049484,0.032738,0.0199756660771433,0.02802,0.0215090669867079,0.031902,0.0401167325024312,0.046083,0.0418639488532338,0.050903,0.046945,56.4749,KiDS,0
KIDS_179.5_3.5,KIDS_179p5_3p5_r_SDSS.V1.3.0A_KiDS-1347_GAaP_Gaia.fits,-0.0067159560739653,-0.0908853487759015,-0.0110482297508899,-0.0877043487759015,0.0371394905509363,0.041897,0.038871057228487,0.045278,-0.1132922651948286,-0.103716,-0.1100452061629888,-0.098946,0.0361967365303641,0.036126,0.0414324554235519,0.040311,0.0331105848994944,0.034572,0.037946670899109,0.039826,0.02582,63.0915,KiDS,0
KIDS_40.4_-33.1,KIDS_40p4_m33p1_r_SDSS.V1.3.0A_KiDS-1347_GAaP_Gaia.fits,0.0899856326284439,0.0167623216095009,0.108443981791668,0.0170973216095009,-0.0121326101343285,0.02619,-0.0066975664025633,0.029363,0.0305037648073126,0.047433,0.0334814447683374,0.049221,0.0496725526389889,0.043599,0.0523091848275192,0.046004,0.0453102683114223,0.040808,0.0489123497141895,0.043579,0.018082,-65.5195,KiDS,0
KIDS_49.3_-27.2,KIDS_49p3_m27p2_r_SDSS.V1.3.0A_KiDS-1347_GAaP_Gaia.fits,-0.101533931492015,-0.3513042369601972,-0.0936949925064022,-0.3489542369601972,-0.0550578127917991,-0.048302,-0.0542118654422902,-0.046702,-0.0036933646437113,0.013776,-0.000270675621055,0.016871,-0.090996359492676,-0.093852,-0.0871281544579387,-0.089942,-0.0359562209028722,-0.039411,-0.0325539842917733,-0.035128,0.016006,-57.6388,KiDS,0
KIDS_189.0_1.5,KIDS_189p0_1p5_r_SDSS.V1.3.0A_KiDS-1347_GAaP_Gaia.fits,-0.1485390628115244,-0.251565093162632,-0.1485972699778247,-0.250347093162632,-0.0231652569168139,-0.035488,-0.0198676656431813,-0.029526,-0.0293143148743565,-0.018874,-0.0263964397535789,-0.015713,-0.0257795727537932,-0.024981,-0.021601689730977,-0.020853,0.0421749824223632,0.047711,0.0468108737907182,0.05061,0.018172,64.0939,KiDS,0
KIDS_7.9_-28.2,KIDS_7p9_m28p2_r_SDSS.V1.3.0A_KiDS-1347_GAaP_Gaia.fits,0.0842848868817935,-0.0621496253679262,0.0884972214876627,-0.0621496253679262,0.0766742055494442,0.082698,0.0779480320947172,0.08473,0.0401448210065501,0.049744,0.0431293935939477,0.052412,0.0360417453358922,0.029206,0.0403549120062958,0.030506,0.054655153816465,0.053567,0.059293353903626,0.055169,0.014581,-85.4945,KiDS,0
KIDS_217.6_-2.5,KIDS_217p6_m2p5_r_SDSS.V1.3.0A_KiDS-1347_GAaP_Gaia.fits,0.1490667550114231,0.0501978716456382,0.1427768806308611,0.0503388716456382,0.02971881802292,0.009416,0.0301701524825832,0.010448,0.1113010506371378,0.119148,0.1136462447010929,0.120854,0.067849698245105,0.079898,0.0711921924145157,0.081807,0.0227375069366062,0.032403,0.0266832896891529,0.034442,0.048076,51.9785,KiDS,0
KIDS_23.1_-35.1,KIDS_23p1_m35p1_r_SDSS.V1.3.0A_KiDS-1347_GAaP_Gaia.fits,-0.0734051405254514,-0.107001056172942,-0.0434807930620625,-0.106512056172942,-0.1109707111102879,-0.078535,-0.1044021778824787,-0.076843,0.0302313441342119,0.044848,0.0332913756482021,0.048202,0.0665728627546375,0.053795,0.0684015484035621,0.055158,-0.0430163320654893,-0.056837,-0.040362016438707,-0.052367,0.015622,-78.1558,KiDS,0
KIDS_15.3_-32.1,KIDS_15p3_m32p1_r_SDSS.V1.3.0A_KiDS-1347_GAaP_Gaia.fits,-0.0125454763791017,-0.1523125148665761,-0.0001538121718408,-0.1523125148665761,0.0581731825328372,0.066569,0.0644646203935495,0.067953,0.0478233038682672,0.05647,0.0502258554809427,0.059484,0.0257395536063045,0.022249,0.0269682295112167,0.025041,0.05740011528276,0.056727,0.0592518885708494,0.059739,0.018517,-84.5415,KiDS,0
KIDS_340.8_-28.2,KIDS_340p8_m28p2_r_SDSS.V1.3.0A_KiDS-1347_GAaP_Gaia.fits,0.0656065637822499,-0.0638457207194547,0.0721014368146235,-0.0640237207194547,0.0163594173520684,0.014976,0.0198380297414029,0.020227,0.0157752581106983,0.029607,0.0197954549951347,0.03348,0.0033091788848748,0.01073,0.0080344624813589,0.01452,0.0428830935133686,0.046648,0.0462912777627308,0.051244,0.016414,-61.6753,KiDS,0
KIDS_163.5_-3.5,KIDS_163p5_m3p5_r_SDSS.V1.3.0A_KiDS-1347_GAaP_Gaia.fits,-0.0975528201708551,-0.2028695769768845,-0.0813364281094368,-0.2028695769768845,0.1093642679667835,0.11111,0.1134029346299557,0.115847,0.002117971557619,0.008874,0.0058396514461685,0.011965,0.0115535504439132,0.010644,0.0136953124782583,0.014162,-0.0867075718855519,-0.083985,-0.0821499800224799,-0.081607,0.034107,48.2672,KiDS,0
KIDS_10.5_-31.2,KIDS_10p5_m31p2_r_SDSS.V1.3.0A_KiDS-1347_GAaP_Gaia.fits,0.0946146177262371,-0.1012867780185266,0.0973127811324729,-0.1011887780185266,-0.0279705844084378,-0.025967,-0.0221838639730368,-0.024725,0.0201844879777897,0.031812,0.0225932184459201,0.033182,0.0770843868166459,0.082414,0.078875024042666,0.085683,0.054962125707423,0.051224,0.0558359657832234,0.054568,0.016521,-85.4694,KiDS,0
KIDS_5.8_-30.2,KIDS_5p8_m30p2_r_SDSS.V1.3.0A_KiDS-1347_GAaP_Gaia.fits,0.0428852637431018,-0.0283218067340224,0.0631457457349329,-0.0283218067340224,0.0474284246793962,0.054606,0.0543650352911547,0.055629,0.0253171254964557,0.035407,0.0267299789290294,0.037889,0.0451655396552669,0.045084,0.0466618529714669,0.046712,-0.0752862516214491,-0.076261,-0.0756474963923246,-0.0735,0.016221,-83.0411,KiDS,0
KIDS_213.0_-0.5,KIDS_213p0_m0p5_r_SDSS.V1.3.0A_KiDS-1347_GAaP_Gaia.fits,0.1167569808609867,-0.0026052132107922,0.1212119063015718,-0.0007152132107922,0.0821832133040494,0.064458,0.0841689378174632,0.066282,0.0330948660592472,0.03893,0.034559576846053,0.042012,0.0275956347306296,0.031417,0.0296253933076594,0.035124,0.0196776160398673,0.019915,0.0217111761220547,0.025037,0.039406,56.2515,KiDS,0
KIDS_356.4_-33.1,KIDS_356p4_m33p1_r_SDSS.V1.3.0A_KiDS-1347_GAaP_Gaia.fits,0.0904419190755934,-0.0224501739668514,0.0964445018227531,-0.0213541739668514,0.0699325482619706,0.062589,0.0718867244209915,0.066249,0.0252136372785086,0.039453,0.0282155737278669,0.042267,0.0138553039617263,0.022839,0.0169727567636008,0.025044,0.0612103720868711,0.066929,0.0665433876390052,0.070097,0.010573,-74.6257,KiDS,0
KIDS_356.5_-31.2,KIDS_356p5_m31p2_r_SDSS.V1.3.0A_KiDS-1347_GAaP_Gaia.fits,0.1180953185621156,-0.0129717199947788,0.1255480689113159,-0.0122437199947788,0.0075720260044516,0.005063,0.0108011220819482,0.006677,0.0222962286798461,0.031432,0.0255931071256588,0.035172,0.0491204569564713,0.055072,0.0524861572343094,0.056315,-0.0512339109895367,-0.047172,-0.0471373327519907,-0.044026,0.011439,-75.1855,KiDS,0
KIDS_14.6_-27.2,KIDS_14p6_m27p2_r_SDSS.V1.3.0A_KiDS-1347_GAaP_Gaia.fits,0.2072996392990538,0.0560608259624827,0.1992526506169331,0.0552868259624827,0.0282158960254867,0.047556,0.0346001558624522,0.049152,-0.1131215566916909,-0.103551,-0.1103638221724881,-0.099812,0.051099070077761,0.040704,0.0516214725214854,0.043675,0.0990750941109897,0.090582,0.0999441918698602,0.092956,0.016613,-88.4346,KiDS,0
KIDS_25.2_-34.1,KIDS_25p2_m34p1_r_SDSS.V1.3.0A_KiDS-1347_GAaP_Gaia.fits,-0.0298080416630939,-0.0691840717813507,-0.0198739419558883,-0.0665230717813507,-0.2186560511221735,-0.197012,-0.2121923457855906,-0.194997,-0.2934528005986697,-0.278688,-0.2909595908071244,-0.276616,0.0911769964331773,0.088862,0.0927282514022384,0.091581,0.0401194589746661,0.035513,0.0415550283395808,0.038832,0.016167,-77.2922,KiDS,0
KIDS_174.5_-2.5,KIDS_174p5_m2p5_r_SDSS.V1.3.0A_KiDS-1347_GAaP_Gaia.fits,-0.0606025881313909,-0.1016966749619274,-0.0583251654310507,-0.0977846749619274,0.0550077970726897,0.056101,0.0577712022151855,0.060099,-0.0457266708181562,-0.040363,-0.0427717160750566,-0.036263,0.0439400926644471,0.045402,0.0477939302485585,0.048348,0.0274369609884707,0.02751,0.0325851749961545,0.030904,0.023338,55.4955,KiDS,0
KIDS_174.5_2.5,KIDS_174p5_2p5_r_SDSS.V1.3.0A_KiDS-1347_GAaP_Gaia.fits,0.0699484842526002,0.0635780875779406,0.0717975156847279,0.0636260875779406,0.0081869832304754,0.021062,0.0109953301075561,0.024467,-0.0010365615526243,0.007229,0.0026634101096677,0.010792,0.0611202976688691,0.054676,0.0655468954773588,0.056719,0.0578930071058983,0.050141,0.0628836817330125,0.054152,0.019707,59.7245,KiDS,0
KIDS_2.3_-31.2,KIDS_2p3_m31p2_r_SDSS.V1.3.0A_KiDS-1347_GAaP_Gaia.fits,0.1355424484228909,0.0758029341388695,0.137964443074138,0.0787809341388695,-0.7101608169896187,-0.708017,-0.7069706581853996,-0.703661,0.0286814471021644,0.039611,0.0315761853905596,0.043397,0.0538814602690309,0.055013,0.0571255661694988,0.05765,0.068094291406566,0.064721,0.0696404164680498,0.067944,0.011492,-79.9566,KiDS,0
KIDS_42.6_-30.2,KIDS_42p6_m30p2_r_SDSS.V1.3.0A_KiDS-1347_GAaP_Gaia.fits,0.1360087159953289,0.0248564777240975,0.1483237868883363,0.0257524777240975,-0.0529139204574225,-0.014847,-0.0476631325336969,-0.012778,0.0296361499531481,0.045584,0.0322484838982447,0.046956,0.0473564301752343,0.040717,0.0502784734683089,0.046259,0.0412065509864949,0.03332,0.0442852553333664,0.036381,0.015772,-63.8227,KiDS,0
KIDS_150.1_2.2,KIDS_150p1_2p2_r_SDSS.V1.0.0A_KiDS-1347_GAaP_Gaia.fits,0.087788882798151,0.007320340547216,0.093138777837119,0.008133340547216,0.0056894758335529,0.022645,0.0063508233355814,0.026112,0.0089834122918546,0.019619,0.0120326550677418,0.021469,0.0490275010709478,0.045299,0.0539909406736897,0.048451,-0.0065045723661432,-0.007048,-0.0019758634375762,-0.00353,0.016338,42.0845,KiDS,0
KIDS_46.0_-27.2,KIDS_46p0_m27p2_r_SDSS.V1.3.0A_KiDS-1347_GAaP_Gaia.fits,0.2476761625844264,-0.0252805712177622,0.2654446463403391,-0.0251845712177622,0.0508501143354055,0.069023,0.058034554332516,0.070626,0.0184773739311335,0.038985,0.0236583559672226,0.042952,0.0530915303043058,0.035394,0.0579873050622773,0.040248,0.049278403424413,0.031815,0.0512983390257458,0.036089,0.013614,-60.632,KiDS,0
KIDS_199.6_-3.5,KIDS_199p6_m3p5_r_SDSS.V1.3.0A_KiDS-1347_GAaP_Gaia.fits,0.1042488163335874,0.000927884960275,0.1057617635040181,0.002535884960275,0.0527459245469214,0.034487,0.0563123340112488,0.036182,0.0006458144591828,0.008537,0.0067832327595361,0.013629,0.1332838692721104,0.139413,0.1402994230833394,0.144337,0.0225942847501518,0.030159,0.0314213249208183,0.0365,0.030911,58.7324,KiDS,0
KIDS_341.9_-28.2,KIDS_341p9_m28p2_r_SDSS.V1.3.0A_KiDS-1347_GAaP_Gaia.fits,0.0402252754315907,-0.0476024586713655,0.0339817812761725,-0.0470024586713655,-0.1076815287706543,-0.085609,-0.1067945949136204,-0.083218,0.0128435291825286,0.026029,0.0159379425569584,0.029064,0.1855167382828793,0.192452,0.1905880449218808,0.195095,0.0821355692116742,0.088495,0.0879102835001953,0.0912,0.017536,-62.657,KiDS,0
KIDS_215.0_-1.5,KIDS_215p0_m1p5_r_SDSS.V1.3.0A_KiDS-1347_GAaP_Gaia.fits,0.4590247654543652,0.3723542793421153,0.4672042377676954,0.3728262793421153,0.0253195647822712,-0.000575,0.0295260423693719,0.002862,0.0240929905576075,0.029575,0.0262032731126074,0.031116,0.0543217141011799,0.061822,0.0560169746789266,0.06388,0.0138035747003228,0.019734,0.0156491321205426,0.022486,0.047208,54.3148,KiDS,0
KIDS_354.1_-33.1,KIDS_354p1_m33p1_r_SDSS.V1.3.0A_KiDS-1347_GAaP_Gaia.fits,0.161583237987186,0.0443495199806049,0.1678567776860919,0.0493875199806049,0.0256180733813419,0.027713,0.0282968980410229,0.029691,-0.0085989544474086,0.004626,-0.0065369156168321,0.006584,0.0237966900565093,0.025002,0.0264996794345225,0.028098,-0.0821293324628393,-0.085765,-0.0800751329398847,-0.081764,0.012035,-72.718,KiDS,0
KIDS_49.2_-34.1,KIDS_49p2_m34p1_r_SDSS.V1.3.0A_KiDS-1347_GAaP_Gaia.fits,0.2608527866229611,0.1160293726374286,0.2770665498877341,0.1161673726374286,0.0123293419247839,0.033375,0.0170627151393431,0.035109,0.0133787040372586,0.028229,0.0157181119151244,0.031496,-0.0400785053385326,-0.054208,-0.0372115771526456,-0.052731,0.0397499616122026,0.030185,0.0434370716623719,0.032554,0.015547,-58.1232,KiDS,0
KIDS_52.3_-33.1,KIDS_52p3_m33p1_r_SDSS.V1.3.0A_KiDS-1347_GAaP_Gaia.fits,0.1688775958275084,0.0043856818005447,0.1807185625382504,0.0061236818005447,0.0112354290589402,0.024074,0.0142338747144872,0.026098,0.0557747686991248,0.070724,0.0578707983466438,0.071933,0.048642655195526,0.043269,0.0519890881443124,0.045265,0.0484591093138086,0.042749,0.0522165800742861,0.045955,0.010315,-55.5819,KiDS,0
KIDS_357.7_-30.2,KIDS_357p7_m30p2_r_SDSS.V1.3.0A_KiDS-1347_GAaP_Gaia.fits,0.0367771322606026,-0.0357587159156524,0.0520255960218933,-0.0359587159156523,-0.5932532688703156,-0.593997,-0.5867506970200749,-0.589399,0.05470056852305,0.068195,0.0578454082290523,0.071466,0.0393959858689963,0.039533,0.0412942668255026,0.043313,-0.0375506574040317,-0.036849,-0.0353219315100307,-0.03096,0.013494,-76.3655,KiDS,0
KIDS_199.0_-0.5,KIDS_199p0_m0p5_r_SDSS.V1.3.0A_KiDS-1347_GAaP_Gaia.fits,0.1462807773100813,0.0716855503969107,0.1461128672698155,0.0727045503969107,-0.0167084776288856,-0.033598,-0.0150614791636454,-0.028558,0.0021396582909685,0.008598,0.0056548872063114,0.014308,0.0136022352427392,0.013918,0.0180034399326063,0.018499,0.0328834732196685,0.030121,0.038433442125217,0.036517,0.022686,61.7485,KiDS,0
KIDS_166.0_-1.5,KIDS_166p0_m1p5_r_SDSS.V1.3.0A_KiDS-1347_GAaP_Gaia.fits,0.0581405529519533,-0.1057028252089775,0.0628289574142148,-0.1020228252089775,-0.059551793216982,-0.072769,-0.0571127490104931,-0.071408,0.0035241667184019,0.010334,0.0071576644003897,0.013789,0.0482558182386798,0.050754,0.0520518126695556,0.054337,0.0131104090253674,0.018361,0.0172945336941353,0.021896,0.041495,51.4343,KiDS,0
KIDS_45.6_-26.2,KIDS_45p6_m26p2_r_SDSS.V1.3.0A_KiDS-1347_GAaP_Gaia.fits,0.1393345442999989,-0.0135080834171192,0.1056640938951223,-0.0131530834171192,-0.0153847656491372,-0.005337,-0.0164630241160648,-0.004988,0.0255789697559501,0.036544,0.0269034444942533,0.040777,0.0532257933530544,0.04897,0.0515221526128606,0.052206,-0.0145145620505847,-0.018848,-0.0136313608903054,-0.016433,0.01408,-60.8638,KiDS,0
KIDS_172.0_-1.5,KIDS_172p0_m1p5_r_SDSS.V1.3.0A_KiDS-1347_GAaP_Gaia.fits,0.0985305291849235,0.0232922540552051,0.1263163482795244,0.0233142540552051,0.0336209720647263,0.020697,0.0384672413316985,0.022966,-0.0082679407351142,-0.004458,-0.003895473594928,-0.00084,0.0477761673925976,0.04488,0.0504905564254791,0.048789,0.1000899563969749,0.094781,0.1059467533006417,0.099523,0.027738,55.0425,KiDS,0
KIDS_333.9_-33.1,KIDS_333p9_m33p1_r_SDSS.V1.3.0A_KiDS-1347_GAaP_Gaia.fits,0.1472913730377412,0.0825385207761476,0.1551296303555634,0.0823575207761476,0.0141273086029787,0.010794,0.0174240769090243,0.012613,0.0969842544123929,0.107892,0.0985132855308142,0.109261,0.0380616513090155,0.03883,0.0390876496564306,0.04089,0.0532310686931354,0.052451,0.0543999161038219,0.054768,0.014502,-55.9278,KiDS,0
KIDS_230.0_0.5,KIDS_230p0_0p5_r_SDSS.V1.3.0A_KiDS-1347_GAaP_Gaia.fits,0.0977160379202984,0.0555315943479725,0.1014763610145896,0.0555315943479725,0.0689059440264282,0.066159,0.0714605132281915,0.069071,0.0393089084659821,0.040047,0.0419794833130225,0.042747,0.0378968525250211,0.036381,0.0424479586270156,0.041292,0.0896611345552134,0.086244,0.0929417807108603,0.090952,0.051633,45.5179,KiDS,0
KIDS_236.0_-1.5,KIDS_236p0_m1p5_r_SDSS.V1.3.0A_KiDS-1347_GAaP_Gaia.fits,0.065168835469607,-0.0322904799076012,0.0699730947651609,-0.0318124799076012,0.0699512731375619,0.052454,0.0719735578382574,0.053973,-0.0757222277975623,-0.078256,-0.0741653145808273,-0.076036,0.043812723795971,0.047761,0.0456926603176831,0.049379,0.0461808485774901,0.050426,0.0476442008428578,0.052447,0.108185,39.5973,KiDS,0
KIDS_48.6_-35.1,KIDS_48p6_m35p1_r_SDSS.V1.3.0A_KiDS-1347_GAaP_Gaia.fits,-0.0005911188975372,-0.0545050228809602,0.0190008220946133,-0.0541870228809602,0.0249007565673667,0.03934,0.0311519815594354,0.040813,0.0224416223616335,0.035923,0.0259839132010531,0.038298,0.0267991358245194,0.027281,0.0288536866135714,0.029958,0.0532561092515588,0.056307,0.0551729035997223,0.05958,0.01894,-58.5231,KiDS,0
KIDS_33.8_-31.2,KIDS_33p8_m31p2_r_SDSS.V1.3.0A_KiDS-1347_GAaP_Gaia.fits,0.1516209171754454,0.0214367151234503,0.1377914113151357,0.0256517151234503,0.0229743555547674,0.033622,0.0200366845588532,0.035891,0.0225409362071152,0.03785,0.0251165683932819,0.03951,0.0531971373080082,0.054973,0.0575160333899075,0.057216,-0.0795607939293117,-0.078405,-0.0734250348697497,-0.075898,0.018275,-71.2968,KiDS,0
KIDS_179.0_-0.5,KIDS_179p0_m0p5_r_SDSS.V1.3.0A_KiDS-1347_GAaP_Gaia.fits,0.0583988550492962,0.0557749338076309,0.0653002628845832,0.0584099338076309,0.0202087084268909,0.034186,0.024879599899978,0.037409,0.0025062982159079,0.01034,0.0060205054933538,0.013831,0.4271897919488198,0.416686,0.4318255001555197,0.422614,0.1104860857322023,0.102794,0.1172816819261406,0.109066,0.02118,59.3543,KiDS,0
KIDS_228.0_-0.5,KIDS_228p0_m0p5_r_SDSS.V1.3.0A_KiDS-1347_GAaP_Gaia.fits,0.1738823454528297,0.0543072473964322,0.1787691705485758,0.0542522473964322,0.0782043947631483,0.05915,0.0834956899771908,0.063349,0.0169509671470452,0.02341,0.0204816069134366,0.025852,0.0410387300096557,0.050074,0.0444156117891925,0.053011,0.0148860416914616,0.022922,0.0190093049210115,0.025993,0.052576,46.3701,KiDS,0
KIDS_180.0_1.5,KIDS_180p0_1p5_r_SDSS.V1.3.0A_KiDS-1347_GAaP_Gaia.fits,0.1465368219641084,0.0576742249514175,0.1523167985637347,0.0619132249514175,0.044398319272454,0.043952,0.0449456039629452,0.04627,0.0265799034161938,0.037448,0.0285226281071407,0.041263,0.0516707700321214,0.054126,0.0537205677022511,0.054964,0.0208192302705297,0.026287,0.02546995519581,0.030596,0.018121,61.5268,KiDS,0
KIDS_46.6_-31.2,KIDS_46p6_m31p2_r_SDSS.V1.3.0A_KiDS-1347_GAaP_Gaia.fits,0.1825226822263815,0.0268209679345022,0.1963875786298261,0.0293119679345022,0.0510686642066971,0.05394,0.0558641563853142,0.055798,0.0038249416120864,0.01534,0.0068462893145323,0.018132,0.0579188056373091,0.06312,0.0604696040750845,0.065503,0.0312580246197149,0.035506,0.0343539085165728,0.038678,0.011461,-60.3482,KiDS,0
KIDS_357.6_-32.1,KIDS_357p6_m32p1_r_SDSS.V1.3.0A_KiDS-1347_GAaP_Gaia.fits,0.1294449586806906,0.0521325020375521,0.1266149211461089,0.0522995020375521,0.0327908035670095,0.04174,0.0348436367681468,0.046094,0.0340586879415175,0.048601,0.0377001914766679,0.053282,0.0535462984471148,0.055395,0.0574425283903473,0.05802,-0.032605900113737,-0.030454,-0.0274476982364597,-0.026484,0.010607,-75.868,KiDS,0
KIDS_226.0_-1.5,KIDS_226p0_m1p5_r_SDSS.V1.3.0A_KiDS-1347_GAaP_Gaia.fits,-0.0001039080383224,-0.0709386670718057,0.0056563697151575,-0.0708386670718057,0.0712973241512527,0.066897,0.074608317025883,0.069816,0.016756374352712,0.018781,0.0203000529693225,0.022971,0.0316464154204977,0.035098,0.0363786668072074,0.039049,0.0420968767463008,0.043394,0.0452999609082425,0.047428,0.06189,47.1471,KiDS,0
KIDS_235.0_0.5,KIDS_235p0_0p5_r_SDSS.V1.3.0A_KiDS-1347_GAaP_Gaia.fits,0.1379450335644043,0.0480193053961424,0.1414621422578144,0.0481683053961425,0.066556988378003,0.05338,0.0688667960282003,0.055529,0.0086916675005608,0.01306,0.0114722422461271,0.014669,0.0165810370112518,0.023387,0.0196456652348504,0.025749,0.0515583378620193,0.059804,0.0551363797675005,0.062012,0.082468,41.5908,KiDS,0
KIDS_214.0_1.5,KIDS_214p0_1p5_r_SDSS.V1.3.0A_KiDS-1347_GAaP_Gaia.fits,0.1570101961005782,0.0411942899904888,0.1631252305792095,0.0411942899904888,0.0491487583445614,0.037111,0.0507892887328835,0.038897,0.0073863051871013,0.011996,0.009758952598379,0.015252,0.0425105440943641,0.045689,0.0462724200107955,0.047507,0.0407306940792302,0.042725,0.0446353338172142,0.047174,0.033883,57.3159,KiDS,0
KIDS_7.1_-33.1,KIDS_7p1_m33p1_r_SDSS.V1.3.0A_KiDS-1347_GAaP_Gaia.fits,0.0416124066633095,-0.0048699439016066,0.0562864662979346,-0.0044939439016066,-0.0275823598443269,-0.024944,-0.0229369295021101,-0.022948,0.0224520700916302,0.035081,0.0256379875479183,0.037933,-0.0128704210909093,-0.011266,-0.0088582493481718,-0.007908,0.0602537413962191,0.060957,0.0621569798114318,0.064203,0.010761,-82.2023,KiDS,0
KIDS_51.9_-28.2,KIDS_51p9_m28p2_r_SDSS.V1.3.0A_KiDS-1347_GAaP_Gaia.fits,0.1618291041128753,-0.0163559171012471,0.1544440544388457,-0.0153979171012471,0.0311727069346259,0.035441,0.0325080046023398,0.037005,0.0046700545168048,0.016288,0.0065519950653159,0.017875,0.055358267413487,0.046369,0.0569554945820105,0.048819,0.0690124440903722,0.058107,0.0713536022605514,0.061979,0.008546,-55.5615,KiDS,0
KIDS_230.6_2.5,KIDS_230p6_2p5_r_SDSS.V1.3.0A_KiDS-1347_GAaP_Gaia.fits,-0.0115867621959492,-0.0604019616851818,-0.0096722739360088,-0.0584099616851818,0.0547251288425374,0.050445,0.0572634691290049,0.053065,0.0254150723638671,0.032877,0.0280448008185617,0.035611,0.0537317511931421,0.050924,0.0563401225500726,0.054812,0.0652424891549136,0.062305,0.0684639999055256,0.065552,0.035589,46.2716,KiDS,0
KIDS_188.5_2.5,KIDS_188p5_2p5_r_SDSS.V1.3.0A_KiDS-1347_GAaP_Gaia.fits,-0.0947439843763471,-0.1215989497303934,-0.0821905479095045,-0.1218669497303933,0.0153770412961585,0.017048,0.0204955644242439,0.022191,0.0292962861945863,0.037244,0.034984720777667,0.04138,0.0355230120709767,0.0263,0.0416062923920567,0.033064,0.018547680882243,0.008556,0.0252666897225506,0.014691,0.017289,65.0045,KiDS,0
KIDS_335.3_-32.1,KIDS_335p3_m32p1_r_SDSS.V1.3.0A_KiDS-1347_GAaP_Gaia.fits,0.1426416365431084,0.0873494829538669,0.1469253623844825,0.0884914829538669,0.0340782301656259,0.026479,0.0362623016431643,0.028357,0.0195019023142913,0.029142,0.0220913190988737,0.031418,0.0421939595675625,0.044615,0.0449949959421206,0.04682,0.0420177830180731,0.043173,0.0450024464419165,0.045244,0.012035,-57.1215,KiDS,0
KIDS_338.8_-32.1,KIDS_338p8_m32p1_r_SDSS.V1.3.0A_KiDS-1347_GAaP_Gaia.fits,0.0987245331065069,0.0499798962787336,0.1044294269048126,0.0501358962787336,0.0390398908427867,0.043471,0.0421768288109651,0.045485,0.047247205939716,0.058499,0.0491775503067271,0.060139,0.0217174172841848,0.024191,0.0240076865215881,0.026087,0.0863995175616517,0.087918,0.0874933938819157,0.089171,0.011564,-60.1114,KiDS,0
KIDS_47.4_-35.1,KIDS_47p4_m35p1_r_SDSS.V1.3.0A_KiDS-1347_GAaP_Gaia.fits,-0.001820747210896,-0.0542513389497758,-0.0095860966492575,-0.0511133389497758,-0.0045685311227293,0.009523,-0.0032670786647728,0.01138,-0.0885985206215748,-0.074894,-0.0845685749196144,-0.073366,-0.0281734311128249,-0.026091,-0.0244578118918993,-0.022751,0.0256086388938355,0.02927,0.0308366036402875,0.033252,0.015306,-59.5088,KiDS,0
KIDS_349.5_-31.2,KIDS_349p5_m31p2_r_SDSS.V1.3.0A_KiDS-1347_GAaP_Gaia.fits,0.0607581022694278,0.0449419543250383,0.078830015866812,0.0437699543250383,0.0361451951202277,0.051654,0.0427429098722594,0.053685,0.0269661641312458,0.039417,0.0302250077731681,0.041607,0.0195826506002099,0.015215,0.0213248496310146,0.019143,0.062954145964424,0.060011,0.0662130598237414,0.064251,0.013405,-69.2626,KiDS,0
KIDS_188.5_-2.5,KIDS_188p5_m2p5_r_SDSS.V1.3.0A_KiDS-1347_GAaP_Gaia.fits,0.1969091338097875,0.0637323617109139,0.1897180007860348,0.0649653617109139,0.0402049201269847,0.008401,0.0400538855726976,0.010951,0.0335007886458194,0.03577,0.0377545963549335,0.039736,0.0512950997517663,0.050289,0.0562066602659108,0.054213,0.0676088476288749,0.06889,0.0763742320773148,0.075583,0.029686,60.091,KiDS,0
KIDS_162.0_-0.5,KIDS_162p0_m0p5_r_SDSS.V1.3.0A_KiDS-1347_GAaP_Gaia.fits,0.1520464906942569,0.0187285358420309,0.1567681239186844,0.0191935358420309,0.0369930089664152,0.027247,0.0405947528091042,0.030226,-0.0524049394322018,-0.044938,-0.0482605994172717,-0.040131,-0.0225695726961438,-0.017939,-0.0180962755872603,-0.015987,0.0482052213536158,0.051053,0.0557422751197431,0.058314,0.034765,49.4561,KiDS,0
KIDS_160.0_-0.5,KIDS_160p0_m0p5_r_SDSS.V1.3.0A_KiDS-1347_GAaP_Gaia.fits,0.2371787919840584,-0.0532848483462386,0.2979165912610055,-0.0532848483462386,0.0325363681715587,-0.02055,0.0518439567424662,-0.017303,-0.0612300021134539,-0.049168,-0.05848019605158,-0.045493,0.0375534151522088,0.063995,0.035957819850054,0.069137,0.0447257293302889,0.073888,0.0428191672742294,0.077875,0.044882,48.0336,KiDS,2
KIDS_35.6_-33.1,KIDS_35p6_m33p1_r_SDSS.V1.3.0A_KiDS-1347_GAaP_Gaia.fits,0.1947935496444346,0.0788211350385029,0.217388849433618,0.0790631350385029,0.0172644672786553,0.047615,0.0243757040323562,0.051385,-0.0029779270027562,0.016881,0.0006635943897338,0.020183,0.0621846644576748,0.056938,0.0659466913404049,0.062632,-0.0608667971517986,-0.066435,-0.0554490015646571,-0.062024,0.016239,-69.4285,KiDS,0
KIDS_165.5_-3.5,KIDS_165p5_m3p5_r_SDSS.V1.3.0A_KiDS-1347_GAaP_Gaia.fits,-0.0302857735579272,-0.1491045566863935,-0.018477528641288,-0.1491045566863935,0.0425486944751759,0.027729,0.046493141901309,0.033844,-0.1407885265760308,-0.139258,-0.1360344029107545,-0.131706,0.0829205709453706,0.088647,0.0884228127531911,0.093784,-0.1150517663625385,-0.10929,-0.1116112245021829,-0.106101,0.037715,49.546,KiDS,0
KIDS_133.4_2.5,KIDS_133p4_2p5_r_SDSS.V1.3.0A_KiDS-1347_GAaP_Gaia.fits,0.0434965945053009,0.0355899593770885,0.0484448988476093,0.0355899593770885,0.0392364269363477,0.044222,0.0413155985219016,0.046614,0.0138611200771357,0.020888,0.0159527690140711,0.022874,0.0636649430645486,0.062335,0.0653916873056489,0.064291,-0.0517444688418381,-0.052221,-0.0503207444051588,-0.050327,0.032777,28.098,KiDS,0
KIDS_206.6_-2.5,KIDS_206p6_m2p5_r_SDSS.V1.3.0A_KiDS-1347_GAaP_Gaia.fits,0.1542383363376093,0.094592756605083,0.1539120820267946,0.098420756605083,0.0998060931322949,0.089363,0.1012466951297702,0.092601,0.0096261183051962,0.017068,0.011891237170993,0.021083,0.0169555744732263,0.021506,0.0207899665030599,0.024974,-0.0647755765620329,-0.064236,-0.0628924940336373,-0.060991,0.040948,57.5856,KiDS,0
KIDS_353.2_-29.2,KIDS_353p2_m29p2_r_SDSS.V1.3.0A_KiDS-1347_GAaP_Gaia.fits,0.0196882805910878,-0.065678072980513,0.0322639498867134,-0.063113072980513,-0.060563584002817,-0.05723,-0.0555644224390728,-0.055115,0.0502038452464731,0.063128,0.0534416796089459,0.065015,0.0325456370127837,0.034638,0.0356316538667547,0.035793,0.0426075900773731,0.043055,0.0455003382539812,0.044999,0.016874,-72.5448,KiDS,0
KIDS_175.0_-0.5,KIDS_175p0_m0p5_r_SDSS.V1.3.0A_KiDS-1347_GAaP_Gaia.fits,0.1363061377770906,0.0159867771002418,0.157009209040414,0.0154427771002418,0.0358112115602989,0.025288,0.0479142766940449,0.031957,0.0714471179254628,0.080476,0.0753562726843718,0.083025,0.0531975968251556,0.048546,0.0552838642297602,0.053367,0.0318447498928578,0.029509,0.0347705787894814,0.033507,0.017171,57.4875,KiDS,0
KIDS_184.0_1.5,KIDS_184p0_1p5_r_SDSS.V1.3.0A_KiDS-1347_GAaP_Gaia.fits,0.1090906092023848,0.0814083587307566,0.1145562545752055,0.0801713587307566,0.0021718647260745,0.015971,0.0062829154133233,0.019731,0.0056735322235935,0.012035,0.0094298214607505,0.016457,0.0529374713040406,0.036735,0.0581868063784099,0.041515,0.0403174530120147,0.02747,0.0468668337312705,0.032868,0.020891,63.0018,KiDS,0
KIDS_157.0_0.5,KIDS_157p0_0p5_r_SDSS.V1.3.0A_KiDS-1347_GAaP_Gaia.fits,0.145729960711597,-0.0052705684867184,0.1547614762436295,-0.0052305684867184,0.0319058123556368,0.014856,0.0366994310779862,0.018383,-0.0036358380738365,0.002448,9.686855536779336e-05,0.007025,-0.0352727501344623,-0.025867,-0.0321368566020356,-0.023405,0.0225903540900398,0.032829,0.0259337944693655,0.036229,0.052338,46.4807,KiDS,0
KIDS_134.4_2.5,KIDS_134p4_2p5_r_SDSS.V1.3.0A_KiDS-1347_GAaP_Gaia.fits,0.1388301073167719,0.0800625647860416,0.1403794513181598,0.0794025647860416,0.0827790906755636,0.066167,0.0843924834821716,0.068527,-0.0269259157093872,-0.021621,-0.0245203770051011,-0.020038,-0.0060399914619299,0.010953,-0.0004037957200607,0.012813,0.0093702380419598,0.027872,0.0145059895042277,0.03027,0.035488,28.979,KiDS,0
KIDS_9.6_-34.1,KIDS_9p6_m34p1_r_SDSS.V1.3.0A_KiDS-1347_GAaP_Gaia.fits,-0.8299787072709203,-1.0181740217744375,-0.7941691721490083,-1.0181740217744375,0.0100854182584612,0.02715,0.0170281445738312,0.031353,0.0397618718232251,0.052414,0.0437923168809982,0.056526,0.0667796692987515,0.062542,0.069794342349217,0.065624,0.0320305589382361,0.029805,0.0357086362789677,0.033185,0.010027,-82.4156,KiDS,0
KIDS_4.5_-27.2,KIDS_4p5_m27p2_r_SDSS.V1.3.0A_KiDS-1347_GAaP_Gaia.fits,0.0244079241514826,-0.1006934920869484,0.0227777070855248,-0.1006934920869484,-0.0990004970589078,-0.079307,-0.0945580364955041,-0.07764,-0.1119126163537393,-0.099651,-0.1082005866847261,-0.095869,0.0870979561322097,0.080458,0.0902906572988023,0.084625,-0.0464156431490054,-0.052921,-0.0419658185526936,-0.048119,0.016213,-82.5089,KiDS,0
KIDS_32.7_-28.2,KIDS_32p7_m28p2_r_SDSS.V1.3.0A_KiDS-1347_GAaP_Gaia.fits,-0.0333031103627134,-0.1044696630416363,-0.0281980371332499,-0.1044696630416363,0.0115313901964288,0.039703,0.0154313441688543,0.039639,0.0377334072399998,0.058341,0.0413757207676819,0.059853,0.0328475246400083,0.036868,0.0356790276424169,0.040964,0.0383116519590211,0.041595,0.0430098650886219,0.043886,0.011968,-72.3613,KiDS,0
KIDS_199.0_1.5,KIDS_199p0_1p5_r_SDSS.V1.3.0A_KiDS-1347_GAaP_Gaia.fits,0.2248945952456401,0.1145988912973339,0.22612851444643,0.1150378912973339,-0.0260074440120589,-0.056846,-0.0249660725938454,-0.054576,0.0069110975576305,0.008925,0.0108370977249739,0.013271,0.0378235500293887,0.0429,0.043634824224724,0.046384,-0.1024738513195543,-0.101446,-0.0981117779463632,-0.097059,0.028363,63.7084,KiDS,0
KIDS_187.5_2.5,KIDS_187p5_2p5_r_SDSS.V1.3.0A_KiDS-1347_GAaP_Gaia.fits,0.0839846161102519,0.044369044929021,0.0850252756853839,0.044369044929021,-0.0337582200818686,-0.024925,-0.0318142252784752,-0.022754,0.028139810437954,0.036387,0.0322531782531726,0.039606,0.0253558416447134,0.019007,0.032952268082834,0.022266,0.0738634340434357,0.068504,0.0792831242219195,0.071544,0.016005,64.8227,KiDS,0
KIDS_30.3_-31.2,KIDS_30p3_m31p2_r_SDSS.V1.3.0A_KiDS-1347_GAaP_Gaia.fits,0.0869477521579315,-0.0401485779780889,0.0858262973528931,-0.0409565779780889,-0.009216927850811,0.000363,-0.0071124315836179,0.003265,0.0569102503359317,0.072023,0.0596011821180582,0.075451,0.0396399750550858,0.045675,0.0435361633156276,0.048884,0.0509214827061559,0.0558,0.0538935364619083,0.059283,0.015452,-74.2825,KiDS,0
KIDS_337.4_-28.2,KIDS_337p4_m28p2_r_SDSS.V1.3.0A_KiDS-1347_GAaP_Gaia.fits,0.0061571955346257,-0.0294973090643385,-0.0014581853483342,-0.0290843090643385,0.0084443554564632,0.018431,0.0092142603549661,0.020807,0.0210099763428491,0.032325,0.0230336864423415,0.035328,0.067120825203833,0.064794,0.0724808940199644,0.067189,0.0324389902561553,0.030236,0.0369164084840869,0.033219,0.015414,-58.712,KiDS,0
KIDS_236.0_0.5,KIDS_236p0_0p5_r_SDSS.V1.3.0A_KiDS-1347_GAaP_Gaia.fits,-0.0050607728972022,-0.128455584688809,-0.0058500607727896,-0.128871584688809,0.0635461741861526,0.041399,0.0638841033068849,0.04288,0.0441468441872783,0.044129,0.0456637144007108,0.045443,0.0237999360714093,0.031751,0.0269123826363737,0.033352,0.0269257163694352,0.03907,0.0288214830600707,0.040535,0.082348,40.7893,KiDS,0
KIDS_232.0_0.5,KIDS_232p0_0p5_r_SDSS.V1.3.0A_KiDS-1347_GAaP_Gaia.fits,0.0321275667793973,-0.0024164913846011,0.0356492706687789,0.0012955086153988,0.0052334436677983,0.004704,0.009086075587381,0.00769,0.0552796765037109,0.057432,0.0575685927920433,0.05952,-0.0222027844038904,-0.026796,-0.0197456658216727,-0.02473,0.0542634592851485,0.050901,0.0567302832116456,0.053234,0.057121,43.9645,KiDS,0
KIDS_344.2_-28.2,KIDS_344p2_m28p2_r_SDSS.V1.3.0A_KiDS-1347_GAaP_Gaia.fits,-0.0046537737840624,-0.0578631960935799,-0.0002530511972602,-0.0562091960935799,-0.0528662644063172,-0.048672,-0.0497219224393449,-0.046987,-0.08703877844095,-0.077749,-0.0853977887025982,-0.075065,0.0526033994565691,0.051948,0.0565341810668738,0.054971,0.0646073196158942,0.064664,0.0680017718965752,0.066918,0.025442,-64.6371,KiDS,0
KIDS_132.4_2.5,KIDS_132p4_2p5_r_SDSS.V1.3.0A_KiDS-1347_GAaP_Gaia.fits,0.0447605037127814,0.0739984598100489,0.0489453081587358,0.0752504598100489,0.0239140044071621,0.027057,0.0248860586896455,0.02965,0.0137529721418806,0.025174,0.0155202046556533,0.027042,-0.0906400682424935,-0.089801,-0.0889919724655269,-0.088322,-0.0411111112426892,-0.039641,-0.0379768068767429,-0.03795,0.026479,27.2491,KiDS,0
KIDS_12.2_-35.1,KIDS_12p2_m35p1_r_SDSS.V1.3.0A_KiDS-1347_GAaP_Gaia.fits,0.1414135855879892,0.1187449793136311,0.2027204434233656,0.1196559793136311,0.0440013528507382,0.052812,0.0495214490513225,0.0579,0.0440585969155225,0.055789,0.0484867562573643,0.060902,0.0532076179281034,0.04996,0.0589349839079642,0.054011,0.0473071416393101,0.046127,0.0548625918151165,0.051377,0.014804,-81.981,KiDS,0
KIDS_354.1_-32.1,KIDS_354p1_m32p1_r_SDSS.V1.3.0A_KiDS-1347_GAaP_Gaia.fits,0.1426933760827733,0.0686581367520638,0.1427984210109638,0.0679311367520638,0.0173327357284193,0.029206,0.0183154389612021,0.03228,0.0278203710967557,0.036296,0.0294255936702155,0.038521,0.0260701499693358,0.016614,0.0282309761682139,0.018244,-0.0666439376467944,-0.075827,-0.0632362152885122,-0.0732,0.0134,-72.9784,KiDS,0
KIDS_161.4_2.5,KIDS_161p4_2p5_r_SDSS.V1.3.0A_KiDS-1347_GAaP_Gaia.fits,0.037463125026983,-0.0718993623040495,0.0608569429524256,-0.0724493623040495,0.0276097899779617,0.019134,0.0321848119307903,0.022366,-0.000831235838269,0.005001,0.0012024531412789,0.009782,0.0443167699856255,0.048045,0.0464927622438457,0.052209,-0.1081746517514805,-0.103717,-0.1067990105438296,-0.100106,0.035193,51.1319,KiDS,0
KIDS_200.0_-1.5,KIDS_200p0_m1p5_r_SDSS.V1.3.0A_KiDS-1347_GAaP_Gaia.fits,0.0045179474829911,-0.0781866499026169,0.0023144810984206,-0.0775146499026169,-0.0545691511304468,-0.068771,-0.0516851988529247,-0.064411,0.0069151034395065,0.017136,0.0125413752152661,0.023893,0.0377388406908207,0.042461,0.0443881043313252,0.045913,0.0510577231753866,0.05678,0.0580067319901862,0.061909,0.023093,60.5826,KiDS,0
KIDS_189.5_-3.5,KIDS_189p5_m3p5_r_SDSS.V1.3.0A_KiDS-1347_GAaP_Gaia.fits,0.1538309482699599,-0.0113492109217261,0.160385209809215,-0.0105302109217261,0.068229704082916,0.037369,0.0736783026870134,0.047448,0.0186854276741175,0.015419,0.0231854103475038,0.019594,0.0221065015689082,0.023882,0.0280507236876533,0.026698,0.0470366684693805,0.042828,0.0525037406566258,0.046227,0.027173,59.2193,KiDS,0
KIDS_331.5_-29.2,KIDS_331p5_m29p2_r_SDSS.V1.3.0A_KiDS-1347_GAaP_Gaia.fits,0.086568018143994,-0.0611692606957847,0.0874364246642101,-0.0625262606957847,-0.6275386379052283,-0.646755,-0.625461588628184,-0.644719,0.0519262175856219,0.060668,0.0544339229828261,0.062872,0.0356060184350996,0.04356,0.0393289694450636,0.046365,0.0516425074674643,0.057137,0.0543923054240102,0.059908,0.021082,-53.6865,KiDS,0
KIDS_212.0_-1.5,KIDS_212p0_m1p5_r_SDSS.V1.3.0A_KiDS-1347_GAaP_Gaia.fits,0.0923228033413333,0.0281367319457322,0.1039964561107589,0.0388347319457322,0.0216432052321173,0.009896,0.0282420069060013,0.013611,-0.0060899838124951,0.000888,-0.0016497639276197,0.004915,0.0007949606493944,0.006726,0.0053462545448688,0.011957,0.0181478830747429,0.02585,0.0231348093363338,0.031916,0.047995,55.943,KiDS,0
KIDS_340.4_-30.2,KIDS_340p4_m30p2_r_SDSS.V1.3.0A_KiDS-1347_GAaP_Gaia.fits,0.0747333607966677,0.0308547820892077,0.0720642114745579,0.0353777820892077,0.0367175970965692,0.044371,0.03924003307886,0.046967,0.0335334276078539,0.045122,0.0360295599845295,0.047731,0.0523344528609914,0.053293,0.0562823355197055,0.056009,0.1344343097775023,0.136581,0.137203153153495,0.139,0.013056,-61.5049,KiDS,0
KIDS_218.6_3.5,KIDS_218p6_3p5_r_SDSS.V1.3.0A_KiDS-1347_GAaP_Gaia.fits,-0.0070931827255034,-0.0803423752592794,-0.0176788510158186,-0.0817183752592794,-0.0671745028356661,-0.078389,-0.0669774051958115,-0.07315,0.0312899234235054,0.034811,0.0352824991611489,0.040476,0.0110779538103811,0.007329,0.0175273308231795,0.011622,0.0405594421742311,0.036958,0.0470301448471488,0.040753,0.030407,55.8783,KiDS,0
KIDS_26.9_-27.2,KIDS_26p9_m27p2_r_SDSS.V1.3.0A_KiDS-1347_GAaP_Gaia.fits,-0.0602701203847317,-0.1104631715363908,-0.0536361351884051,-0.1124371715363909,-0.0018277312804406,0.03429,0.0007124480052171,0.036237,0.0481234039044014,0.055624,0.0508969433834659,0.06002,0.1004865904020604,0.084108,0.1054706813974492,0.087469,0.0482146484619198,0.033591,0.0521623985369972,0.036552,0.014197,-77.4975,KiDS,0
KIDS_169.0_0.5,KIDS_169p0_0p5_r_SDSS.V1.3.0A_KiDS-1347_GAaP_Gaia.fits,0.0396242292483279,-0.0166928282954713,0.0552752647318398,-0.0156878282954713,-0.0111035320305993,-0.007829,-0.0020913110443098,-0.004143,0.0463947146115174,0.050519,0.0509811853401989,0.055362,0.0557418618732064,0.049276,0.0597628635998978,0.053792,0.0541454927485715,0.050106,0.0592689591230032,0.055322,0.035919,54.8427,KiDS,0
KIDS_341.4_-31.2,KIDS_341p4_m31p2_r_SDSS.V1.3.0A_KiDS-1347_GAaP_Gaia.fits,0.1079139572766152,0.0636757637455499,0.1156360083068892,0.0660607637455499,0.0337005137255324,0.030537,0.0347390953060337,0.03371,0.02719467096362,0.035115,0.0286402839797302,0.038038,0.0545887263593659,0.051643,0.058053992564646,0.054482,0.0320489503086838,0.031374,0.0341099126033698,0.033927,0.012332,-62.288,KiDS,0
KIDS_2.3_-30.2,KIDS_2p3_m30p2_r_SDSS.V1.3.0A_KiDS-1347_GAaP_Gaia.fits,0.0791882383358041,0.0405563711529963,0.0948192654833325,0.0406963711529963,0.0219074458840535,0.056536,0.0257394770866748,0.059123,0.0307399774529125,0.041746,0.0336345211733522,0.042641,0.0374492040281919,0.02949,0.0420635384231661,0.033525,-0.0732878083533337,-0.083076,-0.0701285524373661,-0.081423,0.011135,-80.245,KiDS,0
KIDS_213.0_0.5,KIDS_213p0_0p5_r_SDSS.V1.3.0A_KiDS-1347_GAaP_Gaia.fits,0.065679047284362,-0.0164051125140661,0.0688862660181993,-0.0136151125140661,0.0647161984289079,0.054551,0.0714933195533924,0.058324,0.0036155340608004,0.014115,0.0073222150682839,0.018614,0.0363288761650657,0.042447,0.0393245385955951,0.046827,0.0262965182396898,0.031568,0.0304530112598624,0.035655,0.03163,57.1008,KiDS,0
KIDS_42.0_-34.1,KIDS_42p0_m34p1_r_SDSS.V1.3.0A_KiDS-1347_GAaP_Gaia.fits,0.0253581205633654,0.012089717162861,0.0331169148345494,0.012736717162861,0.0046755041379865,0.029433,0.0079066110651222,0.030721,-0.0409802212251339,-0.025885,-0.0383891700502031,-0.023644,0.0244605329673024,0.023625,0.0276224653524107,0.027707,0.0355253765567345,0.038211,0.0403249143068802,0.040671,0.018165,-64.07,KiDS,0
KIDS_345.9_-32.1,KIDS_345p9_m32p1_r_SDSS.V1.3.0A_KiDS-1347_GAaP_Gaia.fits,0.1121779240496615,0.0646940432502053,0.1281716246412376,0.0650230432502053,0.0518244676453023,0.059243,0.056136318312542,0.061253,0.0434159974105595,0.052076,0.0450155420052458,0.053399,0.0390082666935131,0.041385,0.0405432497938663,0.043527,0.0445726964822139,0.046476,0.0465533876956705,0.047763,0.016919,-66.093,KiDS,0
KIDS_39.1_-30.2,KIDS_39p1_m30p2_r_SDSS.V1.3.0A_KiDS-1347_GAaP_Gaia.fits,0.0873372698359722,-0.0206701086792303,0.1087348158666332,-0.0190631086792303,0.0157036047035663,0.042984,0.0196277542151742,0.044851,0.0059310571341294,0.021021,0.0098872424140226,0.024969,0.0518354301114951,0.046849,0.0564063935735935,0.051273,0.0403777314498947,0.040361,0.0507039409607336,0.042994,0.016206,-66.8266,KiDS,0
KIDS_211.6_2.5,KIDS_211p6_2p5_r_SDSS.V1.3.0A_KiDS-1347_GAaP_Gaia.fits,0.2129296678816413,0.0554862681228445,0.2120268889446761,0.0555242681228445,0.072982153062051,0.039993,0.075683091948324,0.040458,0.016089053915231,0.024582,0.018519200553953,0.026753,0.0148601069228305,0.028541,0.0182969673254156,0.030668,0.0417795330587388,0.05328,0.0463777131274843,0.055846,0.028166,59.4982,KiDS,0
KIDS_157.4_2.5,KIDS_157p4_2p5_r_SDSS.V1.3.0A_KiDS-1347_GAaP_Gaia.fits,-0.0445499321458896,-0.1038271916092003,-0.0471228735288395,-0.1036731916092003,0.084205780615648,0.080676,0.0867650402680861,0.084743,-0.0633207783102989,-0.056347,-0.0598220024257898,-0.052714,0.0396614933728518,0.043281,0.0442595305805876,0.046634,0.02984707502648,0.034644,0.0334659019323441,0.038601,0.036611,48.095,KiDS,0
KIDS_6.0_-34.1,KIDS_6p0_m34p1_r_SDSS.V1.3.0A_KiDS-1347_GAaP_Gaia.fits,0.0623626096930364,-0.0438934930103259,0.0563011986054493,-0.0430024930103259,0.0203705850946945,0.033907,0.0222559596177654,0.035541,-0.0077912178311598,0.005577,-0.0053527931387446,0.009018,0.0586991938710373,0.058026,0.0619520967113251,0.060528,0.0343584223808974,0.028468,0.0376163228927214,0.031425,0.009495,-80.8673,KiDS,0
KIDS_234.7_2.5,KIDS_234p7_2p5_r_SDSS.V1.3.0A_KiDS-1347_GAaP_Gaia.fits,0.0240163929346297,-0.0278793061893068,0.0280321209808755,-0.0246543061893068,-0.0091144833379602,-0.008799,-0.0063001128565103,-0.007307,-0.0200700193831048,-0.010301,-0.018102084766871,-0.008198,0.042755697827932,0.045199,0.0453077154488309,0.048285,0.0335116899420814,0.035595,0.0359740722180865,0.037844,0.049988,43.0533,KiDS,0
KIDS_207.6_2.5,KIDS_207p6_2p5_r_SDSS.V1.3.0A_KiDS-1347_GAaP_Gaia.fits,0.3536922365621644,0.2883839532925362,0.3529702692672456,0.2894199532925361,-0.0611218794242069,-0.073302,-0.0576862079203765,-0.067948,0.0094128388316413,0.015377,0.0138318605146233,0.018046,-0.0171250967106163,-0.017338,-0.0114481964931862,-0.01477,0.0386343747143669,0.035438,0.0444081083248637,0.040324,0.02289,61.6129,KiDS,0
KIDS_353.3_-27.2,KIDS_353p3_m27p2_r_SDSS.V1.3.0A_KiDS-1347_GAaP_Gaia.fits,0.0127985742499834,-0.095734231115543,0.0252110528489787,-0.095460231115543,-0.6091481334425854,-0.625076,-0.6054269726432002,-0.62172,-0.0853969110128648,-0.074974,-0.082127600295251,-0.072286,0.0453972767767258,0.049797,0.0492275937343056,0.051987,-0.0723631664937951,-0.066669,-0.0689832204919349,-0.064732,0.017201,-72.5764,KiDS,0
KIDS_29.3_-28.2,KIDS_29p3_m28p2_r_SDSS.V1.3.0A_KiDS-1347_GAaP_Gaia.fits,0.112775555737528,-0.0998676570409054,0.1042925693442428,-0.0998306570409054,0.0181107029702001,0.024131,0.0201840221714326,0.026945,-0.1027726613497698,-0.092461,-0.0998741481309841,-0.090096,0.0371699795163009,0.034633,0.0408796634789978,0.037033,-0.0729285005322496,-0.077481,-0.0669812475238399,-0.073878,0.011418,-75.3792,KiDS,0
KIDS_30.3_-27.2,KIDS_30p3_m27p2_r_SDSS.V1.3.0A_KiDS-1347_GAaP_Gaia.fits,0.1286038222155974,-0.1151286325002794,0.105423842220153,-0.1153826325002794,0.0207284742263612,0.029608,0.0175676241819365,0.03341,0.0194944810360114,0.038475,0.0228572624098607,0.04304,0.0458784202031872,0.03607,0.0518115031983238,0.040993,-0.0768715539866599,-0.080068,-0.0715479095533012,-0.07701,0.01289,-74.4994,KiDS,0
KIDS_184.5_-2.5,KIDS_184p5_m2p5_r_SDSS.V1.3.0A_KiDS-1347_GAaP_Gaia.fits,0.1295003269658049,0.0144809292309215,0.1248296708443923,0.0147839292309215,0.0476356915798771,0.031769,0.0500631639669663,0.036208,-0.057152898437223,-0.058973,-0.0538725849197247,-0.055741,0.0506221330058124,0.039423,0.0545330368111812,0.043981,0.0574264186110255,0.045096,0.0637723161343296,0.050863,0.027064,59.3294,KiDS,0
KIDS_196.5_-2.5,KIDS_196p5_m2p5_r_SDSS.V1.3.0A_KiDS-1347_GAaP_Gaia.fits,0.2741468386307927,0.2705513257082886,0.2845112255152454,0.2769923257082887,-0.120394702225032,-0.126044,-0.1163977892244064,-0.12304,-0.0012266459366325,0.010422,0.0028775102363432,0.014239,0.0665154855365368,0.068786,0.0718742716499676,0.071585,-0.101575980384635,-0.099187,-0.0971580533539788,-0.095212,0.020356,60.1809,KiDS,0
KIDS_350.5_-33.1,KIDS_350p5_m33p1_r_SDSS.V1.3.0A_KiDS-1347_GAaP_Gaia.fits,0.0482650810173576,0.0558279579817184,0.0386142053540706,0.0608149579817184,0.0197961830988575,0.051438,0.019397611772152,0.054018,-0.0204383003529317,-0.011735,-0.0173142118814832,-0.008786,0.0239382469087463,0.024217,0.0287811577168458,0.027229,0.0640066662683433,0.064042,0.0701162616302174,0.068771,0.013008,-69.8192,KiDS,0
KIDS_8.0_-29.2,KIDS_8p0_m29p2_r_SDSS.V1.3.0A_KiDS-1347_GAaP_Gaia.fits,-0.0111560752792008,-0.1517852698101162,0.0103791782461931,-0.1499832698101162,-0.0310886401432783,-0.028062,-0.0246841382404015,-0.025518,0.034143878226836,0.047646,0.0383216787466752,0.051595,0.0108804121551813,0.010803,0.0137228197663216,0.016737,0.0418778444850448,0.042511,0.0452470339078236,0.045395,0.016262,-85.2015,KiDS,0
KIDS_181.0_0.5,KIDS_181p0_0p5_r_SDSS.V1.3.0A_KiDS-1347_GAaP_Gaia.fits,0.0558105473669689,0.0233146115668089,0.0650605745965809,0.0233996115668089,0.016441466695059,0.035019,0.0201725052032537,0.039165,-0.0140465191991724,0.002442,-0.0098602259784076,0.00749,0.0417847801484988,0.047778,0.0478417299536437,0.053557,0.0261793431318347,0.038226,0.033903314179551,0.041828,0.020044,61.0485,KiDS,0
KIDS_156.4_3.5,KIDS_156p4_3p5_r_SDSS.V1.3.0A_KiDS-1347_GAaP_Gaia.fits,0.1211195421656116,0.0468289803797056,0.1185732211540251,0.0516709803797056,0.059907871451099,0.075443,0.0614316554558365,0.080154,0.0328434009953953,0.040296,0.0366083870888301,0.04485,0.0410518185045165,0.040273,0.0457895050272507,0.0426,-0.0735264759981617,-0.076079,-0.0701186361051243,-0.073214,0.030483,47.9218,KiDS,0
KIDS_10.7_-33.1,KIDS_10p7_m33p1_r_SDSS.V1.3.0A_KiDS-1347_GAaP_Gaia.fits,0.1335861361726044,-0.0241079359869969,0.1281627534378882,-0.0236279359869969,0.0476420202540668,0.044943,0.0461851561714046,0.052829,0.0187875557136796,0.032479,0.0222538498153227,0.034898,0.0306267120950935,0.02484,0.0374326187699445,0.029568,0.0274610370875227,0.017904,0.0333155056661181,0.022876,0.011475,-83.6844,KiDS,0
KIDS_6.8_-29.2,KIDS_6p8_m29p2_r_SDSS.V1.3.0A_KiDS-1347_GAaP_Gaia.fits,0.0867216133924383,-0.0975489360209329,0.0778565364232065,-0.0935269360209329,0.0637440063601457,0.06969,0.0662521844033583,0.072189,0.0603406401579707,0.070744,0.0628585977468608,0.073137,0.0329404749184769,0.030479,0.0361375004054982,0.032792,0.6314772393456616,0.625686,0.6346556414009368,0.629035,0.014921,-84.2921,KiDS,0
KIDS_179.5_-2.5,KIDS_179p5_m2p5_r_SDSS.V1.3.0A_KiDS-1347_GAaP_Gaia.fits,0.0754751088213194,0.0378353261882264,0.0695999070224919,0.0368043261882264,0.0067974780422465,0.009971,0.0068131856990195,0.012733,-0.0026651597713808,0.009587,-0.0003515961061241,0.010872,0.0673302801378854,0.062891,0.0716065618377033,0.067385,0.0752495291412301,0.077341,0.0802263385851446,0.080259,0.020847,57.7068,KiDS,0
KIDS_176.0_0.5,KIDS_176p0_0p5_r_SDSS.V1.3.0A_KiDS-1347_GAaP_Gaia.fits,0.1186928561585517,0.0521891734773179,0.1275650219591083,0.0529261734773179,0.0697318391711865,0.065919,0.0740512731935241,0.068251,0.0285092843802635,0.034869,0.0330458917617827,0.038838,0.0775434523215389,0.072995,0.0822697841312995,0.077232,0.0491382475748482,0.051089,0.0556449567438521,0.054477,0.022433,58.8258,KiDS,0
KIDS_13.5_-28.2,KIDS_13p5_m28p2_r_SDSS.V1.3.0A_KiDS-1347_GAaP_Gaia.fits,0.1367089871595735,0.1211905985468156,0.1397782821760392,0.1211905985468156,-0.0368965368561144,-0.013728,-0.0329476761155723,-0.009149,-0.0530814313585303,-0.040699,-0.0470620047400766,-0.035616,0.0730885035648502,0.07158,0.0800895319823083,0.077806,0.0396398592242149,0.035202,0.045388229717614,0.040541,0.016482,-88.7162,KiDS,0
KIDS_221.6_-2.5,KIDS_221p6_m2p5_r_SDSS.V1.3.0A_KiDS-1347_GAaP_Gaia.fits,0.1184330425156618,0.0698782336649663,0.1198260165749614,0.0700212336649663,0.06398847087298,0.060664,0.0655745118832122,0.06387,0.0554356680330668,0.05758,0.0575012440072063,0.059976,0.0549794005050508,0.053582,0.0586366799500883,0.056384,-0.0067363674067544,-0.010323,-0.0042168258189954,-0.008242,0.057465,49.4323,KiDS,0
KIDS_339.6_-34.1,KIDS_339p6_m34p1_r_SDSS.V1.3.0A_KiDS-1347_GAaP_Gaia.fits,-0.0501603952284456,-0.0721288283294069,-0.0491473161981891,-0.0724438283294069,-0.0140018305697128,-0.014675,-0.0122881026876896,-0.012018,0.0315856038887161,0.040798,0.0333752075561678,0.043181,0.0036403801737823,0.002742,0.0066991785297028,0.004727,0.0450928782246836,0.044312,0.0475012778674604,0.047203,0.011023,-60.6855,KiDS,0
KIDS_202.6_-3.5,KIDS_202p6_m3p5_r_SDSS.V1.3.0A_KiDS-1347_GAaP_Gaia.fits,0.1831050065012068,0.1065484904979195,0.1811179252096399,0.1061164904979194,-0.0706202286003453,-0.081061,-0.0689549252731552,-0.077315,-0.1479175067388473,-0.138007,-0.1450449353590638,-0.135951,0.0257639700263061,0.030586,0.0298205077216295,0.03322,0.0620143863024519,0.065834,0.0655150544880683,0.068322,0.031568,58.0054,KiDS,0
KIDS_191.5_3.5,KIDS_191p5_3p5_r_SDSS.V1.3.0A_KiDS-1347_GAaP_Gaia.fits,-0.0593371548570099,-0.0729629702171215,-0.0555933076245952,-0.0729629702171215,0.0292315385026018,0.033222,0.033139010494218,0.036436,-0.0164403736947433,-0.010786,-0.0119892938537468,-0.006666,0.0577111496519128,0.044358,0.0605515148520865,0.048548,0.0758858971463153,0.066428,0.0811724079535856,0.071681,0.023355,66.2957,KiDS,0
KIDS_167.0_0.5,KIDS_167p0_0p5_r_SDSS.V1.3.0A_KiDS-1347_GAaP_Gaia.fits,0.0988150896912314,0.037082761497983,0.0985651725002191,0.038769761497983,0.0239099490608226,0.024853,0.0280256881161557,0.029834,-0.0559947582907107,-0.049758,-0.0530947179307967,-0.046283,0.0277861615662685,0.029818,0.0315374444768066,0.033232,-0.0518000713039931,-0.052591,-0.0480063670689539,-0.048035,0.034743,53.5825,KiDS,0
KIDS_3.6_-33.1,KIDS_3p6_m33p1_r_SDSS.V1.3.0A_KiDS-1347_GAaP_Gaia.fits,0.1686802775632808,0.0693637742641733,0.1836452654821367,0.0698797742641733,0.0296215170103624,0.047256,0.0346965393865,0.048999,0.0156151002767975,0.026504,0.019226226169963,0.028599,0.0494782174277422,0.040955,0.0532426013157988,0.043093,0.0486356798352363,0.048169,0.0534969196618877,0.051093,0.012215,-79.9618,KiDS,0
KIDS_205.6_-3.5,KIDS_205p6_m3p5_r_SDSS.V1.3.0A_KiDS-1347_GAaP_Gaia.fits,0.1079120764665622,0.0743028519368873,0.1218802801149169,0.0756578519368873,0.0422129615521845,0.036867,0.046685981981335,0.042572,0.0055999450324627,0.010552,0.0085955796128947,0.015293,0.0191366344289912,0.015629,0.0225094044656279,0.01876,0.0529096541229813,0.049338,0.0558201926314283,0.054193,0.032409,57.0252,KiDS,0
KIDS_196.5_3.5,KIDS_196p5_3p5_r_SDSS.V1.3.0A_KiDS-1347_GAaP_Gaia.fits,-0.0446006685732427,-0.0844904402756628,-0.0396029810976228,-0.0838224402756628,-0.0791595571230213,-0.080895,-0.0753691621420892,-0.07828,0.0225273980497209,0.026625,0.0252474386175439,0.029562,0.0931381474766306,0.086738,0.0968897307891636,0.090673,0.056031923746442,0.046651,0.0601109476910794,0.051951,0.022384,66.0866,KiDS,0
KIDS_182.0_1.5,KIDS_182p0_1p5_r_SDSS.V1.3.0A_KiDS-1347_GAaP_Gaia.fits,0.0531195276374949,0.0121719246183511,0.0731921935554252,0.0131359246183511,0.0237281603445383,0.034945,0.0298432488453522,0.039082,0.0470910741102366,0.054111,0.0493725807054966,0.05694,0.0346197023606719,0.02769,0.0353081463990693,0.031283,-0.111506232548944,-0.117272,-0.1095378331287268,-0.113546,0.02215,62.3237,KiDS,0
KIDS_233.0_-1.5,KIDS_233p0_m1p5_r_SDSS.V1.3.0A_KiDS-1347_GAaP_Gaia.fits,0.0705247076309875,-0.0757546885596425,0.0720094662830989,-0.0756536885596425,0.0799622864874901,0.061268,0.0831238773032043,0.063937,0.0123814928180877,0.00801,0.0165557724499856,0.011439,0.042596958855167,0.05152,0.0474139225606746,0.054955,-0.0987443977502502,-0.089448,-0.0937823598856137,-0.086386,0.126082,41.9446,KiDS,0
KIDS_331.8_-32.1,KIDS_331p8_m32p1_r_SDSS.V1.3.0A_KiDS-1347_GAaP_Gaia.fits,0.1963348523404306,0.067777255163813,0.1835670288665962,0.068029255163813,0.0859878697583161,0.05598,0.0844156920661658,0.058429,0.0150854028157164,0.018194,0.0166716811516641,0.020941,0.0456969716478016,0.051478,0.0500063275621965,0.054772,0.112512082188643,0.117663,0.1167389548653567,0.119445,0.023536,-54.138,KiDS,0
KIDS_179.0_0.5,KIDS_179p0_0p5_r_SDSS.V1.3.0A_KiDS-1347_GAaP_Gaia.fits,0.0972035248476566,0.0329097971642028,0.1054575721976329,0.0320367971642028,0.0292564946067725,0.01829,0.0323978947883437,0.022316,0.0083018796194732,0.013243,0.0110959373166391,0.019541,0.0424587417572608,0.036406,0.0466241251832079,0.041548,0.0544575593136515,0.049062,0.0582996352553465,0.056299,0.016981,60.2209,KiDS,0
KIDS_0.0_-35.1,KIDS_0p0_m35p1_r_SDSS.V1.3.0A_KiDS-1347_GAaP_Gaia.fits,-0.0839436457486324,-0.1711545529784243,-0.0735140518016485,-0.1711545529784243,-0.0578818029766205,-0.048492,-0.0575683432073887,-0.046837,0.0257342379127903,0.040027,0.0278366800895662,0.042234,0.0671224704436194,0.063304,0.0687567202541256,0.067824,0.0561203449994659,0.056733,0.0576666700786711,0.058365,0.011164,-76.4021,KiDS,0
KIDS_171.0_-1.5,KIDS_171p0_m1p5_r_SDSS.V1.3.0A_KiDS-1347_GAaP_Gaia.fits,-0.0142860249876847,-0.2021761768111107,-0.0008280835398391,-0.2016871768111106,0.0723451597143978,0.029558,0.0787031852898816,0.033547,-0.1384388567234835,-0.137736,-0.1343227184793458,-0.134553,0.0158907840216721,0.028889,0.0176852208478157,0.031152,0.0108749702951431,0.023835,0.01493259333822,0.028099,0.043712,54.4715,KiDS,0
KIDS_156.4_-3.5,KIDS_156p4_m3p5_r_SDSS.V1.3.0A_KiDS-1347_GAaP_Gaia.fits,-0.0161695764820252,-0.1098478446452934,-0.0001893521283215,-0.1068848446452934,0.0705377166228615,0.070285,0.0757973873235224,0.072374,0.0599420004135039,0.066598,0.0621683265000468,0.070051,0.1658125363000153,0.171099,0.1678341623057955,0.172259,0.045622247817809,0.051076,0.0481389023891702,0.054786,0.036825,43.4134,KiDS,0
KIDS_192.5_-2.5,KIDS_192p5_m2p5_r_SDSS.V1.3.0A_KiDS-1347_GAaP_Gaia.fits,-0.0715215199794239,-0.2267720664627047,-0.0606620460142178,-0.2272830664627047,0.0451290889408103,0.023457,0.0484063116565697,0.025627,0.0095365174286717,0.013881,0.0129853880323556,0.015947,0.0302152757845384,0.028779,0.0324424169073475,0.032946,0.046876736106753,0.049567,0.0504075136249729,0.053608,0.020263,60.4059,KiDS,0
KIDS_222.6_2.5,KIDS_222p6_2p5_r_SDSS.V1.3.0A_KiDS-1347_GAaP_Gaia.fits,0.1204937021033065,0.0780638658438249,0.1219395395816942,0.0780248658438249,0.0681661537677024,0.065453,0.0701854358042403,0.069842,0.0176354921483353,0.024172,0.0209133005458449,0.026572,0.0505218872028808,0.0509,0.0543470887623235,0.053951,0.0324926907675,0.030883,0.0380222702741666,0.034327,0.035714,52.349,KiDS,0
KIDS_36.5_-35.1,KIDS_36p5_m35p1_r_SDSS.V1.3.0A_KiDS-1347_GAaP_Gaia.fits,0.2008758870025795,0.0838160759029589,0.1931552631426252,0.0861950759029589,0.0370151714306429,0.04899,0.039329576789493,0.052437,0.0123895173314632,0.027324,0.0170017786987971,0.031969,0.0163093670359884,0.02589,0.0239655427933641,0.029521,-0.0780904807850653,-0.072232,-0.0715766037937735,-0.069216,0.018187,-68.3023,KiDS,0
KIDS_45.0_-35.1,KIDS_45p0_m35p1_r_SDSS.V1.3.0A_KiDS-1347_GAaP_Gaia.fits,0.0524948856343946,-0.0337098014199324,0.0490910270892626,-0.0314648014199324,-0.0162019851657864,-0.008605,-0.0177745386134096,-0.005167,0.0030302508411917,0.017187,0.004693378109947,0.0192,0.0670819130183539,0.072904,0.0701569953169613,0.074649,0.0409449182773064,0.045602,0.045872865376499,0.049958,0.021812,-61.4852,KiDS,0
KIDS_196.5_-3.5,KIDS_196p5_m3p5_r_SDSS.V1.3.0A_KiDS-1347_GAaP_Gaia.fits,0.1754026371028945,0.0093757773783092,0.1762587687591542,0.0091347773783092,0.0753849462089117,0.048152,0.0784125614359328,0.05205,0.018565362267529,0.025029,0.0218418500707549,0.028804,0.0382123064333298,0.05095,0.042529388117286,0.053573,0.0448070154090983,0.056748,0.0489071669678019,0.059411,0.023401,59.1922,KiDS,0
KIDS_164.0_1.5,KIDS_164p0_1p5_r_SDSS.V1.3.0A_KiDS-1347_GAaP_Gaia.fits,0.0924755879441206,0.0402984397689807,0.1103869821559539,0.0391024397689807,0.0227840084254174,0.031472,0.0286115495705389,0.033296,-0.0628660133987514,-0.051432,-0.0588621889096149,-0.048303,0.0350986033664826,0.038106,0.0389336580467868,0.041399,0.0625517822879993,0.062308,0.0655490834777364,0.064996,0.027033,52.272,KiDS,0
KIDS_132.0_1.5,KIDS_132p0_1p5_r_SDSS.V1.3.0A_KiDS-1347_GAaP_Gaia.fits,0.0793637385268682,0.0667524728244747,0.0718686757399846,0.0672694728244747,0.0545683507179867,0.048847,0.0524282701486177,0.049078,0.0418103439112288,0.049915,0.0435382415956896,0.051734,0.0411102312100844,0.043363,0.0440975854269515,0.045562,0.0695105948793729,0.07345,0.0729713860532912,0.074916,0.03232,26.4349,KiDS,0
KIDS_166.5_-3.5,KIDS_166p5_m3p5_r_SDSS.V1.3.0A_KiDS-1347_GAaP_Gaia.fits,-0.0182950586792073,-0.1293241927439733,-0.0102002142224019,-0.1276031927439733,0.054766359074161,0.042079,0.0591269440616119,0.044843,-0.1697150967705724,-0.165917,-0.1647556097080297,-0.160729,0.0501657758028908,0.055996,0.0552046556945764,0.06095,0.0077107639101423,0.014519,0.013512088395471,0.018455,0.053298,50.1981,KiDS,0
KIDS_346.2_-30.2,KIDS_346p2_m30p2_r_SDSS.V1.3.0A_KiDS-1347_GAaP_Gaia.fits,-0.1687733299133433,-0.3000162933186251,-0.1619984628965406,-0.3000162933186251,0.0568406236335115,0.063352,0.0577545583660213,0.067179,0.0062877051170856,0.017067,0.0097702881056301,0.020356,0.0429120175851043,0.035422,0.0478146034307181,0.039495,0.0099976186171304,0.003304,0.0151677729792854,0.007575,0.020396,-66.4807,KiDS,0
KIDS_211.0_1.5,KIDS_211p0_1p5_r_SDSS.V1.3.0A_KiDS-1347_GAaP_Gaia.fits,0.1846854772055009,0.1100467002484787,0.1871210852878965,0.1111987002484787,0.0355866617662091,0.02438,0.038021493323715,0.027489,0.0156396772093985,0.020821,0.0191239551858069,0.023768,0.022534166981738,0.02213,0.0262215618903905,0.024643,0.024023137614193,0.026107,0.0293984575363018,0.028864,0.027715,59.0051,KiDS,0
KIDS_185.5_3.5,KIDS_185p5_3p5_r_SDSS.V1.3.0A_KiDS-1347_GAaP_Gaia.fits,-0.0648652431709148,-0.1038328391469798,-0.0713697200680709,-0.1064498391469798,0.0083538700305044,0.011376,0.0084239600558585,0.013745,0.0023086775925703,0.003133,0.0058390406591706,0.006926,0.0463795796084056,0.032074,0.0518389455867002,0.03609,-0.1178914810010492,-0.130585,-0.1115476089918483,-0.127749,0.015179,65.3211,KiDS,0
KIDS_184.5_3.5,KIDS_184p5_3p5_r_SDSS.V1.3.0A_KiDS-1347_GAaP_Gaia.fits,-0.0226471022945021,-0.1003738448193372,-0.0090270592671649,-0.0986158448193372,0.0090114357573467,0.011471,0.0153032693475809,0.013648,-0.0078307116597352,-0.003665,-0.0034843332078841,-0.000144,0.0923120025567615,0.08516,0.095542752044591,0.088134,-0.1222386414815035,-0.127648,-0.118143916268841,-0.124814,0.01593,65.0549,KiDS,0
KIDS_8.2_-32.1,KIDS_8p2_m32p1_r_SDSS.V1.3.0A_KiDS-1347_GAaP_Gaia.fits,0.0188533528325937,-0.0592087466028486,0.0084369464756414,-0.0586947466028486,-0.2966040183147119,-0.284946,-0.2924948577381416,-0.281341,-0.1855614074879903,-0.177069,-0.1825246300744187,-0.1747,0.0394719927122343,0.034006,0.0406522594261869,0.037502,0.0324814105506515,0.028762,0.0365033212448868,0.030941,0.013435,-83.5453,KiDS,0
KIDS_15.9_-29.2,KIDS_15p9_m29p2_r_SDSS.V1.3.0A_KiDS-1347_GAaP_Gaia.fits,0.0198575463953234,-0.0852694736770033,0.0596895700673056,-0.0880254736770033,-0.1632124208655936,-0.136613,-0.1543061187154862,-0.130678,-0.0166019396357603,-0.010634,-0.0135046930136594,-0.005702,0.0372294475228368,0.028055,0.04095682674943,0.032255,0.0535995706177245,0.0479,0.05571501095176,0.050533,0.018858,-86.5847,KiDS,0
KIDS_237.0_1.5,KIDS_237p0_1p5_r_SDSS.V1.3.0A_KiDS-1347_GAaP_Gaia.fits,0.0817721994677712,-0.0326849361696023,0.0764899137596877,-0.0319419361696023,0.6526681011938702,0.636581,0.6522235863503886,0.639629,0.0095394727531102,0.01374,0.0116275068275367,0.015561,0.0202757630897277,0.029192,0.024290138362701,0.031859,0.0081076861314104,0.01661,0.0119855250751934,0.019451,0.091441,40.5502,KiDS,0
KIDS_164.5_3.5,KIDS_164p5_3p5_r_SDSS.V1.3.0A_KiDS-1347_GAaP_Gaia.fits,-0.1307178535295843,-0.2264829798010103,-0.1228523193007698,-0.2247909798010103,0.0186705581759469,0.013507,0.0217776675138225,0.01775,0.0185045588187154,0.030263,0.020732183497048,0.032832,0.0333645762235132,0.038329,0.0364356682560273,0.041215,-0.1009214466440193,-0.097419,-0.0987808516490217,-0.093493,0.035411,53.9987,KiDS,0
KIDS_202.0_0.5,KIDS_202p0_0p5_r_SDSS.V1.3.0A_KiDS-1347_GAaP_Gaia.fits,0.0869641832227913,0.0274636900811633,0.1051123640592174,0.0302256900811633,-0.1012649870149837,-0.103409,-0.0940021070703035,-0.098284,-0.0665048558265194,-0.058372,-0.0619219086231689,-0.054751,-0.0179521691157488,-0.023932,-0.0142617952599887,-0.01909,0.0303661576182776,0.027684,0.034855953770646,0.032421,0.02289,61.9656,KiDS,0
KIDS_48.9_-26.2,KIDS_48p9_m26p2_r_SDSS.V1.3.0A_KiDS-1347_GAaP_Gaia.fits,0.0302194351941209,-0.1243671114097901,0.0214497869447482,-0.1234291114097901,-0.1057485609228128,-0.108509,-0.1040027701411374,-0.105471,0.0026178212498107,0.016277,0.0057715320811291,0.019715,0.1839726329635374,0.18657,0.1859785056342158,0.188021,0.041460956387762,0.042623,0.0443850967515559,0.047164,0.013173,-57.8999,KiDS,0
KIDS_175.0_0.5,KIDS_175p0_0p5_r_SDSS.V1.3.0A_KiDS-1347_GAaP_Gaia.fits,0.1185752071724052,0.0309484736790377,0.108227761682939,0.0380834736790377,0.0273853303126608,0.033154,0.0260993509682075,0.037884,0.0158818031583184,0.023902,0.0192994473845461,0.027662,0.0424709595280555,0.036328,0.0483185442491852,0.041051,0.0540557304271871,0.046721,0.0624913662055721,0.053186,0.01937,58.3226,KiDS,0
KIDS_173.0_1.5,KIDS_173p0_1p5_r_SDSS.V1.3.0A_KiDS-1347_GAaP_Gaia.fits,0.2014616988334289,0.0432875722076503,0.1928514300087837,0.0493775722076504,-0.0316639042172844,-0.048874,-0.0279067748701005,-0.044371,0.0277022356492221,0.034656,0.0330230806276562,0.038791,0.0199594858164439,0.018339,0.02794071639958,0.022338,0.0520130799639994,0.055299,0.0598008973258344,0.059448,0.023241,58.059,KiDS,0
KIDS_172.0_1.5,KIDS_172p0_1p5_r_SDSS.V1.3.0A_KiDS-1347_GAaP_Gaia.fits,0.1333893922359689,0.0470467285110021,0.1270606912241212,0.0591857285110022,-0.0360805697701,-0.035092,-0.0316607540543496,-0.031389,0.0321299888716493,0.037246,0.0363700632823627,0.039735,0.0679015858688616,0.064336,0.0742767709897594,0.067749,0.0631366517543506,0.059239,0.0680010327679258,0.06348,0.026239,57.4914,KiDS,0
KIDS_27.1_-32.1,KIDS_27p1_m32p1_r_SDSS.V1.3.0A_KiDS-1347_GAaP_Gaia.fits,0.0664993704182219,-0.2387260134462319,0.0524472603804833,-0.2387260134462319,0.0529314043075423,0.084628,0.0513799449136599,0.090867,0.0284139996622401,0.046085,0.0312683942088978,0.048915,0.0729423640011598,0.040537,0.0779352738545856,0.043985,0.0707501959350848,0.042696,0.077440770732852,0.045268,0.014731,-76.6847,KiDS,0
KIDS_157.4_-2.5,KIDS_157p4_m2p5_r_SDSS.V1.3.0A_KiDS-1347_GAaP_Gaia.fits,-0.0775016042853519,-0.1467356953774136,-0.0759039731168141,-0.1467356953774136,0.1418655753071903,0.143736,0.1441941757109016,0.148109,-0.0095070401778864,0.0008,-0.0048165108802184,0.005627,0.0441779586730536,0.053025,0.049714982524859,0.055492,0.0392748276358929,0.049893,0.0454142009490913,0.052362,0.037178,44.827,KiDS,0
KIDS_209.6_2.5,KIDS_209p6_2p5_r_SDSS.V1.3.0A_KiDS-1347_GAaP_Gaia.fits,-0.0248624272993099,-0.0684190826553833,-0.0189685999795513,-0.0642410826553833,0.0351952407246436,0.024302,0.0372734759193235,0.026363,0.0244578897158197,0.034299,0.0273441177188834,0.039464,0.0269062732850736,0.032621,0.030365515680176,0.034883,0.0424786469531062,0.05089,0.0459102665472922,0.054054,0.024392,60.5956,KiDS,0
KIDS_165.0_-0.5,KIDS_165p0_m0p5_r_SDSS.V1.3.0A_KiDS-1347_GAaP_Gaia.fits,0.01082902398378,-0.0528065150276472,0.0100261661939835,-0.0519495150276471,0.0208858115453497,0.020352,0.0265514758569346,0.025691,0.0065381227274393,0.014812,0.0103608485173976,0.017978,0.102615551454566,0.101093,0.1066759503024933,0.105431,0.0299891805149688,0.030687,0.0355334293516648,0.034234,0.034583,51.5355,KiDS,0
KIDS_341.6_-30.2,KIDS_341p6_m30p2_r_SDSS.V1.3.0A_KiDS-1347_GAaP_Gaia.fits,0.0250784221064608,0.0436882913796131,0.029207524829364,0.0463842913796131,0.0365566933573272,0.063904,0.0394615940912858,0.066312,0.0357509768225062,0.049385,0.0375689990834176,0.050621,0.0032533386033733,-0.000544,0.0059902661171341,0.000975,0.1159114330927461,0.111681,0.1177756483738809,0.11453,0.012882,-62.4807,KiDS,0
KIDS_19.2_-28.2,KIDS_19p2_m28p2_r_SDSS.V1.3.0A_KiDS-1347_GAaP_Gaia.fits,0.3450209994939215,-0.0490173181494326,0.3334722568538538,-0.0472943181494326,0.0214583278976816,0.02077,0.0189536629200303,0.0229,-0.0918091309195587,-0.07915,-0.0891498558560068,-0.076748,0.057664636148392,0.054842,0.0623273840052949,0.057755,0.190355875225532,0.176125,0.1933950284558503,0.180311,0.014933,-84.2914,KiDS,0
KIDS_236.7_2.5,KIDS_236p7_2p5_r_SDSS.V1.3.0A_KiDS-1347_GAaP_Gaia.fits,0.1235310909705283,0.0040004781766077,0.1157949241067411,0.0039324781766077,0.7056335188295978,0.684147,0.7045614515757355,0.686726,0.0241673879025402,0.024825,0.0262490555167934,0.02678,0.0308529072397684,0.039675,0.0341890468974247,0.041681,0.0428544668572883,0.050705,0.0468464090514552,0.053576,0.088867,41.4265,KiDS,0
KIDS_187.0_1.5,KIDS_187p0_1p5_r_SDSS.V1.3.0A_KiDS-1347_GAaP_Gaia.fits,0.0716107580527734,0.0459936863962223,0.074429752185247,0.0472916863962223,0.0322738247311485,0.043055,0.0367127719445711,0.048544,0.0319712489601458,0.040389,0.0365663316786944,0.045071,0.0549990203632303,0.046506,0.0599902719808173,0.051654,0.069707093787596,0.063458,0.0762105268893312,0.067421,0.017858,63.7432,KiDS,0
KIDS_29.7_-33.1,KIDS_29p7_m33p1_r_SDSS.V1.3.0A_KiDS-1347_GAaP_Gaia.fits,0.125799593127567,-0.0547887550338477,0.1315033929594825,-0.0553417550338477,0.034994624569864,0.056191,0.0366028371253188,0.057972,0.061588835117671,0.074544,0.0648980141695739,0.078846,0.0220983952950023,0.014224,0.0240981359126172,0.016086,0.0223236363948888,0.018089,0.0268078814995908,0.021454,0.015367,-74.2445,KiDS,0
KIDS_167.5_-3.5,KIDS_167p5_m3p5_r_SDSS.V1.3.0A_KiDS-1347_GAaP_Gaia.fits,0.0165522065297482,-0.1077245400266686,-0.0027754837970202,-0.1076885400266686,-0.0358450874064158,-0.05922,-0.0382528023672578,-0.05556,-0.1276356495410681,-0.123271,-0.1254466435056093,-0.118471,0.0402898266203906,0.046658,0.0440767920975096,0.050652,0.0353248098630739,0.043216,0.0398837073372112,0.046354,0.047925,50.7893,KiDS,0
KIDS_208.6_2.5,KIDS_208p6_2p5_r_SDSS.V1.3.0A_KiDS-1347_GAaP_Gaia.fits,-0.1403859603847525,-0.1667674457518595,-0.1355239627894131,-0.1668004457518595,-0.0553717423421987,-0.058769,-0.0533691468505869,-0.054645,0.0626531241746915,0.070753,0.0660730766402993,0.073894,-0.0437711779858497,-0.03929,-0.0390588138736101,-0.034934,0.042058871527492,0.043294,0.0460800790228175,0.046352,0.024172,61.1182,KiDS,0
KIDS_208.0_0.5,KIDS_208p0_0p5_r_SDSS.V1.3.0A_KiDS-1347_GAaP_Gaia.fits,0.0757373120964153,0.0589217940570592,0.0849228898562692,0.0609357940570592,0.0343948341590002,0.032923,0.0394601501686651,0.036148,-0.0601491786202247,-0.054483,-0.0568320407068293,-0.049835,0.0340122973641092,0.030731,0.0375659747769535,0.035345,0.0242560999847429,0.019675,0.027789925829205,0.023618,0.02987,59.6422,KiDS,0
KIDS_167.0_-0.5,KIDS_167p0_m0p5_r_SDSS.V1.3.0A_KiDS-1347_GAaP_Gaia.fits,0.0794629206834604,-0.0598673141705566,0.072995157553004,-0.0591813141705565,0.00133795172652,-0.008369,0.0002090590855244,-0.006037,0.0084789591188961,0.01816,0.0119430813636155,0.023255,0.0585468411389837,0.066939,0.0629681997160644,0.068724,0.0614965054074635,0.07129,0.0672340333007434,0.073626,0.038186,52.8285,KiDS,0
KIDS_184.5_-3.5,KIDS_184p5_m3p5_r_SDSS.V1.3.0A_KiDS-1347_GAaP_Gaia.fits,0.1157957979842407,0.0531731260061614,0.1251669144890212,0.0533821260061614,-0.0370459534575041,-0.043774,-0.034573366226187,-0.042371,-0.0064684327875643,-0.00446,-0.0039364938307565,-0.000315,0.0648646081691613,0.056512,0.0669661851918386,0.060378,-0.0716405377452026,-0.079424,-0.0689776408834534,-0.077307,0.031725,58.3583,KiDS,0
KIDS_5.7_-29.2,KIDS_5p7_m29p2_r_SDSS.V1.3.0A_KiDS-1347_GAaP_Gaia.fits,0.0983628148330083,-0.0427001108000273,0.0886410250123065,-0.0412071108000273,0.0161557261359241,0.025226,0.0168071953179185,0.030119,0.0089943165879105,0.023405,0.0126855383470219,0.024719,0.0442999638767804,0.039497,0.0494234562794936,0.043619,0.0217153533114534,0.021567,0.0286449141501288,0.025382,0.017382,-83.3371,KiDS,0
KIDS_138.0_-0.5,KIDS_138p0_m0p5_r_SDSS.V1.3.0A_KiDS-1347_GAaP_Gaia.fits,0.0860307955505267,0.0571908789776959,0.0982932231350747,0.0580268789776959,0.062625639242227,0.055374,0.0675931576831168,0.057191,0.0553499101775015,0.062652,0.0584610010682441,0.065808,0.0473785211691562,0.046567,0.0508547916158721,0.049492,-0.1121245262247029,-0.110262,-0.1096869996145713,-0.107693,0.025919,30.5355,KiDS,0
KIDS_28.0_-31.2,KIDS_28p0_m31p2_r_SDSS.V1.3.0A_KiDS-1347_GAaP_Gaia.fits,0.0482384511228231,-0.0814327930085026,0.0562656014381096,-0.0811257930085026,0.0672075454400669,0.077447,0.0719992177705031,0.081655,-0.0988134805669526,-0.089093,-0.0952658311940228,-0.085436,0.0656098243549415,0.067836,0.0693820983639986,0.072204,-0.0612929302564227,-0.066335,-0.0571129185737576,-0.06005,0.013729,-76.2146,KiDS,0
KIDS_33.4_-30.2,KIDS_33p4_m30p2_r_SDSS.V1.3.0A_KiDS-1347_GAaP_Gaia.fits,0.1961839874018515,-0.0436231767171548,0.1998823457803034,-0.0418521767171548,0.0215265932136158,0.051402,0.0242075043192896,0.054215,0.0183350047592144,0.038259,0.0211970060727773,0.04092,0.0717117291525098,0.059596,0.073415388584867,0.06252,0.0580080581403839,0.049464,0.0609695441275413,0.053078,0.017818,-71.7587,KiDS,0
KIDS_205.0_0.5,KIDS_205p0_0p5_r_SDSS.V1.3.0A_KiDS-1347_GAaP_Gaia.fits,0.022279477633629,-0.0338566080291604,0.0253513651870681,-0.0338376080291604,0.0273464109697456,0.018726,0.0319377763542577,0.022562,0.0429416676618577,0.051335,0.0472882071787209,0.054911,0.0648380282069065,0.066491,0.0694258352938864,0.070871,-0.1258689767953368,-0.124052,-0.1207822954879473,-0.121495,0.024804,60.9209,KiDS,0
KIDS_184.0_-1.5,KIDS_184p0_m1p5_r_SDSS.V1.3.0A_KiDS-1347_GAaP_Gaia.fits,0.1317590136761677,0.0709330557422953,0.128655169715958,0.0723220557422953,0.027767415977349,0.02665,0.0293843698002073,0.029887,-0.0113147672130681,-0.013418,-0.0079756016738427,-0.008137,0.0618238460737854,0.049901,0.0676073853290125,0.054858,-0.0777349550289313,-0.092902,-0.0718537869311883,-0.087032,0.020642,60.1121,KiDS,0
KIDS_217.6_2.5,KIDS_217p6_2p5_r_SDSS.V1.3.0A_KiDS-1347_GAaP_Gaia.fits,0.0929801061956211,0.06248383350345,0.099423166169578,0.06334583350345,0.0223270875532939,0.014091,0.0254136534147875,0.01587,0.032334176280584,0.03837,0.0351779396287069,0.04153,0.0503670911181574,0.048125,0.0539601804221416,0.051048,0.047605498267634,0.045107,0.0505554790630299,0.049182,0.025953,55.8005,KiDS,0
KIDS_330.1_-30.2,KIDS_330p1_m30p2_r_SDSS.V1.3.0A_KiDS-1347_GAaP_Gaia.fits,0.1047235292533491,0.0356826100326731,0.1052914987504844,0.0358986100326731,0.0697075817974968,0.060783,0.0711534582669612,0.062664,0.0675694864705539,0.076106,0.0690484110598937,0.078125,0.0549499367906208,0.058959,0.0570304508287334,0.059876,0.054559075731592,0.057132,0.0572159303644206,0.059431,0.019764,-52.5676,KiDS,0
KIDS_171.5_2.5,KIDS_171p5_2p5_r_SDSS.V1.3.0A_KiDS-1347_GAaP_Gaia.fits,0.0645998580759875,-0.062142786600679,0.070385532826009,-0.0619057866006791,0.248030180853076,0.226324,0.2504894787946817,0.23146,0.0039589434157859,0.00969,0.0078696608262079,0.014531,0.0403638144093779,0.0395,0.0458013479656803,0.045209,0.0215033603907331,0.024384,0.0273609111571397,0.029505,0.028756,57.9617,KiDS,0
KIDS_227.0_-0.5,KIDS_227p0_m0p5_r_SDSS.V1.3.0A_KiDS-1347_GAaP_Gaia.fits,0.131295415671458,0.0743705557265205,0.1436758197470279,0.0753185557265205,0.0703749873086157,0.055972,0.0755613643164073,0.06012,-0.0093321057750909,-0.007046,-0.00479117878201,-0.00356,0.053145332582267,0.051861,0.0577171238590754,0.056857,0.0328981016046789,0.033131,0.0381415333673022,0.037546,0.053549,47.1099,KiDS,0
KIDS_165.0_0.5,KIDS_165p0_0p5_r_SDSS.V1.3.0A_KiDS-1347_GAaP_Gaia.fits,0.0719313558092944,-0.0427813426416193,0.0787841878426114,-0.0436303426416193,0.0441305626628731,0.041094,0.0481203447357623,0.046905,-0.0101810736508175,0.0001,-0.0053515995525209,0.004863,0.0451700874880312,0.048723,0.0519324460476709,0.053468,0.02885264940079,0.033632,0.0357322923925782,0.037323,0.026996,52.2625,KiDS,0
KIDS_357.6_-35.1,KIDS_357p6_m35p1_r_SDSS.V1.3.0A_KiDS-1347_GAaP_Gaia.fits,-0.0483824731840133,-0.1107886978079764,-0.040035051198155,-0.1094696978079764,-0.0049156114841365,0.011535,-0.0014940500218263,0.013632,0.0307870655722043,0.043834,0.0338305970102249,0.046762,0.0268795677420036,0.017551,0.0278589470117845,0.022031,0.0508046521400205,0.050823,0.054868460407591,0.053155,0.01072,-74.6768,KiDS,0
KIDS_48.7_-33.1,KIDS_48p7_m33p1_r_SDSS.V1.3.0A_KiDS-1347_GAaP_Gaia.fits,0.2115460835844542,0.0361474684634002,0.2126314989277232,0.0355234684634002,-0.097522110902887,-0.07793,-0.0960926054214903,-0.076439,0.0408550018458809,0.056977,0.0431693875982293,0.058003,0.0431308105677949,0.031584,0.0436931266979205,0.033743,0.0341197594348409,0.026671,0.0379937788203559,0.028941,0.014014,-58.5817,KiDS,0
KIDS_51.1_-35.1,KIDS_51p1_m35p1_r_SDSS.V1.3.0A_KiDS-1347_GAaP_Gaia.fits,0.040103735830417,-0.0470949210268321,0.0379040514411327,-0.0485109210268321,0.0459861257451591,0.065175,0.0442661192809824,0.066751,-0.0441017864622862,-0.033704,-0.0431516397308108,-0.031784,0.0997328266151476,0.090374,0.1017599314453758,0.094353,0.051567082754967,0.040288,0.0532801803878491,0.043119,0.010208,-56.5364,KiDS,0
KIDS_217.0_0.5,KIDS_217p0_0p5_r_SDSS.V1.3.0A_KiDS-1347_GAaP_Gaia.fits,0.0337341268378715,-0.0375120570067857,0.0281115375570193,-0.0371180570067856,0.0500305925214661,0.043583,0.0492895228435945,0.045637,-0.0025106087988961,0.007306,5.4145187917756e-05,0.011196,0.0557267439995381,0.059161,0.060486535221119,0.062958,0.0341271948794411,0.036329,0.0386483530985655,0.040761,0.029039,54.6914,KiDS,0
KIDS_336.5_-32.1,KIDS_336p5_m32p1_r_SDSS.V1.3.0A_KiDS-1347_GAaP_Gaia.fits,0.045863664087738,-0.0178018871591816,0.0421057956673409,-0.0176228871591816,0.0004109011122177,-0.007133,0.0021473767823589,-0.003583,0.0383426401315874,0.050552,0.0407184957536049,0.052827,0.0136789338705694,0.012699,0.0176840401803555,0.016089,0.0022425376953415,0.002271,0.0061083731749724,0.00487,0.011842,-58.1323,KiDS,0
KIDS_201.0_-1.5,KIDS_201p0_m1p5_r_SDSS.V1.3.0A_KiDS-1347_GAaP_Gaia.fits,-0.0288217953668181,-0.091367192363629,-0.0272376667970394,-0.090021192363629,-0.0723186878701518,-0.083728,-0.0673204449551228,-0.080919,0.0143185581821599,0.021847,0.0185654622085916,0.025604,0.0383214172199627,0.037851,0.0427117262283329,0.04025,0.0597702034976074,0.056268,0.0637352942990166,0.059474,0.026442,60.3372,KiDS,0
KIDS_224.0_-1.5,KIDS_224p0_m1p5_r_SDSS.V1.3.0A_KiDS-1347_GAaP_Gaia.fits,0.0658574439021385,0.0355559753915479,0.072406667019641,0.0372169753915479,-0.0063238210442506,-0.000493,-0.003131392313742,0.001922,0.0197797260911199,0.026772,0.0230733225355331,0.029496,0.0525830976787701,0.048913,0.05631530036794,0.050724,0.0528664228704768,0.052137,0.0569693717533255,0.055535,0.049788,48.5596,KiDS,0
KIDS_209.0_-0.5,KIDS_209p0_m0p5_r_SDSS.V1.3.0A_KiDS-1347_GAaP_Gaia.fits,0.060369618826626,-0.0112007760607499,0.0601795611673256,-0.0115667760607499,0.0179545485971423,0.003354,0.0199030766628205,0.00543,-0.0507913599107267,-0.050465,-0.0480092098824757,-0.047282,0.0518187609269185,0.048824,0.0552923077443053,0.051987,0.0591283023824666,0.060106,0.0645264048147319,0.063681,0.035362,58.2914,KiDS,0
KIDS_218.6_2.5,KIDS_218p6_2p5_r_SDSS.V1.3.0A_KiDS-1347_GAaP_Gaia.fits,0.1046672350389711,0.0465426433633479,0.1068549284853971,0.0456116433633479,0.040326612613699,0.039149,0.0446847442909602,0.043968,0.0158048240341278,0.026842,0.0198790116610304,0.029573,0.0723556910668027,0.069266,0.077162461991349,0.074006,0.0409471723487161,0.039982,0.0463363073551732,0.045428,0.030263,55.1315,KiDS,0
KIDS_197.0_-1.5,KIDS_197p0_m1p5_r_SDSS.V1.3.0A_KiDS-1347_GAaP_Gaia.fits,-0.0744292783446309,-0.0856069134489009,-0.0761021166442324,-0.0847919134489008,0.0371289432049549,0.052883,0.0394834231088822,0.053431,-0.1177096781584893,-0.106924,-0.1140177610767447,-0.104358,0.0582047558864604,0.049734,0.0639037527384824,0.052807,0.0558996644139769,0.045705,0.0606115583639884,0.051077,0.018964,61.1041,KiDS,0
KIDS_5.8_-31.2,KIDS_5p8_m31p2_r_SDSS.V1.3.0A_KiDS-1347_GAaP_Gaia.fits,0.1231584149244285,0.0627411511748075,0.1313626770788035,0.0595961511748075,0.0405049087819136,0.048949,0.0434631384438295,0.051564,0.0449406915044839,0.058045,0.0482125410795038,0.059423,0.033907731139013,0.03822,0.0368767175209442,0.042021,0.026369404537751,0.027943,0.0306846464724979,0.029823,0.013992,-82.6172,KiDS,0
KIDS_19.6_-30.2,KIDS_19p6_m30p2_r_SDSS.V1.3.0A_KiDS-1347_GAaP_Gaia.fits,-0.0375681950196192,-0.1066344679158672,-0.0359345315189535,-0.1064654679158672,-0.0020638388108102,0.029056,0.0005069008342137,0.031595,-0.0054985670042956,0.008698,-0.0023973713126993,0.012927,0.0823930116554904,0.074195,0.0862467521611048,0.079685,0.0227045169012905,0.015527,0.0255372637289284,0.020129,0.017586,-83.3721,KiDS,0
KIDS_131.0_0.5,KIDS_131p0_0p5_r_SDSS.V1.3.0A_KiDS-1347_GAaP_Gaia.fits,0.0208202191696735,0.0643432592361563,0.0315252790204305,0.0638052592361563,0.016391110203436,0.026962,0.0188932179841594,0.027551,0.0519882356116033,0.063099,0.053666163749718,0.065725,0.0398964442432606,0.045089,0.0409613891957313,0.046346,0.0686090956334877,0.073363,0.0711599527144438,0.075004,0.030136,25.052,KiDS,0
KIDS_214.0_-1.5,KIDS_214p0_m1p5_r_SDSS.V1.3.0A_KiDS-1347_GAaP_Gaia.fits,0.0988904521809285,-0.0311283175580492,0.0877095509725284,-0.0306133175580491,0.0379174958264782,0.018744,0.0383989471906949,0.021147,0.0006060848551024,0.014778,0.0046351507202363,0.017082,0.0373838472869176,0.049903,0.0419239635699867,0.053087,0.0940090108225373,0.101829,0.1005722365686207,0.105783,0.045814,54.8831,KiDS,0
KIDS_171.5_3.5,KIDS_171p5_3p5_r_SDSS.V1.3.0A_KiDS-1347_GAaP_Gaia.fits,0.145281761690045,0.0203816598466925,0.1553129434022953,0.0164656598466925,0.0010166009188921,0.000167,0.0111962187262974,0.004576,0.0303275018107479,0.032251,0.0355647395682062,0.03872,0.04279372321706,0.041549,0.0481792514330113,0.046756,0.0193627721184439,0.018884,0.022480932931743,0.024875,0.035166,58.7291,KiDS,0
KIDS_180.5_-3.5,KIDS_180p5_m3p5_r_SDSS.V1.3.0A_KiDS-1347_GAaP_Gaia.fits,0.1058588743944015,0.0632003250676567,0.1121089508193358,0.0634653250676567,0.0475604625052253,0.042697,0.0504480743923177,0.047066,-0.0008328611961502,0.01258,0.0051235046793781,0.017232,0.0594610140704075,0.064311,0.0674395906252892,0.06762,-0.1459025865483745,-0.135438,-0.1396347955488612,-0.132562,0.02462,57.161,KiDS,0
KIDS_50.1_-29.2,KIDS_50p1_m29p2_r_SDSS.V1.3.0A_KiDS-1347_GAaP_Gaia.fits,0.2292156488829299,0.0566017267315418,0.255681095672978,0.0565847267315418,-0.032009041641039,-0.013083,-0.0259120329403392,-0.009227,0.0333394823743523,0.052977,0.0367413831766368,0.05661,0.0401240286820426,0.031327,0.0409450193934497,0.035038,0.0345765669972171,0.027772,0.0365087905150536,0.030829,0.013189,-57.1814,KiDS,0
KIDS_138.0_1.5,KIDS_138p0_1p5_r_SDSS.V1.3.0A_KiDS-1347_GAaP_Gaia.fits,0.051467972510905,0.0458367903430949,0.0504561761480276,0.0465697903430949,0.032267203643629,0.038095,0.0328100951019821,0.039254,-0.0354457825052753,-0.027417,-0.0338736781708006,-0.025794,0.0158602015240675,0.020901,0.018900702146541,0.022478,0.0561175513647346,0.05606,0.0583043044093115,0.058195,0.0252,31.6004,KiDS,0
KIDS_216.6_2.5,KIDS_216p6_2p5_r_SDSS.V1.3.0A_KiDS-1347_GAaP_Gaia.fits,0.0369247576711929,-0.031290151221471,0.0360951728539056,-0.031857151221471,0.0631427473742867,0.056511,0.0637011540012576,0.05832,0.0199123506880725,0.029559,0.0226114661412624,0.032355,0.0623216760147994,0.06547,0.0667001827309933,0.067435,0.0221898669393238,0.024114,0.0266172130307267,0.027686,0.027441,56.4747,KiDS,0
KIDS_201.0_0.5,KIDS_201p0_0p5_r_SDSS.V1.3.0A_KiDS-1347_GAaP_Gaia.fits,0.1214557357791857,0.0530150101354381,0.123376722103573,0.0551770101354381,0.0292817048753259,0.011168,0.0339198133371742,0.014405,-0.0417694786067132,-0.038604,-0.0379262111504411,-0.033761,-0.0155712289132556,-0.022777,-0.0128964391550792,-0.019222,0.0315354038055147,0.026187,0.0364843267650733,0.030868,0.020204,62.2458,KiDS,0
KIDS_237.7_2.5,KIDS_237p7_2p5_r_SDSS.V1.3.0A_KiDS-1347_GAaP_Gaia.fits,0.126005156063223,0.0254998452157285,0.1266111029090886,0.0271338452157285,0.0515959882200019,0.047874,0.0544193619048861,0.049274,0.0166913571624137,0.01821,0.0185023792568271,0.019437,0.0274051937928881,0.033999,0.0308860374034684,0.035744,0.0086132277237286,0.013627,0.0118394376683981,0.015857,0.103903,40.5875,KiDS,0
KIDS_36.8_-30.2,KIDS_36p8_m30p2_r_SDSS.V1.3.0A_KiDS-1347_GAaP_Gaia.fits,0.2972548725283013,0.0364001632858522,0.300987726722963,0.0362731632858522,0.0087617192880848,0.029863,0.013805142843827,0.032051,0.0435535496935722,0.067161,0.0467439179562974,0.069791,0.039326506904854,0.04334,0.0436713448448052,0.046977,0.0438283224386421,0.044298,0.0473534061093651,0.049441,0.01528,-68.8056,KiDS,0
KIDS_348.1_-33.1,KIDS_348p1_m33p1_r_SDSS.V1.3.0A_KiDS-1347_GAaP_Gaia.fits,-0.0058083436666264,-0.0303404602520482,-0.0086102360393317,-0.0301544602520482,0.0538149117819899,0.062518,0.0546287204325719,0.06475,-0.0190674073217204,-0.009277,-0.0165256541176498,-0.006895,0.0870622879837759,0.082842,0.0910714859242411,0.086065,0.0600809928193584,0.059906,0.0651465560661753,0.064052,0.01462,-67.8227,KiDS,0
KIDS_201.6_3.5,KIDS_201p6_3p5_r_SDSS.V1.3.0A_KiDS-1347_GAaP_Gaia.fits,0.0525828316697361,0.0436235639609827,0.0566705787950977,0.0436375639609827,0.0057902511379631,0.003846,0.0075151154942002,0.006998,-0.002811112204624,-0.002795,0.0013684181166487,0.001441,0.0458626508443444,0.037018,0.051622165947734,0.040504,0.05057329297347,0.041068,0.0553315375444413,0.045099,0.02104,64.9352,KiDS,0
KIDS_165.5_2.5,KIDS_165p5_2p5_r_SDSS.V1.3.0A_KiDS-1347_GAaP_Gaia.fits,0.1387659880130699,-0.0959083574903648,0.1327213949916741,-0.0955443574903649,-0.1099103667016462,-0.129118,-0.1069378267029605,-0.124464,0.0049236701186968,0.016993,0.0073074140224585,0.020691,0.0461146239820607,0.055283,0.0464387673252359,0.058192,-0.1136101039804088,-0.103821,-0.112820028408806,-0.09881,0.034064,54.0178,KiDS,0
KIDS_198.0_-0.5,KIDS_198p0_m0p5_r_SDSS.V1.3.0A_KiDS-1347_GAaP_Gaia.fits,0.0869407123873143,-0.0134603440495665,0.0919431627253226,-0.0134603440495665,0.0305922369596313,0.020126,0.0352741592445209,0.021961,0.005190963720517,0.008841,0.0098104992484989,0.011862,0.0198577918856281,0.016305,0.0257705850725086,0.018928,0.0786574160479439,0.078213,0.084333424593906,0.081472,0.023109,61.9322,KiDS,0
KIDS_199.6_2.5,KIDS_199p6_2p5_r_SDSS.V1.3.0A_KiDS-1347_GAaP_Gaia.fits,-0.1182898160644505,-0.0877961095199685,-0.1096974673419353,-0.0852241095199685,0.0278094188721025,0.043369,0.0324693539200417,0.047135,0.0218987794936614,0.0297,0.0259753140580848,0.033603,-0.0241221564161506,-0.035124,-0.019267805590491,-0.03115,-0.0740582368940855,-0.084573,-0.0689614893298225,-0.080673,0.023172,64.5135,KiDS,0
KIDS_51.8_-32.1,KIDS_51p8_m32p1_r_SDSS.V1.3.0A_KiDS-1347_GAaP_Gaia.fits,0.0628129177587891,-0.0427818201588561,0.0716027106388694,-0.0415918201588561,0.0090448109545157,0.038851,0.0122717493901468,0.042841,0.0527120849008438,0.067626,0.0548733900833472,0.069531,-0.0044428346071719,-0.020218,-0.0028442059705913,-0.018816,0.0578244306732852,0.047221,0.0602981077890864,0.051175,0.011144,-55.9854,KiDS,0
KIDS_223.6_-2.5,KIDS_223p6_m2p5_r_SDSS.V1.3.0A_KiDS-1347_GAaP_Gaia.fits,0.1157006154600015,0.0980918792417738,0.1209613188720495,0.1028398792417738,0.02295984102551,0.034416,0.0275380061844293,0.039663,0.0257000528630411,0.032936,0.0306919939718298,0.035952,0.0362123794538393,0.033543,0.0417798687561153,0.038545,0.0285217360186014,0.028085,0.0371876943750853,0.0343,0.076604,48.1092,KiDS,0
KIDS_11.9_-33.1,KIDS_11p9_m33p1_r_SDSS.V1.3.0A_KiDS-1347_GAaP_Gaia.fits,0.0605089139201074,-0.130864379767627,0.0582623070410191,-0.130972379767627,0.0578788977321811,0.067902,0.0611335568629063,0.071967,0.0320348471318783,0.039362,0.0341658701868375,0.042329,0.0412667931720595,0.033483,0.0450946532710895,0.036046,0.0249279513164648,0.020336,0.0278233495111472,0.023452,0.013522,-83.9326,KiDS,0
KIDS_3.6_-35.1,KIDS_3p6_m35p1_r_SDSS.V1.3.0A_KiDS-1347_GAaP_Gaia.fits,-0.0146720880105545,-0.0937807405344003,0.0003989628405309,-0.0887937405344003,-0.1247719868450273,-0.108702,-0.1208504145666944,-0.10546,0.1133140067693312,0.123684,0.1171431845979095,0.128033,0.0070667308103774,0.003349,0.0112285752146491,0.006798,0.0999728180687356,0.098887,0.1066698099109434,0.102994,0.012559,-78.7847,KiDS,0
KIDS_43.2_-34.1,KIDS_43p2_m34p1_r_SDSS.V1.3.0A_KiDS-1347_GAaP_Gaia.fits,0.1932608309816723,0.046035421357325,0.2048314773782817,0.048009421357325,0.0228297158137892,0.042943,0.0231574008760496,0.04507,0.0164914742312452,0.032887,0.0186492832380378,0.034255,0.0763539631023866,0.071539,0.0812792744683419,0.073583,-0.0235463572481234,-0.030463,-0.0192888156874746,-0.026215,0.018407,-63.0949,KiDS,0
KIDS_202.0_1.5,KIDS_202p0_1p5_r_SDSS.V1.3.0A_KiDS-1347_GAaP_Gaia.fits,-0.0250464042974847,-0.0882378342547848,-0.0060222035343048,-0.0888048342547848,0.0521576754609294,0.042828,0.0601009448623037,0.046478,0.0297405125562844,0.032843,0.033808046837978,0.037843,0.0471026739035104,0.039675,0.050845300984099,0.044708,0.0438050966451956,0.036351,0.0470369186511309,0.041163,0.023382,62.9103,KiDS,0
KIDS_183.0_-0.5,KIDS_183p0_m0p5_r_SDSS.V1.3.0A_KiDS-1347_GAaP_Gaia.fits,0.0498256976778157,0.0117581030665647,0.0548797997669847,0.0133971030665647,0.0253469299310711,0.017273,0.0299531349545811,0.021956,0.0271675272492105,0.034135,0.0300225191450339,0.036802,0.0643063895797654,0.062486,0.0669978363835526,0.064282,0.0975775223849715,0.093662,0.1028715857520863,0.09805,0.01846,60.783,KiDS,0
KIDS_156.0_-0.5,KIDS_156p0_m0p5_r_SDSS.V1.3.0A_KiDS-1347_GAaP_Gaia.fits,0.2467375202919437,0.0858984822818737,0.253746875862513,0.0864874822818737,0.0619180431246215,0.033323,0.0645470854200721,0.036118,0.0230698945790367,0.023484,0.0265581879912493,0.028864,0.0640763894482306,0.075009,0.0674075529454107,0.078954,-0.0671384297713489,-0.053922,-0.0619428445891518,-0.049874,0.049586,45.1149,KiDS,0
KIDS_37.6_-29.2,KIDS_37p6_m29p2_r_SDSS.V1.3.0A_KiDS-1347_GAaP_Gaia.fits,0.0873080551940444,-0.0937792931460088,0.0872515168095035,-0.0930122931460088,0.0957415319464713,0.112524,0.0967708233681612,0.115564,0.0069226000971008,0.027444,0.0096811849751313,0.029275,0.0768616192038165,0.061925,0.0810254285898494,0.062733,0.0808482354077958,0.065299,0.086203547880199,0.068085,0.013811,-68.1405,KiDS,0
KIDS_233.0_-0.5,KIDS_233p0_m0p5_r_SDSS.V1.3.0A_KiDS-1347_GAaP_Gaia.fits,0.0488053813982051,-0.0167654900012359,0.0538480466493967,-0.0161494900012359,0.7008502748334078,0.695034,0.7035936785481439,0.69681,0.0182756910810871,0.015689,0.0205017635740013,0.018452,0.038005969080609,0.034672,0.0397887412481849,0.037277,0.0412322987811582,0.039939,0.042615939668052,0.042038,0.089933,42.5568,KiDS,0
KIDS_28.2_-32.1,KIDS_28p2_m32p1_r_SDSS.V1.3.0A_KiDS-1347_GAaP_Gaia.fits,-0.0483626902287359,-0.1127725940899543,-0.0298242515176777,-0.1119635940899543,0.0326118176287752,0.064675,0.0378886738344062,0.068142,-0.1104552684682622,-0.093145,-0.1073174376580907,-0.089957,0.0565424769085127,0.05666,0.0586976894098652,0.059486,0.0457371705944239,0.04784,0.0488902602161884,0.049657,0.014163,-75.7226,KiDS,0
KIDS_169.0_-0.5,KIDS_169p0_m0p5_r_SDSS.V1.3.0A_KiDS-1347_GAaP_Gaia.fits,0.0817561240156787,-0.0632039130257278,0.0918857546610138,-0.0628899130257278,0.0186712609786019,0.001498,0.0234090812581004,0.005227,0.0128877556939675,0.016412,0.0169882193758677,0.019097,0.036742149566496,0.041524,0.0405634221811603,0.044718,0.0541379476243778,0.060466,0.0587416433359939,0.064499,0.04587,54.0825,KiDS,0
KIDS_48.3_-30.2,KIDS_48p3_m30p2_r_SDSS.V1.3.0A_KiDS-1347_GAaP_Gaia.fits,0.2018104437001735,0.0788762263312243,0.2187589352108095,0.0793322263312243,0.011056939926969,0.039081,0.0174120582695448,0.041854,0.0262856322690337,0.045657,0.0309741811378897,0.051657,0.0437813942533354,0.039742,0.0480294482230937,0.042941,0.0316269703781669,0.022468,0.035804553077203,0.028229,0.012815,-58.846,KiDS,0
KIDS_351.9_-30.2,KIDS_351p9_m30p2_r_SDSS.V1.3.0A_KiDS-1347_GAaP_Gaia.fits,0.0014897721647679,-0.0090619417663349,0.0183439180476343,-0.0109089417663349,-0.0249148354093305,-0.005051,-0.0205198332847582,-0.001545,0.0300103790424822,0.03949,0.0334827316162456,0.042604,0.0637127925369838,0.057503,0.0666771900937316,0.060331,0.1199257007019811,0.115754,0.126137591989018,0.119677,0.016268,-71.4165,KiDS,0
KIDS_358.8_-35.1,KIDS_358p8_m35p1_r_SDSS.V1.3.0A_KiDS-1347_GAaP_Gaia.fits,0.022297749103981,-0.0519729260196222,0.0423080949890892,-0.0538179260196222,-0.0066102117464442,0.013323,-0.0025915115835162,0.017696,0.0298063721443494,0.042155,0.0322198779133261,0.045372,0.0346321429741148,0.02926,0.0362439702117363,0.032064,0.1229600856214711,0.115313,0.1282477019322011,0.120383,0.011286,-75.5552,KiDS,0
KIDS_24.5_-31.2,KIDS_24p5_m31p2_r_SDSS.V1.3.0A_KiDS-1347_GAaP_Gaia.fits,0.0232785830246598,-0.0262578628877994,0.0437216931487587,-0.0243938628877994,-0.1361400492415035,-0.12637,-0.1335388093994715,-0.124048,0.0361326342973407,0.05016,0.0383463990973128,0.051293,0.0884379111385103,0.087581,0.0892911803656607,0.088386,0.0611426433970452,0.060366,0.0627576508161647,0.063071,0.013797,-79.061,KiDS,0
KIDS_172.5_-2.5,KIDS_172p5_m2p5_r_SDSS.V1.3.0A_KiDS-1347_GAaP_Gaia.fits,0.049103479110543,-0.0584259114014625,0.0543647523773783,-0.0570689114014624,0.0214260870970471,0.008024,0.0250894311922272,0.012234,0.0251688709793716,0.029035,0.0286932780807896,0.031553,0.0553275704202747,0.053296,0.0609169454955728,0.056746,0.073991210114531,0.068206,0.0804537959430188,0.073707,0.032838,54.4537,KiDS,0
KIDS_333.1_-27.2,KIDS_333p1_m27p2_r_SDSS.V1.3.0A_KiDS-1347_GAaP_Gaia.fits,0.0977998284075711,0.0256523695913504,0.0957763171215042,0.0255013695913504,0.0705384359893547,0.067728,0.0720535401787375,0.072858,0.0059245541430575,0.022724,0.0096599524269308,0.024939,0.0418004135405728,0.051154,0.0474534460117452,0.054407,0.0339996954618805,0.043676,0.0381939895957023,0.046764,0.018859,-54.7641,KiDS,0
KIDS_195.5_-3.5,KIDS_195p5_m3p5_r_SDSS.V1.3.0A_KiDS-1347_GAaP_Gaia.fits,0.0621898713571857,0.0254038890298037,0.0585080224784181,0.0267518890298037,0.0488378688174482,0.05874,0.0493691878569636,0.060125,0.0208703079022903,0.032279,0.0242478119596519,0.034193,0.0387624843932765,0.036882,0.0427647916670168,0.03997,0.0377473811577386,0.035855,0.0419604130507524,0.038027,0.023644,59.2768,KiDS,0
KIDS_32.8_-35.1,KIDS_32p8_m35p1_r_SDSS.V1.3.0A_KiDS-1347_GAaP_Gaia.fits,0.1172868307878501,0.066266783075992,0.1269797064334995,0.066321783075992,0.0090742618260763,0.038064,0.0143272758301063,0.040763,-0.0002325777081381,0.014706,0.0022059511695205,0.01789,0.0621715452445234,0.059245,0.0641533835489224,0.061724,0.0395361479247572,0.036252,0.039913774115651,0.038854,0.011569,-71.1421,KiDS,0
KIDS_2.4_-32.1,KIDS_2p4_m32p1_r_SDSS.V1.3.0A_KiDS-1347_GAaP_Gaia.fits,0.1469409950244776,0.0302607014263284,0.1628861602424034,0.0321547014263284,-0.5269337624243243,-0.512104,-0.5223887102690012,-0.511106,0.024012701196996,0.038392,0.0268992934825456,0.039982,0.070429248886573,0.074507,0.0713528307616562,0.076125,-0.0825226215638548,-0.083258,-0.080450803568476,-0.080512,0.012753,-79.5673,KiDS,0
KIDS_192.0_-0.5,KIDS_192p0_m0p5_r_SDSS.V1.3.0A_KiDS-1347_GAaP_Gaia.fits,0.0470965457059458,-0.0120114198526942,0.0556149068720663,-0.0109614198526942,0.0536163840102989,0.045885,0.0573162332783814,0.048911,-0.0528559766896904,-0.049449,-0.0497692037678691,-0.046806,0.0340901143583209,0.027211,0.0374002241079525,0.029426,0.0961600937329306,0.091418,0.0998376679044151,0.094639,0.021199,62.3612,KiDS,0
KIDS_199.6_-2.5,KIDS_199p6_m2p5_r_SDSS.V1.3.0A_KiDS-1347_GAaP_Gaia.fits,-0.0577832057997503,-0.0974825683758266,-0.035815458006563,-0.0971045683758266,-0.1114381695748472,-0.114368,-0.1023999642899532,-0.107769,-0.0022708736360073,0.010441,0.0019089234992861,0.014568,0.1482708470513322,0.149591,0.1519041072935548,0.153363,-0.0943406035077546,-0.093742,-0.0901191919092923,-0.089818,0.02479,59.6976,KiDS,0
KIDS_189.0_0.5,KIDS_189p0_0p5_r_SDSS.V1.3.0A_KiDS-1347_GAaP_Gaia.fits,0.0434266865670488,0.008935382891313,0.0483518835812059,0.010358382891313,-0.0392685673967531,-0.038065,-0.0366290805338292,-0.033792,-0.0004580181692665,0.002762,0.0031412130728978,0.008133,0.0504710156689255,0.037433,0.0539180629362893,0.042084,0.0425507323392844,0.029424,0.0456708935588129,0.034096,0.018528,63.1147,KiDS,0
KIDS_184.0_-0.5,KIDS_184p0_m0p5_r_SDSS.V1.3.0A_KiDS-1347_GAaP_Gaia.fits,0.0995581854535095,0.0393827872283063,0.1192979753833864,0.0410107872283063,0.0304260471421909,0.018628,0.0358999258821221,0.020577,0.020027270749234,0.02344,0.0236969925989867,0.02608,0.097631241507655,0.088963,0.1020233957033954,0.092809,-0.0108290050295925,-0.0208,-0.003565086181821,-0.015899,0.018239,61.0756,KiDS,0
KIDS_221.0_1.5,KIDS_221p0_1p5_r_SDSS.V1.3.0A_KiDS-1347_GAaP_Gaia.fits,0.4617464362553015,0.3907163227007215,0.4594374100472371,0.3922183227007215,0.0788950403355929,0.062758,0.0814930108041689,0.067202,0.0123825777250217,0.015556,0.0155946362169979,0.019223,-0.0014069656966631,0.001656,0.002715025105997,0.005396,0.0400253625280424,0.041605,0.043112857371611,0.045943,0.033591,52.7728,KiDS,0
KIDS_213.6_-2.5,KIDS_213p6_m2p5_r_SDSS.V1.3.0A_KiDS-1347_GAaP_Gaia.fits,-0.139645647112412,-0.2364439285611206,-0.1247291802731541,-0.2364439285611206,0.0717755902196584,0.052755,0.0770907112698145,0.05451,0.0530847714438285,0.054292,0.0551567928119199,0.055773,0.0163064656936761,0.01669,0.0179462070963187,0.019083,0.0195252811056482,0.02212,0.0213770122985754,0.023379,0.053295,54.2744,KiDS,0
KIDS_11.7_-31.2,KIDS_11p7_m31p2_r_SDSS.V1.3.0A_KiDS-1347_GAaP_Gaia.fits,0.0861128669210721,-0.0034790088771915,0.0849911817389073,-0.0033220088771915,0.0224773836981222,0.048204,0.0272628154758582,0.052509,0.0404288364470698,0.060505,0.0472669611399277,0.063789,0.0430272193434395,0.033346,0.0520283648518917,0.039272,0.0264515020849267,0.015213,0.0334305407468651,0.020494,0.015003,-85.8071,KiDS,0
KIDS_220.6_3.5,KIDS_220p6_3p5_r_SDSS.V1.3.0A_KiDS-1347_GAaP_Gaia.fits,-0.0145811258785724,-0.0791735234740542,-0.012802196971466,-0.0777815234740542,-0.0541397486840571,-0.06578,-0.0504266203980188,-0.061405,-0.0080178101215965,-0.001844,-0.0054832857025454,0.002452,0.0512973759630562,0.048966,0.054901291342755,0.053241,0.0503050380978577,0.047041,0.0530486345594937,0.051083,0.02846,54.4561,KiDS,0
KIDS_203.6_2.5,KIDS_203p6_2p5_r_SDSS.V1.3.0A_KiDS-1347_GAaP_Gaia.fits,0.0218796506405282,-0.0882848120879002,0.0169511432326468,-0.0871698120879002,0.0320727220468964,0.024785,0.0360425028774261,0.027775,0.0165616045190844,0.022754,0.0211006223531834,0.026582,-0.0462106241362419,-0.053065,-0.0405850000104669,-0.046192,0.0218048024784332,0.024236,0.0301772786454244,0.029537,0.021352,63.3155,KiDS,0
KIDS_355.1_-35.1,KIDS_355p1_m35p1_r_SDSS.V1.3.0A_KiDS-1347_GAaP_Gaia.fits,0.0450413074838869,-0.0513058342271317,0.0527470769119629,-0.0513478342271317,-0.0394343664748553,-0.040817,-0.0388370595004655,-0.038315,0.020856446296738,0.03213,0.0244763073368808,0.034171,0.0075411585511975,0.011252,0.012088384072043,0.014995,0.0441694652708085,0.048264,0.0487807761504703,0.051011,0.010918,-72.8632,KiDS,0
KIDS_160.4_2.5,KIDS_160p4_2p5_r_SDSS.V1.3.0A_KiDS-1347_GAaP_Gaia.fits,-0.0515795941773708,-0.1680977653707702,-0.0423313370107176,-0.1626737653707702,0.0383227815441535,0.022701,0.0425797988007078,0.026919,0.0096436743745341,0.017409,0.011813938918952,0.020707,0.0395934180974824,0.047252,0.0434722380278895,0.050158,0.083496273980984,0.090813,0.0860287517188672,0.09317,0.032952,50.3796,KiDS,0
KIDS_14.7_-28.2,KIDS_14p7_m28p2_r_SDSS.V1.3.0A_KiDS-1347_GAaP_Gaia.fits,-0.0211679349071275,-0.0866092912360423,-0.0254661317155071,-0.0859882912360423,0.0266019610501785,0.050314,0.0279632226485809,0.055062,0.0307851617137005,0.038835,0.0345990659228606,0.043166,0.0278407995115103,0.022855,0.0344742415225528,0.028095,0.0657681908287107,0.059559,0.0710676720944887,0.062355,0.019605,-88.0171,KiDS,0
KIDS_192.0_0.5,KIDS_192p0_0p5_r_SDSS.V1.3.0A_KiDS-1347_GAaP_Gaia.fits,0.0714068811976775,0.0643086907046051,0.0852176265242627,0.0660586907046051,-0.0214589020660472,-0.011907,-0.0153332085326345,-0.007831,-0.0578729554150902,-0.054567,-0.0545064426655658,-0.051932,-0.0057348337565473,-0.022251,-0.0019624399590459,-0.019244,0.0653693094785411,0.050282,0.0670426980262758,0.05264,0.01802,63.3563,KiDS,0
KIDS_203.0_-1.5,KIDS_203p0_m1p5_r_SDSS.V1.3.0A_KiDS-1347_GAaP_Gaia.fits,-0.0075281848080424,-0.1684673616975267,0.0021340235613033,-0.1654343616975267,-0.0486882317232955,-0.074708,-0.044966773374494,-0.07044,0.0622886173915824,0.064955,0.0668008727352097,0.068041,0.0543387051080577,0.062415,0.0618554080162101,0.068828,0.0181388742843407,0.026673,0.0238426315471748,0.030759,0.031592,59.7492,KiDS,0
KIDS_219.6_-2.5,KIDS_219p6_m2p5_r_SDSS.V1.3.0A_KiDS-1347_GAaP_Gaia.fits,0.0988599082808785,0.0284259475829488,0.1120999671625954,0.0287869475829488,0.1361635424873835,0.123931,0.1413191443078736,0.127953,0.0426062521444402,0.048126,0.0443302451092902,0.050697,0.0386526422122791,0.037835,0.0391807386611989,0.039982,0.0556324949230581,0.054828,0.0574857938571073,0.058246,0.050314,50.7362,KiDS,0
KIDS_17.1_-29.2,KIDS_17p1_m29p2_r_SDSS.V1.3.0A_KiDS-1347_GAaP_Gaia.fits,0.1723636852186073,-0.0497690014217753,0.182281609986992,-0.0503380014217753,-0.0946482399365268,-0.049216,-0.0906300313765505,-0.043839,0.0499001033604145,0.060371,0.0533494148403406,0.064178,0.0700928796554944,0.041096,0.0737027324246455,0.046229,0.0328978641662315,0.007569,0.0374415267496169,0.01014,0.019475,-85.7429,KiDS,0
KIDS_188.5_-3.5,KIDS_188p5_m3p5_r_SDSS.V1.3.0A_KiDS-1347_GAaP_Gaia.fits,0.1558260491133657,0.0618636579140908,0.1671642606667559,0.0657326579140908,-0.0155014354341504,-0.04837,-0.0119898107726244,-0.042913,0.0336906046706953,0.033989,0.0367240432711662,0.0375,0.0573852944184903,0.05896,0.061487052150558,0.061765,0.030323893201268,0.030106,0.0339047796935282,0.035047,0.032978,59.1199,KiDS,0
KIDS_211.6_-2.5,KIDS_211p6_m2p5_r_SDSS.V1.3.0A_KiDS-1347_GAaP_Gaia.fits,0.1476904737493025,0.0489937876089212,0.1476791515146307,0.0490207876089212,0.1270318622337186,0.116652,0.1294218507930774,0.119415,0.0350713329440953,0.041426,0.0376434233884822,0.044484,-0.1099232853581114,-0.104349,-0.1070784496678487,-0.101681,0.0211176865470064,0.024368,0.0243682307602279,0.026924,0.056046,55.3249,KiDS,0
KIDS_135.0_1.5,KIDS_135p0_1p5_r_SDSS.V1.3.0A_KiDS-1347_GAaP_Gaia.fits,0.0010415657180901,-0.0682084013993853,0.0155037250058835,-0.0678574013993853,0.0539681750349493,0.043149,0.0583102574230724,0.044043,0.1280886142972855,0.136766,0.1297662763268774,0.13813,0.0760914002661315,0.084281,0.0764231677634776,0.085498,-0.0656012442982856,-0.056605,-0.0645407616265718,-0.055413,0.042425,29.0081,KiDS,0
KIDS_186.0_-1.5,KIDS_186p0_m1p5_r_SDSS.V1.3.0A_KiDS-1347_GAaP_Gaia.fits,0.0982841572365564,0.0477156355959931,0.1045125016582039,0.0496686355959931,0.0202689490443037,0.015498,0.0228415249607493,0.021103,-0.0352907596332551,-0.03132,-0.0316373753065967,-0.028026,0.0586664033747689,0.051516,0.064758255430598,0.056918,0.0557547776237696,0.054126,0.0627201483949097,0.059905,0.022172,60.617,KiDS,0
KIDS_197.5_2.5,KIDS_197p5_2p5_r_SDSS.V1.3.0A_KiDS-1347_GAaP_Gaia.fits,0.0231187737473751,-0.0906702966772982,0.0281900111662594,-0.0908622966772982,0.0594185189301882,0.043074,0.0669606339253465,0.046864,0.0084865587123333,0.011268,0.0143368123052956,0.016121,-0.0305081774127253,-0.035135,-0.0247110020918306,-0.029403,0.01974796996446,0.016501,0.0255355618503213,0.021362,0.025184,64.9364,KiDS,0
KIDS_36.8_-33.1,KIDS_36p8_m33p1_r_SDSS.V1.3.0A_KiDS-1347_GAaP_Gaia.fits,0.0525660623989663,-0.0074001535728252,0.0471292608646044,-0.0063251535728252,0.0018158033358536,0.020562,0.003588167587691,0.025385,-0.0413879525190323,-0.021531,-0.0388564931871981,-0.01876,0.03362349166355,0.035812,0.0366802102831021,0.037696,-0.0609828018956502,-0.057,-0.0579306229453573,-0.056586,0.015836,-68.4198,KiDS,0
KIDS_183.5_2.5,KIDS_183p5_2p5_r_SDSS.V1.3.0A_KiDS-1347_GAaP_Gaia.fits,-0.050166723578328,-0.092322099170819,-0.0398127817276861,-0.091482099170819,-0.0367172808359991,-0.021893,-0.0311495005786447,-0.018106,0.0400186810564809,0.042001,0.0430157897035222,0.046172,0.050096778833227,0.034512,0.0530390275442456,0.039562,0.0862576888818895,0.075407,0.0916258111504048,0.079036,0.019424,63.784,KiDS,0
KIDS_192.0_-1.5,KIDS_192p0_m1p5_r_SDSS.V1.3.0A_KiDS-1347_GAaP_Gaia.fits,-0.0721153272102001,-0.1184096458250019,-0.0687989592977955,-0.1214776458250019,-0.1263832729884448,-0.132316,-0.1227824537917192,-0.129261,0.0651507342984794,0.068007,0.0686132855572575,0.070237,0.0579226411711569,0.051878,0.061636059199283,0.055459,0.087430638233934,0.08231,0.0913179057503419,0.085297,0.021854,61.3569,KiDS,0
KIDS_39.5_-28.2,KIDS_39p5_m28p2_r_SDSS.V1.3.0A_KiDS-1347_GAaP_Gaia.fits,0.1419367526414782,-0.0657890289312788,0.1468211080161999,-0.0656100289312788,0.0307340838806551,0.045399,0.0355141176081037,0.048361,-0.0113200708674656,0.009036,-0.0084183857104131,0.01377,0.0412290660175284,0.043265,0.0439677470604338,0.044249,0.0748941432640054,0.0718,0.0753604145819289,0.074588,0.012977,-66.4413,KiDS,0
KIDS_225.6_2.5,KIDS_225p6_2p5_r_SDSS.V1.3.0A_KiDS-1347_GAaP_Gaia.fits,0.1606648540957148,0.0843106571663475,0.151937101518114,0.0861286571663475,-0.0141506997826966,-0.02637,-0.0135695566900693,-0.022168,0.0015241421776868,0.006789,0.0057183215595562,0.009115,0.0832901501539305,0.087084,0.0889022788372228,0.090255,0.0334355648282307,0.036302,0.0386881472930377,0.039887,0.045092,50.1201,KiDS,0
KIDS_352.9_-33.1,KIDS_352p9_m33p1_r_SDSS.V1.3.0A_KiDS-1347_GAaP_Gaia.fits,0.102580218299864,0.0410929447604161,0.113871853800508,0.0410929447604161,0.0414071401878726,0.051289,0.0445078764358038,0.054814,0.0331342346897619,0.042432,0.0357945541564955,0.045272,0.0585583762945883,0.054997,0.0625527665139892,0.05812,0.1193023461127205,0.116002,0.1226737063259946,0.119946,0.013296,-71.7316,KiDS,0
KIDS_12.0_-34.1,KIDS_12p0_m34p1_r_SDSS.V1.3.0A_KiDS-1347_GAaP_Gaia.fits,-0.0013933400733118,-0.1156895163846589,0.0229071570191066,-0.112894516384659,-0.0251978291803595,0.0212,-0.0187692836296142,0.022996,-0.0900808171456425,-0.0779,-0.0876369306198818,-0.075726,0.0690626389619418,0.03743,0.0686671108245668,0.040846,0.0475223976904183,0.022405,0.0489900858339745,0.026098,0.013106,-82.9555,KiDS,0
KIDS_48.5_-28.2,KIDS_48p5_m28p2_r_SDSS.V1.3.0A_KiDS-1347_GAaP_Gaia.fits,0.1314800598913081,-0.0129493109312217,0.143542861376145,-0.0114313109312216,-0.0729053593797989,-0.061146,-0.0685853108834978,-0.059468,0.1167968378340283,0.132469,0.1189407607108267,0.134299,0.041686255269623,0.040862,0.0428539475032686,0.042709,0.0347036581009509,0.028699,0.03524744297649,0.030679,0.015084,-58.5042,KiDS,0
KIDS_345.6_-34.1,KIDS_345p6_m34p1_r_SDSS.V1.3.0A_KiDS-1347_GAaP_Gaia.fits,0.1916714418918472,0.0889693601299464,0.1921914911074195,0.0914593601299464,0.054286853682975,0.041582,0.0560510130272313,0.043436,0.0161559842289729,0.023958,0.019203624636964,0.026823,0.0356151948822535,0.039069,0.0395322770130578,0.04215,0.0572231848335169,0.064458,0.061571393661523,0.066312,0.016461,-65.6128,KiDS,0
KIDS_164.0_-0.5,KIDS_164p0_m0p5_r_SDSS.V1.3.0A_KiDS-1347_GAaP_Gaia.fits,0.0467101621057939,-0.0415595733177958,0.0489045824091712,-0.0403585733177958,0.0285953015665981,0.025881,0.0301854947777926,0.030021,0.0075965100108939,0.016692,0.0106060862481683,0.018559,0.0384720363024137,0.035513,0.0403793202192119,0.039899,0.0673611131437328,0.072987,0.0745552886918156,0.077335,0.036992,50.8411,KiDS,0
KIDS_3.4_-28.2,KIDS_3p4_m28p2_r_SDSS.V1.3.0A_KiDS-1347_GAaP_Gaia.fits,0.1800373283763925,0.1023433732679692,0.1820855436461834,0.1037943732679692,-0.0580660364724152,-0.05319,-0.0573991221368282,-0.05056,0.0341566763667571,0.045916,0.0376141361753484,0.048128,0.0797622468787574,0.082114,0.0852848174175903,0.085015,0.0406253579776027,0.042662,0.0456475574736134,0.046484,0.015547,-81.5379,KiDS,0
KIDS_218.6_-2.5,KIDS_218p6_m2p5_r_SDSS.V1.3.0A_KiDS-1347_GAaP_Gaia.fits,0.1205200481699003,0.0357502902358204,0.1293585478995508,0.0351682902358204,0.0671481462603337,0.056893,0.0717812956571238,0.059814,0.0145216268345787,0.022125,0.0178777024561812,0.025236,-0.0087841497716564,0.00022,-0.0054881717364105,0.003954,0.0254137248875269,0.036868,0.0311798019072079,0.040478,0.050618,51.373,KiDS,0
KIDS_206.0_-1.5,KIDS_206p0_m1p5_r_SDSS.V1.3.0A_KiDS-1347_GAaP_Gaia.fits,-0.0247913339294496,-0.0365784878574372,-0.0095024959896311,-0.0353834878574371,-0.0743818546606034,-0.077941,-0.0665710513813631,-0.072005,0.0262185592648048,0.032918,0.0298450658969558,0.03446,0.0489384043640142,0.048083,0.0523186930560696,0.050851,0.0634636656379765,0.06014,0.0661951037817343,0.063282,0.030512,58.7159,KiDS,0
KIDS_338.6_-33.1,KIDS_338p6_m33p1_r_SDSS.V1.3.0A_KiDS-1347_GAaP_Gaia.fits,0.1963669428174777,0.0736599265040389,0.1881591927685539,0.0767179265040389,0.0090409287312074,-0.002633,0.0089273244151111,0.000671,0.0258579541815727,0.039405,0.0286111056518164,0.042551,0.0325767869735931,0.040375,0.0358786149946794,0.042923,0.0818859720893268,0.093693,0.0865578935952093,0.096171,0.010736,-59.9087,KiDS,0
KIDS_139.0_0.5,KIDS_139p0_0p5_r_SDSS.V1.3.0A_KiDS-1347_GAaP_Gaia.fits,0.0614585166940679,0.072446759188568,0.0695208964065869,0.074893759188568,-0.0691729321911694,-0.059441,-0.0673104918251144,-0.057255,0.0299565031740676,0.039378,0.0319895851465195,0.041779,0.0247346245319146,0.026755,0.027756934272128,0.028987,0.0702700080611507,0.069885,0.0737183173241563,0.071536,0.023916,31.9092,KiDS,0
KIDS_209.0_-1.5,KIDS_209p0_m1p5_r_SDSS.V1.3.0A_KiDS-1347_GAaP_Gaia.fits,0.0584456454870246,-0.0905136865894168,0.0559688415499807,-0.0913276865894168,0.072825721439489,0.040431,0.0744073315998926,0.042899,0.0356276183076863,0.038151,0.0383362368009857,0.041355,0.0135150708633175,0.018485,0.0175346225236946,0.020693,0.0252586833748412,0.031738,0.029628040197468,0.03508,0.043939,57.3991,KiDS,0
KIDS_14.3_-33.1,KIDS_14p3_m33p1_r_SDSS.V1.3.0A_KiDS-1347_GAaP_Gaia.fits,0.0816098641894236,-0.0254860145609588,0.0963700842144665,-0.0254860145609588,0.0393239237846038,0.053727,0.0437623540640345,0.056709,0.0541503058510418,0.064324,0.0572438799869688,0.066889,0.0158198844166636,0.019294,0.0195090775879881,0.021739,0.0477269312809014,0.048784,0.0504893676243012,0.052303,0.017576,-83.7151,KiDS,0
KIDS_31.9_-29.2,KIDS_31p9_m29p2_r_SDSS.V1.3.0A_KiDS-1347_GAaP_Gaia.fits,0.1314463633052121,-0.0430490426535879,0.1351145836995672,-0.0430490426535879,-0.15414052318879,-0.128646,-0.150532657643388,-0.125394,-0.0001599766988208,0.015331,0.0029251889914082,0.017452,0.0725050944044611,0.064623,0.0750538820033576,0.066606,0.0724689749583811,0.068038,0.0779337618196066,0.071302,0.011303,-73.1,KiDS,0
KIDS_6.1_-35.1,KIDS_6p1_m35p1_r_SDSS.V1.3.0A_KiDS-1347_GAaP_Gaia.fits,0.2536609083816074,0.0694095648379175,0.2962773377102028,0.0698005648379175,0.0776073576284992,0.06122,0.0805816015904066,0.065576,-0.0039453717825383,0.008817,-0.0003145493573905,0.011598,0.048569237716917,0.056457,0.0549012633223104,0.060174,0.0373631236740537,0.046574,0.0456244476658333,0.051037,0.009887,-80.1334,KiDS,0
KIDS_202.0_-0.5,KIDS_202p0_m0p5_r_SDSS.V1.3.0A_KiDS-1347_GAaP_Gaia.fits,0.246315226619646,0.1812698001435892,0.2626002057493787,0.1813358001435892,-0.0162351647173381,-0.033653,-0.0119826245507926,-0.029934,0.0189272767467528,0.025922,0.024800186464335,0.030815,0.0691702712825283,0.069782,0.0742374800971013,0.075658,0.0727177699771071,0.073293,0.0786905069962277,0.078526,0.022184,61.0062,KiDS,0
KIDS_30.9_-33.1,KIDS_30p9_m33p1_r_SDSS.V1.3.0A_KiDS-1347_GAaP_Gaia.fits,0.1662610255629525,0.0256235980326626,0.1633957726809353,0.0272345980326626,0.0381910831210355,0.048947,0.0359832622922101,0.054106,-0.0415635587882063,-0.027085,-0.0398480956718158,-0.02464,0.0376634876524997,0.03184,0.0431276334466592,0.036105,-0.0699799082415013,-0.070254,-0.0672693905346623,-0.066897,0.014042,-73.3203,KiDS,0
KIDS_207.6_-2.5,KIDS_207p6_m2p5_r_SDSS.V1.3.0A_KiDS-1347_GAaP_Gaia.fits,-0.1514503452018413,-0.2084100363713244,-0.1494651819926754,-0.2043980363713244,0.0615913169150573,0.05997,0.0638043698751085,0.065079,0.0391980970360364,0.042442,0.0428477315335312,0.046009,0.0200506619643975,0.014775,0.0247843747441485,0.019413,0.0177179632630271,0.015503,0.0223657535451395,0.020001,0.040779,57.1776,KiDS,0
KIDS_157.4_-3.5,KIDS_157p4_m3p5_r_SDSS.V1.3.0A_KiDS-1347_GAaP_Gaia.fits,-0.0125649405241742,-0.1230037158407567,-0.0115267711153742,-0.1227947158407567,0.0963195261052,0.09196,0.0967093717964917,0.09383,0.0112441368960084,0.018768,0.0138708007417283,0.022272,0.0374236071615406,0.04022,0.0409005583074229,0.042326,-0.0838412320349045,-0.079322,-0.0801118109575828,-0.075814,0.036,44.1454,KiDS,0
KIDS_14.1_-32.1,KIDS_14p1_m32p1_r_SDSS.V1.3.0A_KiDS-1347_GAaP_Gaia.fits,0.1229201302452718,-0.0325959860019763,0.1125666568228473,-0.0335259860019763,0.040345753492682,0.058599,0.0417227909238238,0.061343,0.013125821983278,0.02975,0.0169841662107842,0.03149,0.0298788381950271,0.026101,0.0346963242443843,0.030134,0.0479128804740058,0.038549,0.0540189558391434,0.041107,0.016755,-84.8496,KiDS,0
KIDS_234.0_0.5,KIDS_234p0_0p5_r_SDSS.V1.3.0A_KiDS-1347_GAaP_Gaia.fits,-0.0589987318467601,-0.1453684475147642,-0.0596361186459082,-0.1451214475147642,0.0384433544394639,0.030283,0.0395857016664245,0.031659,0.0180519063928997,0.020655,0.0200066303625133,0.022296,0.0125992248330084,0.012412,0.0156004813181905,0.016142,0.0580130038312646,0.059647,0.0610425967252134,0.062211,0.064671,42.3776,KiDS,0
KIDS_348.6_-29.2,KIDS_348p6_m29p2_r_SDSS.V1.3.0A_KiDS-1347_GAaP_Gaia.fits,0.0858913069372425,-0.0859427920784849,0.0943554051867779,-0.0845997920784849,0.0533559940053811,0.030778,0.0555933153360489,0.035183,-0.0070112044369187,0.006894,-0.0035568355079801,0.00926,0.0356496415658933,0.045876,0.0393313039141698,0.050455,0.0451012915037014,0.055265,0.0489585949353577,0.058806,0.027756,-68.5416,KiDS,0
KIDS_20.5_-29.2,KIDS_20p5_m29p2_r_SDSS.V1.3.0A_KiDS-1347_GAaP_Gaia.fits,0.1714463559076954,-0.0214041460091481,0.1788906677783421,-0.0248051460091481,0.0113611248695835,0.0203,0.018467027869807,0.024531,0.0120236890892298,0.028248,0.0161056891208484,0.031106,0.037289990076162,0.036319,0.0415670706752486,0.042004,0.0346916648559149,0.032568,0.0402806840340177,0.035352,0.014896,-82.9477,KiDS,0
KIDS_338.1_-30.2,KIDS_338p1_m30p2_r_SDSS.V1.3.0A_KiDS-1347_GAaP_Gaia.fits,-0.1813641906985994,-0.1945507319761983,-0.1831786009968427,-0.1943497319761984,-0.0228030174988299,-0.006549,-0.0216717215193587,-0.004227,-0.0156829181006607,-0.005672,-0.0132566753832121,-0.002038,0.13908241949608,0.135694,0.1434511625186341,0.138497,0.0848676460677297,0.083423,0.0886384987762868,0.084952,0.013707,-59.4966,KiDS,0
KIDS_226.0_-0.5,KIDS_226p0_m0p5_r_SDSS.V1.3.0A_KiDS-1347_GAaP_Gaia.fits,0.0609752569392009,-0.023064072439714,0.0546634157399734,-0.022830072439714,0.0778113231719134,0.065491,0.0779906784458032,0.068296,0.0099924481491223,0.013066,0.0126622153136276,0.014821,0.0309873770609061,0.033293,0.035739408780364,0.036265,0.0568856069317308,0.061286,0.0624117343706756,0.064786,0.051029,47.8296,KiDS,0
KIDS_206.0_1.5,KIDS_206p0_1p5_r_SDSS.V1.3.0A_KiDS-1347_GAaP_Gaia.fits,0.0391580148487564,-0.0665623941336086,0.034899465581933,-0.0670043941336086,0.1003292392846954,0.082793,0.1011410870602119,0.08535,0.0316753933964793,0.039516,0.0342907242851998,0.0412,0.0173586800064452,0.025501,0.0204296774335098,0.027894,0.0547708242184724,0.063695,0.0594648215421554,0.065679,0.024225,61.4459,KiDS,0
KIDS_220.6_2.5,KIDS_220p6_2p5_r_SDSS.V1.3.0A_KiDS-1347_GAaP_Gaia.fits,0.1495568234857914,0.1148869884738545,0.1512690282663527,0.1178849884738544,0.0413281071046748,0.039253,0.044274294223589,0.04207,-6.508389703389795e-05,0.004541,0.0029185352760251,0.007694,0.0507215289979452,0.045665,0.0539599500833448,0.049504,0.0317818639162402,0.028075,0.0356766218348948,0.030906,0.034901,53.7605,KiDS,0
KIDS_202.6_-2.5,KIDS_202p6_m2p5_r_SDSS.V1.3.0A_KiDS-1347_GAaP_Gaia.fits,0.1530009840137171,0.0796938800354098,0.1697206481269341,0.0796938800354098,-0.050164957012762,-0.063162,-0.0424385287872451,-0.062599,-0.081386408832801,-0.075654,-0.0781083249876641,-0.072752,0.0495973120076818,0.052813,0.0511714117280693,0.055542,0.0384811776845151,0.045299,0.0408278449687387,0.046262,0.032227,58.9453,KiDS,0
KIDS_203.0_1.5,KIDS_203p0_1p5_r_SDSS.V1.3.0A_KiDS-1347_GAaP_Gaia.fits,-0.0218420098468171,-0.0834217939945538,-0.0168550411964525,-0.0834217939945538,0.0509503870343596,0.041459,0.0543995396256489,0.04477,0.0426454450935125,0.052913,0.0452370326966047,0.054482,0.011638583573907,0.01147,0.0137385943695284,0.014758,0.032195669822583,0.034252,0.0349993411647479,0.036995,0.021867,62.5847,KiDS,0
KIDS_349.7_-29.2,KIDS_349p7_m29p2_r_SDSS.V1.3.0A_KiDS-1347_GAaP_Gaia.fits,0.1528426398129292,0.0220550815594332,0.154764267913117,0.0239130815594331,0.0356947833240985,0.037117,0.0392957952049192,0.040581,-0.0143357725628673,-0.007651,-0.011377512891053,-0.004065,0.0534723658171741,0.052745,0.0583390525736203,0.056507,0.0388891509074301,0.0375,0.0425525848777844,0.039909,0.022029,-69.558,KiDS,0
KIDS_197.0_-0.5,KIDS_197p0_m0p5_r_SDSS.V1.3.0A_KiDS-1347_GAaP_Gaia.fits,0.2220051469458137,0.1203145378013435,0.2270886420388158,0.1212145378013435,0.0586103367902232,0.042783,0.0627452785666689,0.045835,0.0129367384643131,0.021272,0.0161210396068667,0.025155,0.0042607224312472,0.006898,0.0075314020336495,0.008813,0.0428081386139905,0.047133,0.0464291576899565,0.051073,0.017875,62.0881,KiDS,0
KIDS_28.0_-27.2,KIDS_28p0_m27p2_r_SDSS.V1.3.0A_KiDS-1347_GAaP_Gaia.fits,0.1319728566364199,0.0534040546868733,0.1346623842631586,0.0534260546868733,0.0175180913544886,0.058796,0.0212330174125184,0.062006,0.0384806324949465,0.052319,0.0410698991229324,0.055112,0.0756418420039426,0.061371,0.0789421798129992,0.064297,-0.0563601382217011,-0.076467,-0.0542735117093229,-0.07463,0.012927,-76.5201,KiDS,0
KIDS_219.0_-1.5,KIDS_219p0_m1p5_r_SDSS.V1.3.0A_KiDS-1347_GAaP_Gaia.fits,0.1330399776828676,0.0817930299782514,0.1316958512725914,0.0814320299782514,0.0483443969847302,0.04276,0.0489763971822503,0.044441,0.0323088934731799,0.037014,0.0348725225548497,0.040168,0.0518672939499197,0.052786,0.0551643142798684,0.056317,0.0357953251081095,0.032549,0.0395940104183045,0.035355,0.034778,51.8938,KiDS,0
KIDS_349.8_-28.2,KIDS_349p8_m28p2_r_SDSS.V1.3.0A_KiDS-1347_GAaP_Gaia.fits,0.1062602452733922,0.0544454629710636,0.130780976108458,0.0575924629710636,0.0125645152278104,0.016567,0.0178285357427854,0.019924,0.026069984176369,0.032985,0.0292587173162242,0.036564,0.0434135551116439,0.039159,0.0458447047175391,0.042934,0.0446002684719887,0.044911,0.0476437035858242,0.047465,0.019589,-69.6302,KiDS,0
KIDS_158.0_1.5,KIDS_158p0_1p5_r_SDSS.V1.3.0A_KiDS-1347_GAaP_Gaia.fits,0.0287229623768079,-0.0404275452007155,0.0421924791629182,-0.0420345452007155,-0.0243061276398047,-0.023469,-0.0205890009677531,-0.020613,-0.060947808345133,-0.04578,-0.0583455498803088,-0.04458,0.0546185191506437,0.05975,0.0565387136324729,0.06242,0.0548109932449515,0.060686,0.0587521864024162,0.064169,0.039099,47.9064,KiDS,0
KIDS_168.5_3.5,KIDS_168p5_3p5_r_SDSS.V1.3.0A_KiDS-1347_GAaP_Gaia.fits,-0.0323242903793694,-0.1372122089950644,-0.0466818200902063,-0.1372122089950644,0.0166253102398863,0.013443,0.0161016697768717,0.020491,0.0014439994594029,0.006921,0.0051761468201854,0.010268,0.043717935158541,0.039887,0.0494181505166127,0.045841,-0.0027548228703517,-0.0039,0.0020856136104611,-2.7e-05,0.036625,56.811,KiDS,0
KIDS_202.6_2.5,KIDS_202p6_2p5_r_SDSS.V1.3.0A_KiDS-1347_GAaP_Gaia.fits,0.0144828567323716,-0.0748075080863371,0.0210456560118056,-0.0725285080863371,0.0410420952193589,0.031721,0.0448414109334641,0.034321,0.0396243140154158,0.043955,0.0426051829240337,0.046305,-0.0406150295505217,-0.040699,-0.0377136913378065,-0.038202,-0.0638689157050381,-0.0651,-0.0609578741233057,-0.062529,0.023092,63.6598,KiDS,0
KIDS_354.0_-34.1,KIDS_354p0_m34p1_r_SDSS.V1.3.0A_KiDS-1347_GAaP_Gaia.fits,0.0656416754260459,0.0207205710602397,0.0688894586474948,0.0209435710602397,0.0197186515626814,0.050267,0.0219851924628537,0.052306,0.015267862295882,0.030031,0.0175371010017584,0.032645,0.0082655854486977,0.003439,0.0116724905694089,0.006276,-0.0384289817485045,-0.044832,-0.0361415963141926,-0.042681,0.011047,-72.3606,KiDS,0
KIDS_339.8_-27.2,KIDS_339p8_m27p2_r_SDSS.V1.3.0A_KiDS-1347_GAaP_Gaia.fits,0.0932914149035094,0.0410376428602491,0.0996609619742807,0.0440546428602491,0.0470817096801769,0.044627,0.0494732549840885,0.047002,-0.0721846600436921,-0.05973,-0.0698130083590426,-0.057633,0.0362363940404929,0.042183,0.0386225387240027,0.044842,0.045282768362483,0.052029,0.0472467328836501,0.054201,0.017951,-60.6789,KiDS,0
KIDS_347.7_-27.2,KIDS_347p7_m27p2_r_SDSS.V1.3.0A_KiDS-1347_GAaP_Gaia.fits,0.0490158590957253,-0.1405671829675896,0.0536722825864575,-0.1398831829675896,0.0695161230514032,0.042586,0.0747907922460553,0.045846,-0.1147761212190618,-0.101594,-0.1102241186339835,-0.099351,0.0205710454390228,0.036227,0.0266145804507859,0.039556,0.0980916692905258,0.114424,0.1030490759269666,0.11664,0.032184,-67.6236,KiDS,0
KIDS_339.7_-28.2,KIDS_339p7_m28p2_r_SDSS.V1.3.0A_KiDS-1347_GAaP_Gaia.fits,-0.0209365900957277,-0.0855811440826269,-0.0188585792817967,-0.0845481440826269,0.0678620645214483,0.072013,0.0697782821168113,0.0737,0.0201479120571819,0.032499,0.0229624989520168,0.034812,0.1914957215083263,0.191731,0.1959576496615463,0.194958,0.0362737564339238,0.038364,0.0395699110965769,0.041003,0.01736,-60.68,KiDS,0
KIDS_200.0_-0.5,KIDS_200p0_m0p5_r_SDSS.V1.3.0A_KiDS-1347_GAaP_Gaia.fits,0.0520491253699089,-0.020857861531348,0.0660033638831943,-0.0220088615313479,0.0535316998384057,0.045471,0.0601722580311109,0.047973,-0.0579491371512816,-0.050417,-0.0549192573656331,-0.046484,0.0207065829907979,0.016687,0.0218885948792672,0.020366,0.0451618531909728,0.041838,0.0474749170991662,0.04599,0.02126,61.5187,KiDS,0
KIDS_174.0_-1.5,KIDS_174p0_m1p5_r_SDSS.V1.3.0A_KiDS-1347_GAaP_Gaia.fits,0.1298959610558925,0.0506900048240511,0.1371365234946356,0.0506900048240511,0.0088445222541182,-0.010963,0.0102642058961963,-0.006531,-0.0692772727527052,-0.065309,-0.0664854176843693,-0.059858,-0.0444121654535878,-0.043924,-0.040745497348743,-0.036809,0.0321619373891405,0.035062,0.0381865354631356,0.040598,0.020107,56.0896,KiDS,0
KIDS_8.3_-33.1,KIDS_8p3_m33p1_r_SDSS.V1.3.0A_KiDS-1347_GAaP_Gaia.fits,0.015961265178519,-0.1079037859125496,0.0299910966600259,-0.0975957859125496,-0.1761558629670745,-0.173762,-0.1734292374314998,-0.172413,-0.0851306359370122,-0.071971,-0.0817680027066915,-0.07051,0.034174629867613,0.035546,0.0380118941929575,0.037943,-0.0544553220218015,-0.052657,-0.0514589250358857,-0.052062,0.010601,-82.8037,KiDS,0
KIDS_204.6_-3.5,KIDS_204p6_m3p5_r_SDSS.V1.3.0A_KiDS-1347_GAaP_Gaia.fits,0.1238484963393502,0.0833912260891828,0.143394854913365,0.0826822260891828,0.0443262184261123,0.03907,0.0514902451474712,0.04267,-0.0046778223904361,0.002462,-0.0003593062354973,0.007741,0.0244819300171859,0.023695,0.0295235217473537,0.027549,0.0652991250437833,0.063966,0.0668790981885552,0.067691,0.030172,57.3807,KiDS,0
KIDS_140.0_-1.5,KIDS_140p0_m1p5_r_SDSS.V1.3.0A_KiDS-1347_GAaP_Gaia.fits,0.1175901159483362,0.0577566164835939,0.1314733027442499,0.0619146164835939,0.0382846025379027,0.039311,0.0423140820302658,0.042197,0.0344323889117049,0.045176,0.0372670777028561,0.04833,0.0445998704692729,0.04845,0.0468357406857618,0.051021,-0.1103835195390383,-0.10779,-0.1082217424844184,-0.105473,0.029178,31.6902,KiDS,0
KIDS_21.6_-34.1,KIDS_21p6_m34p1_r_SDSS.V1.3.0A_KiDS-1347_GAaP_Gaia.fits,0.2193697103913648,0.0632929364418006,0.2112968062467607,0.0632929364418006,0.0011344609983286,0.028928,0.002656499327903,0.030649,-0.0064447712081103,0.003474,-0.0036261000119934,0.005209,0.0701584317149409,0.056417,0.0736929421464204,0.060394,-0.0621271449242599,-0.075561,-0.0598241840938219,-0.071338,0.020032,-79.7338,KiDS,0
KIDS_34.2_-29.2,KIDS_34p2_m29p2_r_SDSS.V1.3.0A_KiDS-1347_GAaP_Gaia.fits,0.1405828089605232,-0.0461524784103343,0.1584685913297974,-0.0415564784103343,0.0181893293391834,0.034977,0.020043888745208,0.039817,0.0183615673721058,0.041827,0.0203908096974721,0.045068,0.0683910297008489,0.056783,0.0674024788101899,0.06043,-0.0800116063534155,-0.087127,-0.0774692514327141,-0.084506,0.015326,-71.1145,KiDS,0
KIDS_159.4_3.5,KIDS_159p4_3p5_r_SDSS.V1.3.0A_KiDS-1347_GAaP_Gaia.fits,0.0196647522608186,-0.1181499401835271,0.008295564085053,-0.1181499401835271,0.0267036888649135,0.016366,0.0269925575112674,0.018602,0.0015435320106048,0.007924,0.0063670748198708,0.013274,0.0417625826124268,0.043501,0.047935142094652,0.044728,0.0488005089081133,0.053771,0.0524749881153654,0.05678,0.034745,50.2744,KiDS,0
KIDS_17.0_-35.1,KIDS_17p0_m35p1_r_SDSS.V1.3.0A_KiDS-1347_GAaP_Gaia.fits,-0.0530319642294808,-0.1021352990305441,-0.0621541086608048,-0.1032442990305441,0.0180934866991645,0.036104,0.018110099957307,0.03761,-0.0907236070812235,-0.080688,-0.0887527681183536,-0.077124,0.0602188178155756,0.055175,0.0626482151079379,0.057006,0.0475231120110295,0.038089,0.0487391966713772,0.041526,0.015596,-81.2412,KiDS,0
KIDS_38.0_-30.2,KIDS_38p0_m30p2_r_SDSS.V1.3.0A_KiDS-1347_GAaP_Gaia.fits,0.0647032533009631,-0.0229813653605027,0.0749010876736344,-0.0218453653605027,-0.0138889874038399,0.033285,-0.0120239271327577,0.036138,0.0160309431257209,0.044981,0.0188368631361145,0.047889,0.0386984741771906,0.04378,0.0421686780096472,0.046301,-0.0891622318137698,-0.085266,-0.0869884129489617,-0.081437,0.014569,-67.8204,KiDS,0
KIDS_346.5_-27.2,KIDS_346p5_m27p2_r_SDSS.V1.3.0A_KiDS-1347_GAaP_Gaia.fits,-0.3327199249662518,-0.4350777241233546,-0.3314490571902925,-0.4282577241233546,-0.1648504611270609,-0.178971,-0.1626945190959049,-0.178555,-0.1053335813668367,-0.097807,-0.1023838100072435,-0.095783,0.1482892864242907,0.148291,0.1518091510863611,0.150817,0.0368211920425508,0.03998,0.0405558996842602,0.041949,0.023534,-66.6406,KiDS,0
KIDS_182.0_-0.5,KIDS_182p0_m0p5_r_SDSS.V1.3.0A_KiDS-1347_GAaP_Gaia.fits,0.1917246065566359,0.0786610999982148,0.2310764925689001,0.0785510999982148,0.0144757727545477,0.007018,0.0297323710829472,0.012297,0.0095714149037432,0.01586,0.0153519710336485,0.019951,-0.0207974067726115,-0.027078,-0.0197732977240651,-0.021556,0.0515062863070215,0.052031,0.0574694208332645,0.058107,0.017538,60.472,KiDS,0
KIDS_193.5_-2.5,KIDS_193p5_m2p5_r_SDSS.V1.3.0A_KiDS-1347_GAaP_Gaia.fits,-0.0325863581820862,-0.0634587724193505,-0.0163716695985947,-0.0633017724193505,0.0287061661072052,0.02926,0.0348186575599981,0.033066,-0.1230906793248442,-0.115426,-0.1196581233111867,-0.112614,0.0514438393355588,0.043793,0.0538791906120204,0.046454,0.0534243225643487,0.045859,0.0554101491330644,0.048866,0.017917,60.3909,KiDS,0
KIDS_158.0_-0.5,KIDS_158p0_m0p5_r_SDSS.V1.3.0A_KiDS-1347_GAaP_Gaia.fits,0.1774651442332372,-0.0742367244286405,0.1819994194477307,-0.0737557244286405,0.0198176681140221,-0.019685,0.0256205267131253,-0.016722,0.0035646540175773,0.015168,0.0083396486434109,0.017227,0.0383060083051692,0.060213,0.0433548462983913,0.064623,0.0408575462954053,0.061514,0.0475427870759067,0.066976,0.05659,46.58,KiDS,0
KIDS_34.1_-32.1,KIDS_34p1_m32p1_r_SDSS.V1.3.0A_KiDS-1347_GAaP_Gaia.fits,0.1830592258849481,0.030493631468415,0.1801552772081996,0.033140631468415,-0.0113489365683124,0.015231,-0.0130307648632596,0.020441,0.0587554816777289,0.070574,0.0613506871009499,0.075045,0.0705849998145065,0.049558,0.0730022452794203,0.053818,-0.051484625560158,-0.065568,-0.0459152834456563,-0.061464,0.017351,-70.8733,KiDS,0
KIDS_11.5_-30.2,KIDS_11p5_m30p2_r_SDSS.V1.3.0A_KiDS-1347_GAaP_Gaia.fits,0.0123555637387072,-0.0511632601892243,0.0293128172193844,-0.0507682601892243,0.0165456383655644,0.026601,0.0229423235770993,0.030102,-0.3579489870874943,-0.349891,-0.3520203603744014,-0.345907,0.0191518920196787,0.016404,0.0248472926573638,0.020809,0.0424303398807124,0.040154,0.0480890863110183,0.04602,0.018404,-86.7165,KiDS,0
KIDS_141.0_-0.5,KIDS_141p0_m0p5_r_SDSS.V1.3.0A_KiDS-1347_GAaP_Gaia.fits,0.0646980973923541,0.0517641323349619,0.0722397265162286,0.0517641323349619,0.0147396707487859,0.02764,0.0177759320654157,0.030319,0.0374982760367613,0.048095,0.0389178772851975,0.048985,0.0722681285766118,0.067311,0.0737115752420691,0.069523,0.0546368146610945,0.050336,0.0568195016356728,0.052769,0.025604,33.0369,KiDS,0
KIDS_223.0_0.5,KIDS_223p0_0p5_r_SDSS.V1.3.0A_KiDS-1347_GAaP_Gaia.fits,0.0515993430950071,-0.0672024295998171,0.0385344290758906,-0.0671424295998172,0.0718130172317171,0.054345,0.0701353244976804,0.056966,0.0081895673045449,0.015513,0.0117098717109205,0.018727,0.0561390584180125,0.061966,0.0621091650711024,0.06624,0.0110086621098974,0.017384,0.0171904416890638,0.02181,0.038982,50.6708,KiDS,0
KIDS_2.4_-34.1,KIDS_2p4_m34p1_r_SDSS.V1.3.0A_KiDS-1347_GAaP_Gaia.fits,0.1173087103736619,0.0070568595826489,0.1291047931968398,0.0076268595826489,-0.0473942052501307,-0.039218,-0.0445453250586424,-0.03715,0.02549974409397,0.042014,0.0274576739516728,0.043168,0.0495884010913741,0.054362,0.0512029187218773,0.056417,-0.0525270562760612,-0.04962,-0.0501102784147825,-0.046311,0.011152,-78.6025,KiDS,0
KIDS_36.0_-34.1,KIDS_36p0_m34p1_r_SDSS.V1.3.0A_KiDS-1347_GAaP_Gaia.fits,0.1247099369696419,-0.0471911532423836,0.1029732562850062,-0.0471911532423836,-0.0072250469891502,0.007832,-0.0073971354347796,0.010918,0.0204017486919086,0.041103,0.0232353530263816,0.044724,-0.0445048284534118,-0.039255,-0.0420191818276609,-0.03844,-0.0643832777391237,-0.055772,-0.0599380994932271,-0.053372,0.01589,-68.959,KiDS,0
KIDS_222.0_-0.5,KIDS_222p0_m0p5_r_SDSS.V1.3.0A_KiDS-1347_GAaP_Gaia.fits,0.077907763853233,0.0233898561131875,0.0825691718614618,0.0248218561131875,0.0575115969352132,0.04875,0.0600252269210708,0.050255,0.0040582000611456,0.011147,0.0072715734015092,0.013068,0.0359837062998037,0.038605,0.0389301268879533,0.041714,-0.0446281565799752,-0.042338,-0.0399149854025256,-0.03771,0.038334,50.6342,KiDS,0
KIDS_334.7_-30.2,KIDS_334p7_m30p2_r_SDSS.V1.3.0A_KiDS-1347_GAaP_Gaia.fits,-0.1689435696160789,-0.2473292540994861,-0.1680918556324145,-0.2465102540994861,-0.0085758562609417,-0.012586,-0.0073323268332036,-0.010649,-0.0544285227893656,-0.043143,-0.0526916321434866,-0.041739,0.027671846187165,0.0326,0.0304075975995408,0.034733,0.0499650846862929,0.056959,0.0532821107506217,0.059624,0.013038,-56.514,KiDS,0
KIDS_332.7_-33.1,KIDS_332p7_m33p1_r_SDSS.V1.3.0A_KiDS-1347_GAaP_Gaia.fits,0.1544864232362461,0.0734946399785276,0.1568007464210034,0.0731166399785276,0.0313166193970884,0.013896,0.0328401470260522,0.014754,0.0504982715471143,0.05763,0.0525616975426151,0.059666,0.0513487636491646,0.052524,0.0544849166710465,0.05464,-0.0333411678632188,-0.032758,-0.0294618198602898,-0.030214,0.019067,-54.9547,KiDS,0
KIDS_330.9_-31.2,KIDS_330p9_m31p2_r_SDSS.V1.3.0A_KiDS-1347_GAaP_Gaia.fits,0.2071757117674988,0.117544016545158,0.2059440720648034,0.122297016545158,0.0555252759387882,0.039309,0.0581119978409033,0.044185,0.0369959882794926,0.045215,0.0403772139614707,0.048087,0.0370957949148526,0.040535,0.0411661221892973,0.043203,0.0289779069829537,0.032304,0.033181881189472,0.035639,0.019561,-53.3236,KiDS,0
KIDS_178.5_2.5,KIDS_178p5_2p5_r_SDSS.V1.3.0A_KiDS-1347_GAaP_Gaia.fits,0.1787047224989502,0.1045229881006192,0.1779992277839175,0.1045969881006192,0.0648025277203907,0.067068,0.0686307261916972,0.070819,0.0026878256332475,0.013159,0.0073847175412802,0.018425,0.0637475103880489,0.066975,0.0701444409907038,0.070888,0.0628677802431651,0.065282,0.0690409041214231,0.072477,0.019937,61.7634,KiDS,0
KIDS_234.0_-0.5,KIDS_234p0_m0p5_r_SDSS.V1.3.0A_KiDS-1347_GAaP_Gaia.fits,0.1014025040224487,0.0590624956480311,0.1086808287199412,0.0616124956480311,0.0650181927867675,0.063083,0.0684509736543778,0.065536,0.0072071652491208,0.007227,0.0098083475084363,0.01001,0.0392099638361829,0.038932,0.0409492560438686,0.041562,0.0383161748536022,0.037693,0.0413921283232612,0.041446,0.090771,41.778,KiDS,0
KIDS_129.0_0.5,KIDS_129p0_0p5_r_SDSS.V1.3.0A_KiDS-1347_GAaP_Gaia.fits,0.0425875006544926,0.0688319421746165,0.0452009260907679,0.0698649421746165,0.0148079140598828,0.01185,0.0150395819442186,0.013868,0.0456181204718029,0.053278,0.0478957367570003,0.05462,0.0300999048715865,0.034361,0.033487266400786,0.036936,0.0377996333438066,0.040729,0.0411052980142465,0.042604,0.03695,23.3218,KiDS,0
KIDS_13.1_-33.1,KIDS_13p1_m33p1_r_SDSS.V1.3.0A_KiDS-1347_GAaP_Gaia.fits,-0.0392497247737183,-0.122662641650203,-0.0276740534033977,-0.122662641650203,0.0093266175609499,0.023842,0.0153077195180939,0.024351,0.0270383028279437,0.042233,0.03090567401591,0.046168,0.0245085658617896,0.024542,0.0274661160610729,0.025997,0.0902343078173911,0.089683,0.0934374510260531,0.093859,0.01626,-83.9691,KiDS,0
KIDS_355.4_-30.2,KIDS_355p4_m30p2_r_SDSS.V1.3.0A_KiDS-1347_GAaP_Gaia.fits,0.0434680511803944,0.0050643444400017,0.1110860916671225,0.0057453444400017,-0.1219186569365607,-0.108998,-0.1157706076266563,-0.107735,0.0448599398902325,0.054321,0.0470944874984043,0.057862,0.0820972242814278,0.072774,0.0811678274057582,0.076275,-0.2576315924526636,-0.264348,-0.2537305777651805,-0.260876,0.01277,-74.4003,KiDS,0
KIDS_347.1_-32.1,KIDS_347p1_m32p1_r_SDSS.V1.3.0A_KiDS-1347_GAaP_Gaia.fits,0.0925664447704069,0.0202600252501968,0.0968324921536691,0.0208950252501968,0.0643032417289839,0.064654,0.0657498221677375,0.066587,0.0229471455557069,0.031578,0.0255581663815012,0.03399,0.0495529054516477,0.047962,0.052694647404278,0.050505,-0.0415558862328861,-0.044474,-0.0377563239744888,-0.041674,0.014486,-67.0905,KiDS,0
KIDS_28.2_-28.2,KIDS_28p2_m28p2_r_SDSS.V1.3.0A_KiDS-1347_GAaP_Gaia.fits,0.2048973922857049,-0.0138396579592404,0.2296715191097475,-0.0137796579592404,-0.0170110800114325,0.027709,-0.011934856936688,0.028639,0.050571564352683,0.068781,0.0531968309452347,0.070204,0.0990536147326598,0.062327,0.1000752361616268,0.064775,-0.0444022842060554,-0.071168,-0.0425059832856741,-0.069424,0.012044,-76.3472,KiDS,0
KIDS_28.0_-35.1,KIDS_28p0_m35p1_r_SDSS.V1.3.0A_KiDS-1347_GAaP_Gaia.fits,0.0060021393023292,-0.0816655608766463,0.0073743749103087,-0.0796545608766463,-0.0837451183096397,-0.06493,-0.0807504716380226,-0.061839,0.0247723409824148,0.033821,0.0278013900723706,0.036319,0.066217961454886,0.063877,0.0686686307532762,0.065756,-0.0475640853874397,-0.053725,-0.0454998465623204,-0.050795,0.011777,-74.8047,KiDS,0
KIDS_351.0_-28.2,KIDS_351p0_m28p2_r_SDSS.V1.3.0A_KiDS-1347_GAaP_Gaia.fits,0.061205923295325,-0.0560389402618053,0.0567972188272141,-0.0530159402618053,0.0394457415176395,0.033674,0.0405113110628988,0.036924,-0.0066156677271406,0.000809,-0.0040888964695819,0.004385,0.0599725291901548,0.062604,0.0638568612242833,0.064039,0.0506355871204141,0.055684,0.0546622926377239,0.059139,0.018606,-70.6055,KiDS,0
KIDS_339.5_-29.2,KIDS_339p5_m29p2_r_SDSS.V1.3.0A_KiDS-1347_GAaP_Gaia.fits,0.0930920404489483,0.0762685317906334,0.0902548077895903,0.0771855317906334,0.0301687336857768,0.04669,0.0315309772373383,0.048447,0.0298347959234637,0.041508,0.0320178468605037,0.043069,0.039444573082657,0.037291,0.0430458194924231,0.039288,0.0472000040195432,0.045242,0.0511334981217373,0.046937,0.014811,-60.5905,KiDS,0
KIDS_38.7_-29.2,KIDS_38p7_m29p2_r_SDSS.V1.3.0A_KiDS-1347_GAaP_Gaia.fits,0.0034045162516664,-0.1880664642126597,0.0178945616980215,-0.1842054642126597,0.0237104845860377,0.042696,0.0311701371801714,0.044301,0.1182307189057865,0.135162,0.1225042629633549,0.137686,0.0655468610343452,0.056113,0.0675449776478242,0.05959,0.0376901394478145,0.033656,0.0410715869213951,0.038531,0.011549,-67.1427,KiDS,0
KIDS_167.5_2.5,KIDS_167p5_2p5_r_SDSS.V1.3.0A_KiDS-1347_GAaP_Gaia.fits,0.0363895710324373,-0.0893461592018379,0.0505498387351354,-0.0867091592018379,0.1424867919150215,0.130122,0.1491264182195616,0.132771,0.0253945244563769,0.033686,0.0282379982117021,0.035764,0.0364855113418789,0.044252,0.0384025742454042,0.046994,0.0213505210136872,0.028466,0.0234677223893004,0.032471,0.033735,55.379,KiDS,0
KIDS_194.5_3.5,KIDS_194p5_3p5_r_SDSS.V1.3.0A_KiDS-1347_GAaP_Gaia.fits,-0.05732468331183,-0.1014041171086902,-0.0436978567883329,-0.0989111171086902,0.0282774846271474,0.025777,0.0333294648153468,0.027953,0.023331310787929,0.028577,0.0266438807483973,0.032252,0.0480142153937267,0.04283,0.0503489747662061,0.045942,0.0292031020649591,0.023882,0.0320017104133906,0.02684,0.024197,66.286,KiDS,0
KIDS_349.6_-30.2,KIDS_349p6_m30p2_r_SDSS.V1.3.0A_KiDS-1347_GAaP_Gaia.fits,0.0832838190845342,0.0229617043832122,0.096336805876429,0.0248677043832122,0.0570429454185347,0.062081,0.0613636946418506,0.064472,0.0202434430795156,0.0271,0.0225819795617297,0.030535,0.0357457241558135,0.037015,0.0392406694846282,0.040883,0.0765264692502111,0.082344,0.079333418128114,0.085788,0.016109,-69.4204,KiDS,0
KIDS_165.5_-2.5,KIDS_165p5_m2p5_r_SDSS.V1.3.0A_KiDS-1347_GAaP_Gaia.fits,0.0528901740700933,-0.1234161835965292,0.0653093823836214,-0.1221551835965292,0.0404130352720113,0.020307,0.048124497468047,0.02367,0.0064465661480307,0.015099,0.010494408197872,0.019158,0.0398858897602884,0.050004,0.0435250333332144,0.053868,-0.1126203715252204,-0.101516,-0.1097857100361947,-0.097358,0.040826,50.3256,KiDS,0
KIDS_23.6_-27.2,KIDS_23p6_m27p2_r_SDSS.V1.3.0A_KiDS-1347_GAaP_Gaia.fits,0.1781814101592334,0.0160135954105868,0.1843187454450752,0.0172175954105868,0.0335332368278862,0.036146,0.0389199360476983,0.040567,0.0114529624105431,0.02133,0.016173303621438,0.025194,0.0182400226356581,0.015673,0.0227017125504065,0.019122,0.066371601501699,0.058552,0.0715826219646394,0.062364,0.013151,-80.4699,KiDS,0
KIDS_220.0_1.5,KIDS_220p0_1p5_r_SDSS.V1.3.0A_KiDS-1347_GAaP_Gaia.fits,-0.0414467079936962,-0.0292445241137437,-0.0375242242749713,-0.0283725241137437,0.0161678465852056,0.025118,0.0190750616363318,0.028039,0.0273117235282947,0.033449,0.0309186822711527,0.036418,0.052175148904032,0.045183,0.0556827561559762,0.047881,0.0386142292396751,0.030108,0.0424101921687591,0.032996,0.034246,53.4674,KiDS,0
KIDS_334.1_-32.1,KIDS_334p1_m32p1_r_SDSS.V1.3.0A_KiDS-1347_GAaP_Gaia.fits,0.1216184205407026,0.0508885395867856,0.1281135270006563,0.0521785395867856,0.0613199518493533,0.055533,0.0644725349899496,0.057049,-0.0470513241428175,-0.035913,-0.0447428196597034,-0.033908,0.0372698729793432,0.040729,0.0392756802563147,0.042325,0.052545472734893,0.055858,0.0552934397967156,0.058567,0.016396,-56.1273,KiDS,0
KIDS_2.2_-27.2,KIDS_2p2_m27p2_r_SDSS.V1.3.0A_KiDS-1347_GAaP_Gaia.fits,0.0125508373022154,-0.1114667357198353,0.0281866697058282,-0.1035787357198353,0.0538571197163436,0.055285,0.0571729166386945,0.058831,0.0106698879213956,0.023993,0.0153028884787827,0.031847,-0.043503249197084,-0.038189,-0.0385627354090428,-0.032473,0.0457711395869971,0.05219,0.0505055805769045,0.055183,0.015913,-80.558,KiDS,0
KIDS_194.0_-0.5,KIDS_194p0_m0p5_r_SDSS.V1.3.0A_KiDS-1347_GAaP_Gaia.fits,0.0111865006650513,-0.007330509477792,0.0223444974036477,-0.006625509477792,-0.1754293818990802,-0.156614,-0.1667191332985323,-0.150918,0.0106169540577574,0.016288,0.0158237674235991,0.022099,0.027810947436771,0.019583,0.0303354163992292,0.023575,0.055920368595747,0.050855,0.0628889298618419,0.056762,0.019496,62.3602,KiDS,0
KIDS_4.7_-31.2,KIDS_4p7_m31p2_r_SDSS.V1.3.0A_KiDS-1347_GAaP_Gaia.fits,0.0650065812252914,-0.0170048949210387,0.0830682609049139,-0.0148618949210387,0.036543143780607,0.061004,0.0406485079720869,0.062789,0.0194861835843345,0.03246,0.0212151181761979,0.034178,0.0521230957853369,0.047642,0.055204688803803,0.049824,0.147295795079255,0.151232,0.1468099513284311,0.153512,0.017062,-81.7849,KiDS,0
KIDS_20.7_-35.1,KIDS_20p7_m35p1_r_SDSS.V1.3.0A_KiDS-1347_GAaP_Gaia.fits,0.0585371956980292,-0.0653102097897033,0.0669581448939989,-0.0660322097897033,-0.1113725328330166,-0.06958,-0.1086718551995804,-0.067003,0.0196904941239757,0.031589,0.0237458047487871,0.034611,0.0708050603255045,0.06417,0.0756225087619839,0.066906,-0.0525461854187502,-0.069458,-0.0450132029132462,-0.064876,0.019677,-79.5556,KiDS,0
KIDS_341.0_-33.1,KIDS_341p0_m33p1_r_SDSS.V1.3.0A_KiDS-1347_GAaP_Gaia.fits,0.0108407926021083,0.001068596212677,0.0165814721968718,0.001152596212677,0.0390569980046604,0.054601,0.0406044449305801,0.05662,0.06416606651235,0.077597,0.0656258347528858,0.079466,0.0696215494276921,0.069177,0.0714448140565959,0.071693,0.0453219226598558,0.046397,0.0485079541577431,0.049096,0.011535,-61.91,KiDS,0
KIDS_170.0_1.5,KIDS_170p0_1p5_r_SDSS.V1.3.0A_KiDS-1347_GAaP_Gaia.fits,0.0609147995198301,-0.0425180617537327,0.0576949678086907,-0.0421090617537327,0.0434408155960472,0.042963,0.0452013303130612,0.045429,0.0203674114538752,0.027253,0.0255457087722957,0.029867,-0.0270574224181309,-0.025565,-0.0205694609214956,-0.023629,0.0314211331960069,0.031695,0.0388884632093088,0.037174,0.033455,56.3068,KiDS,0
KIDS_18.2_-35.1,KIDS_18p2_m35p1_r_SDSS.V1.3.0A_KiDS-1347_GAaP_Gaia.fits,0.0610811972255598,-0.0912419042460072,0.0444171112173872,-0.0912419042460072,-0.0783765362310494,-0.063085,-0.0777274847433756,-0.059809,0.0118589081791316,0.024917,0.0162346383235277,0.029015,0.0521265438925827,0.053077,0.0569961849431389,0.05644,-0.0788088510611341,-0.079034,-0.0742420919844243,-0.074632,0.017686,-80.7537,KiDS,0
KIDS_227.0_0.5,KIDS_227p0_0p5_r_SDSS.V1.3.0A_KiDS-1347_GAaP_Gaia.fits,0.1167002447375741,0.0457001383878015,0.1178113788621776,0.0480651383878015,0.0010373727018139,-0.009984,0.0039116010710337,-0.007248,-0.0408056787499594,-0.037373,-0.0383978335418392,-0.034917,0.0508980647034278,0.044298,0.0529545073009987,0.047344,-1.5651379839817e-05,0.003422,0.0036369420259085,0.005484,0.049859,47.7861,KiDS,0
KIDS_346.3_-29.2,KIDS_346p3_m29p2_r_SDSS.V1.3.0A_KiDS-1347_GAaP_Gaia.fits,0.0710895661334474,0.0450886814390996,0.0703258582633565,0.0454706814390996,0.0306627553468103,0.044286,0.0322900030320455,0.046971,0.0434408284323955,0.049949,0.0468607680080182,0.053296,0.0516179209949367,0.042067,0.0578689397700191,0.046018,0.1306203548193475,0.118956,0.136908050391827,0.126346,0.021921,-66.5543,KiDS,0
KIDS_130.0_-0.5,KIDS_130p0_m0p5_r_SDSS.V1.3.0A_KiDS-1347_GAaP_Gaia.fits,0.0479421181450559,0.0776962720365599,0.050267940357132,0.0784362720365599,0.0282810534415268,0.025731,0.0293150613451309,0.027997,0.0308600713882368,0.041641,0.0325182840866316,0.043258,0.072069272331234,0.07291,0.0738834841651604,0.07486,0.0404642880123637,0.04236,0.042838190690476,0.044816,0.027518,23.6939,KiDS,0
KIDS_173.5_-2.5,KIDS_173p5_m2p5_r_SDSS.V1.3.0A_KiDS-1347_GAaP_Gaia.fits,0.2123307015232765,0.071926589208388,0.2224640258242712,0.071893589208388,0.0662827632485384,0.04819,0.0717368789658858,0.052178,-0.0003450305558837,0.006245,0.0031022549433115,0.01067,0.054089312827688,0.054781,0.0571956153033291,0.060073,0.0896011141792766,0.09261,0.0936855582361615,0.096983,0.022382,54.9716,KiDS,0
KIDS_332.4_-30.2,KIDS_332p4_m30p2_r_SDSS.V1.3.0A_KiDS-1347_GAaP_Gaia.fits,0.0852404184915521,-0.0340634833890824,0.0814116705634805,-0.0342174833890825,-0.5076251428930738,-0.526114,-0.5068444906525267,-0.524424,0.1059063771464861,0.112738,0.1088432452004393,0.114756,0.0665694795570656,0.072864,0.0720386214125524,0.074393,0.0577984288995153,0.060532,0.0615093477862667,0.062249,0.015437,-54.5457,KiDS,0
KIDS_129.0_-1.5,KIDS_129p0_m1p5_r_SDSS.V1.3.0A_KiDS-1347_GAaP_Gaia.fits,0.0538442186550108,0.0743615620863892,0.0506697620523879,0.0745195620863892,0.0124311578717505,0.012288,0.0131847304589985,0.013846,0.0110740772961502,0.024494,0.0128545021795286,0.026154,0.0214208007071407,0.028337,0.0240450656184762,0.030367,-0.0416855281342426,-0.035882,-0.0391887048868338,-0.033911,0.026301,22.335,KiDS,0
KIDS_332.0_-31.2,KIDS_332p0_m31p2_r_SDSS.V1.3.0A_KiDS-1347_GAaP_Gaia.fits,0.1240474359666909,0.0682009292656446,0.1320779128953027,0.0687999292656446,0.0240702682335219,0.018963,0.0273937290552707,0.021049,0.0220528997118383,0.029252,0.0250175523749392,0.030685,0.0729477223434401,0.070224,0.0761005302636376,0.073015,-0.0465725361583708,-0.050713,-0.0422407919529748,-0.047877,0.014501,-54.3168,KiDS,0
KIDS_156.4_2.5,KIDS_156p4_2p5_r_SDSS.V1.3.0A_KiDS-1347_GAaP_Gaia.fits,0.3326689968866287,0.0583211522140404,0.3275726889887519,0.0558371522140404,-0.0277962163759739,-0.053563,-0.0222188529903837,-0.050779,0.0177035407459738,0.033832,0.0235962101732335,0.037886,0.0849944900956107,0.026022,0.0900599182452791,0.04,0.0132698285634285,0.028447,0.0193232429074344,0.030631,0.036199,47.3305,KiDS,0
KIDS_217.0_1.5,KIDS_217p0_1p5_r_SDSS.V1.3.0A_KiDS-1347_GAaP_Gaia.fits,0.1288733925846407,0.0487553714540046,0.1240763472062026,0.0487553714540046,0.0667488319939263,0.052972,0.0670729035511777,0.055625,0.0122840952065269,0.019913,0.0147276303700772,0.023408,0.0352586575026284,0.038083,0.0387794163408156,0.041535,0.023489193750861,0.026508,0.0277999944841446,0.029647,0.025972,55.4509,KiDS,0
KIDS_38.8_-32.1,KIDS_38p8_m32p1_r_SDSS.V1.3.0A_KiDS-1347_GAaP_Gaia.fits,0.1624025220168493,0.0136407564343986,0.1882628131322257,0.0141287564343986,0.0021445982637852,0.034186,0.0071479218862077,0.037916,0.0135231843031325,0.029876,0.0160495850634601,0.031231,0.0789379099518087,0.067621,0.0777274223072759,0.070675,0.0552834119712531,0.051137,0.058139404580162,0.054485,0.015691,-66.924,KiDS,0
KIDS_35.3_-32.1,KIDS_35p3_m32p1_r_SDSS.V1.3.0A_KiDS-1347_GAaP_Gaia.fits,0.1554586983716624,-0.0142421917280448,0.1556038754546065,-0.0142421917280448,0.0387484811105543,0.062673,0.0383070283642761,0.064523,0.0312451246895438,0.049978,0.0347704580054598,0.052836,0.0638515329504466,0.062097,0.0699547931696441,0.067924,0.0287936674561959,0.022196,0.0350864185172895,0.029074,0.015816,-69.9104,KiDS,0
KIDS_215.6_-3.5,KIDS_215p6_m3p5_r_SDSS.V1.3.0A_KiDS-1347_GAaP_Gaia.fits,0.1195695097815908,0.0822998992090839,0.1201898833646017,0.0824928992090839,0.0400943759796459,0.035137,0.0422018363801327,0.037316,0.0531098559671937,0.05702,0.0563621976633662,0.059876,0.0152102199996552,0.013597,0.0200309544212401,0.015885,0.0629869297681013,0.058996,0.0674454891203726,0.061435,0.048706,52.3451,KiDS,0
KIDS_174.5_-3.5,KIDS_174p5_m3p5_r_SDSS.V1.3.0A_KiDS-1347_GAaP_Gaia.fits,-0.0478985128077563,-0.108521661583678,-0.0383111651097852,-0.106818661583678,0.0548388090404994,0.042611,0.0608642597861971,0.047048,-0.099884141205575,-0.091794,-0.0955094076272797,-0.087171,0.0345417735220788,0.037972,0.0401684203490714,0.043948,-0.1472435613156915,-0.144216,-0.1435397451301101,-0.141072,0.027202,54.6495,KiDS,0
KIDS_218.6_-3.5,KIDS_218p6_m3p5_r_SDSS.V1.3.0A_KiDS-1347_GAaP_Gaia.fits,0.1423429226931425,0.0207460823436565,0.146218472364507,0.0218810823436565,0.0714368711711029,0.056327,0.0736470254893006,0.060403,-0.0048295079627122,0.000542,-0.0012798931124193,0.003761,0.0108469579334658,0.021664,0.0143739266430366,0.024854,0.0259302460567998,0.036921,0.0295345862070883,0.040247,0.077315,50.5871,KiDS,0
KIDS_228.0_1.5,KIDS_228p0_1p5_r_SDSS.V1.3.0A_KiDS-1347_GAaP_Gaia.fits,-0.1811004387735097,-0.2290471740510007,-0.1706516986808248,-0.2286841740510007,0.0184548345856538,0.014458,0.0231596114935331,0.017394,-0.0325256861348752,-0.029676,-0.0305854856222923,-0.027109,0.1163840176025979,0.111788,0.1171740663816093,0.114172,0.0565196870007107,0.052699,0.0585183600107211,0.055817,0.04097,47.68,KiDS,0
KIDS_188.0_0.5,KIDS_188p0_0p5_r_SDSS.V1.3.0A_KiDS-1347_GAaP_Gaia.fits,0.0518256594168125,-0.0077813023362268,0.058534663187723,-0.0066953023362268,-0.0197075239627671,-0.023561,-0.0172422690337672,-0.021285,0.0308141971284966,0.037992,0.0334106328598591,0.041078,0.0170606093667368,0.019554,0.0208815801923511,0.022949,0.0226952787238678,0.027927,0.0262568374651633,0.030909,0.019327,62.9643,KiDS,0
KIDS_19.5_-35.1,KIDS_19p5_m35p1_r_SDSS.V1.3.0A_KiDS-1347_GAaP_Gaia.fits,-0.0121838663547862,-0.0995514609538107,-0.013792629920462,-0.0992154609538107,-0.0709988023744365,-0.061216,-0.0690721321466097,-0.058546,0.031934539033609,0.043014,0.0339711448438789,0.044251,0.0538644999953133,0.057629,0.056921368624052,0.059861,0.0482127392191267,0.053052,0.0507099367775244,0.054527,0.01926,-80.1979,KiDS,0
KIDS_221.6_-3.5,KIDS_221p6_m3p5_r_SDSS.V1.3.0A_KiDS-1347_GAaP_Gaia.fits,0.0715513566155215,0.0086445008217317,0.0803772527231408,0.0090075008217317,-0.0540758863780791,-0.055573,-0.0504077599837517,-0.053122,0.0367409378591455,0.034772,0.0389347107383658,0.037624,0.0892767563804311,0.086549,0.0908246767928344,0.089123,0.0564166216047114,0.05413,0.0583566899312502,0.057014,0.082316,48.6896,KiDS,0
KIDS_157.0_1.5,KIDS_157p0_1p5_r_SDSS.V1.3.0A_KiDS-1347_GAaP_Gaia.fits,0.0865115256112035,-0.0508909648069122,0.1027407694322725,-0.0499519648069122,0.0048201149294472,-0.011519,0.0092087833526218,-0.009354,0.0396004796606922,0.050541,0.0429602724334584,0.053847,0.0178794678670812,0.033106,0.0214462951346028,0.036628,-0.0580535799061873,-0.045795,-0.0537007159803091,-0.042284,0.040019,47.1301,KiDS,0
KIDS_41.5_-27.2,KIDS_41p5_m27p2_r_SDSS.V1.3.0A_KiDS-1347_GAaP_Gaia.fits,0.1675747823667429,0.063011797234371,0.1714884581335963,0.063306797234371,0.0043456565266759,0.031591,0.0076073083959789,0.032769,-0.1114489717838984,-0.088563,-0.1085545614138747,-0.086541,0.0253763769308656,0.038852,0.0270488994128869,0.040936,-0.081915244050389,-0.070069,-0.0802372538552816,-0.067622,0.013193,-64.5612,KiDS,0
KIDS_18.8_-32.1,KIDS_18p8_m32p1_r_SDSS.V1.3.0A_KiDS-1347_GAaP_Gaia.fits,0.2281139132186969,-0.0351805808269161,0.2502779178198941,-0.0353575808269161,0.0127262067894117,0.025917,0.0195659940421559,0.031052,0.0045851565450899,0.020723,0.0086728450911449,0.023871,0.0128437878080093,-0.000827,0.0169192187643117,0.004475,0.056721948996995,0.043701,0.0602328471294868,0.047633,0.022778,-82.7657,KiDS,0
KIDS_50.8_-28.2,KIDS_50p8_m28p2_r_SDSS.V1.3.0A_KiDS-1347_GAaP_Gaia.fits,0.1585010062482358,-0.0579791198891229,0.1709049705006469,-0.0572261198891229,0.0291329538398262,0.029924,0.0341418693561791,0.034358,0.0444881058242719,0.06262,0.0470727056897604,0.06391,0.3795925585311776,0.385602,0.3812840983320995,0.391571,0.0768340923343377,0.080121,0.0780201622387854,0.083163,0.01404,-56.5559,KiDS,0
KIDS_191.0_0.5,KIDS_191p0_0p5_r_SDSS.V1.3.0A_KiDS-1347_GAaP_Gaia.fits,0.0178144162063883,-0.0512631819475406,0.0249561226413037,-0.0509001819475406,0.047161344166008,0.037546,0.0502342522600265,0.042435,0.0220271536916017,0.02369,0.0244192030710431,0.026617,0.0194395675020661,0.010048,0.0207106971909916,0.014263,0.0531482988736528,0.040539,0.0558582564664396,0.044365,0.016258,63.315,KiDS,0
KIDS_334.0_-28.2,KIDS_334p0_m28p2_r_SDSS.V1.3.0A_KiDS-1347_GAaP_Gaia.fits,-0.0268797110660347,-0.0705294633398561,-0.0161646962953601,-0.0699324633398561,0.0713154686268149,0.063769,0.0757895001566587,0.066281,0.0978145815235521,0.107538,0.1014222801966605,0.110895,0.0476343019927904,0.051306,0.051236606879277,0.054915,0.0410748150068256,0.042482,0.0447673658960576,0.044623,0.014433,-55.7546,KiDS,0
KIDS_193.5_3.5,KIDS_193p5_3p5_r_SDSS.V1.3.0A_KiDS-1347_GAaP_Gaia.fits,-0.0611417349974239,-0.1600280260439791,-0.0583245940783713,-0.1598980260439791,0.0141702997249174,0.001418,0.018568992951321,0.005788,0.0198774233855539,0.023609,0.0252125924170002,0.028106,0.0542533473600353,0.058214,0.0611609861690564,0.064278,0.062671952647939,0.057002,0.0679195022252206,0.061118,0.027609,66.3572,KiDS,0
KIDS_345.4_-27.2,KIDS_345p4_m27p2_r_SDSS.V1.3.0A_KiDS-1347_GAaP_Gaia.fits,0.0777610690809096,0.0539782856967173,0.0869672370309325,0.0533412856967173,-0.0573560567173807,-0.050459,-0.0535577974431863,-0.048395,0.0355623500699358,0.044457,0.0386588507287633,0.047327,0.012222297169134,0.012906,0.0149559771863226,0.014756,0.06198272779286,0.061276,0.064987756218936,0.063129,0.023215,-65.6333,KiDS,0
KIDS_162.5_3.5,KIDS_162p5_3p5_r_SDSS.V1.3.0A_KiDS-1347_GAaP_Gaia.fits,0.0122237397716279,-0.1060467972315354,0.0443711860434015,-0.1055647972315354,0.0721449708298524,0.066673,0.0800893110948906,0.070153,0.0090175799265251,0.017463,0.0122107471208959,0.021197,0.1616325422568084,0.165531,0.163985789290032,0.169937,0.0232857734705213,0.026012,0.025005564660808,0.028884,0.037203,52.5465,KiDS,0
KIDS_21.3_-27.2,KIDS_21p3_m27p2_r_SDSS.V1.3.0A_KiDS-1347_GAaP_Gaia.fits,0.0520253403321872,-0.1421182345734286,0.0532225380769837,-0.1421182345734286,0.021054193378033,0.038866,0.023709814437358,0.040658,-0.1088610899114219,-0.096495,-0.1060894632068198,-0.09427,0.0459479559019083,0.041106,0.048773541148713,0.043298,-0.064024291711828,-0.07496,-0.0610860850807795,-0.072673,0.012206,-82.4902,KiDS,0
KIDS_30.5_-28.2,KIDS_30p5_m28p2_r_SDSS.V1.3.0A_KiDS-1347_GAaP_Gaia.fits,-0.0022658351012495,-0.0667579510424566,0.0213699545788408,-0.0619139510424566,-0.1175976593344581,-0.089105,-0.1174665682774511,-0.08669,-0.074645303899722,-0.065145,-0.0728476433689952,-0.062341,0.0578285088684441,0.044477,0.0627356395785585,0.047211,0.0753836304232944,0.062187,0.0795950925789491,0.06653,0.012011,-74.3705,KiDS,0
KIDS_337.6_-32.1,KIDS_337p6_m32p1_r_SDSS.V1.3.0A_KiDS-1347_GAaP_Gaia.fits,0.0517730899230986,0.0317406295490462,0.0388226768724946,0.0322436295490462,0.0277842081380445,0.042544,0.0279525601952099,0.045514,0.0096231709573611,0.024569,0.0132993448813079,0.027561,0.0449013452765225,0.043017,0.0511989244302266,0.046585,0.0465473822238545,0.047187,0.0538872558226392,0.051994,0.011654,-59.0814,KiDS,0
KIDS_177.5_-2.5,KIDS_177p5_m2p5_r_SDSS.V1.3.0A_KiDS-1347_GAaP_Gaia.fits,-0.0367558053747465,-0.0629405492174072,-0.036522130916408,-0.0626605492174072,-0.044893561201664,-0.042301,-0.0431638955377007,-0.037576,0.0290613002355818,0.039856,0.0328075756633744,0.043805,0.0411332148299734,0.039947,0.045624626095135,0.043174,0.0549497658214718,0.054008,0.0600320877063285,0.058748,0.016789,56.8886,KiDS,0
KIDS_12.8_-31.2,KIDS_12p8_m31p2_r_SDSS.V1.3.0A_KiDS-1347_GAaP_Gaia.fits,-0.085529806135176,-0.119358858212008,-0.0856031156637921,-0.119381858212008,-0.0800525762621634,-0.057646,-0.0766949836381401,-0.05611,0.0186415034053771,0.033228,0.0222071615965249,0.037204,0.041770972136649,0.036651,0.0456596970914731,0.039909,0.1036246534967651,0.099702,0.1061498780169016,0.101249,0.015512,-85.9759,KiDS,0
KIDS_23.9_-29.2,KIDS_23p9_m29p2_r_SDSS.V1.3.0A_KiDS-1347_GAaP_Gaia.fits,0.0334332117270694,-0.1223089630039058,0.0417809051159834,-0.1241379630039058,-0.0057270432762379,0.011386,-0.0025758473914674,0.017589,0.0247840439282379,0.03341,0.0281190278266013,0.040876,0.0203476000016583,0.011634,0.0261382987844966,0.020681,-0.0818073202732923,-0.089962,-0.077729771331699,-0.086866,0.014233,-80.04,KiDS,0
KIDS_182.0_-1.5,KIDS_182p0_m1p5_r_SDSS.V1.3.0A_KiDS-1347_GAaP_Gaia.fits,0.1366290025063308,-0.0215766646655897,0.1337047882336235,-0.0197356646655897,0.0272140949258795,0.025202,0.030947314402691,0.026797,0.002210073576697,0.007577,0.0071272925319037,0.012193,0.0612585890500352,0.053269,0.0668438442165241,0.055974,0.0722277863119739,0.065501,0.0778952136796066,0.06914,0.018889,59.5265,KiDS,0
KIDS_349.1_-35.1,KIDS_349p1_m35p1_r_SDSS.V1.3.0A_KiDS-1347_GAaP_Gaia.fits,0.1176470567714655,0.0773222238170554,0.1179606950269259,0.0781042238170554,-0.3938215735548167,-0.387119,-0.3916173571255198,-0.387828,-0.0869449013469289,-0.075466,-0.0850718459634242,-0.072214,0.0541737358394859,0.051935,0.0574956186155452,0.055464,0.0688915650444975,0.063779,0.0707807894059772,0.067578,0.015067,-68.1905,KiDS,0
KIDS_343.2_-27.2,KIDS_343p2_m27p2_r_SDSS.V1.3.0A_KiDS-1347_GAaP_Gaia.fits,0.0995246423775656,0.0501571552316568,0.0939969743718307,0.0511621552316568,0.0233831717880128,0.032562,0.0238050576167435,0.034855,0.0085913567060616,0.019457,0.0111030302783459,0.021869,0.0690137940041291,0.067887,0.0715437274377369,0.069597,0.0393768732684685,0.038915,0.0419572343970456,0.041038,0.0229,-63.6496,KiDS,0
KIDS_227.0_1.5,KIDS_227p0_1p5_r_SDSS.V1.3.0A_KiDS-1347_GAaP_Gaia.fits,0.0831735528813718,0.0082118363769383,0.0857858963515918,0.0084258363769383,-0.0020034762431352,-0.015091,0.0001597015302426,-0.012735,-0.0340973309827438,-0.028117,-0.0324747260273289,-0.026547,0.0884309852983123,0.09197,0.0899695232213233,0.094514,0.0283658297096268,0.032227,0.030949302046404,0.035249,0.046035,48.4366,KiDS,0
KIDS_346.0_-31.2,KIDS_346p0_m31p2_r_SDSS.V1.3.0A_KiDS-1347_GAaP_Gaia.fits,0.0746963972482368,0.0319581315567308,0.0927426209731635,0.0317431315567308,0.0285344905460235,0.03521,0.0350192790595867,0.036341,0.0302785376273085,0.035027,0.0325176544140136,0.038894,0.033366779786365,0.028874,0.0351284693136372,0.031389,0.0532987445926912,0.048204,0.0545346074416558,0.051391,0.020174,-66.2682,KiDS,0
KIDS_207.6_3.5,KIDS_207p6_3p5_r_SDSS.V1.3.0A_KiDS-1347_GAaP_Gaia.fits,0.0043425294645823,-0.108258753788026,0.0023330854969268,-0.107189753788026,0.0722255149887462,0.054561,0.0725742423893579,0.05738,0.0024716388246753,0.006074,0.0066846356707253,0.009933,0.044306445853545,0.045155,0.050267897916301,0.047459,0.0334146725139257,0.035075,0.0398648791295125,0.038219,0.022567,62.479,KiDS,0
KIDS_141.4_2.5,KIDS_141p4_2p5_r_SDSS.V1.3.0A_KiDS-1347_GAaP_Gaia.fits,0.2565597339115735,0.1461269770158947,0.2647509131124563,0.1487709770158947,0.0612292592513759,0.042674,0.0654761401860163,0.045917,0.0243859175696648,0.030791,0.0272751277837071,0.032602,0.0348729393313268,0.045173,0.0372155877918289,0.047919,0.0292966847947723,0.035951,0.0328514760301216,0.039754,0.045201,34.9944,KiDS,0
KIDS_347.6_-28.2,KIDS_347p6_m28p2_r_SDSS.V1.3.0A_KiDS-1347_GAaP_Gaia.fits,0.0230812516813377,-0.137221117748317,0.0342906412767425,-0.140175117748317,-0.0380644925844972,-0.061779,-0.0338583564783593,-0.05927,-0.0804471038281917,-0.068292,-0.077217236161232,-0.065423,-0.0133639118121926,0.004864,-0.0098457847509987,0.008086,0.0403563668220468,0.058383,0.0426132305165147,0.060443,0.036985,-67.6299,KiDS,0
KIDS_199.0_0.5,KIDS_199p0_0p5_r_SDSS.V1.3.0A_KiDS-1347_GAaP_Gaia.fits,0.1018756885713989,0.0341883370001592,0.0973450919538411,0.0356663370001592,0.0318201763846827,0.018897,0.034372337410241,0.024942,-0.0596625013717927,-0.055734,-0.0564857983257306,-0.051132,0.0501478845053994,0.045276,0.0548352335873798,0.050103,0.0266873676147435,0.019441,0.0311280970977274,0.025134,0.025562,62.7284,KiDS,0
KIDS_15.1_-31.2,KIDS_15p1_m31p2_r_SDSS.V1.3.0A_KiDS-1347_GAaP_Gaia.fits,0.0903323896089036,-0.0163262603050806,0.0898348380450526,-0.0157942603050806,0.0741407174733198,0.074193,0.0775038169535352,0.077066,0.0484187425811285,0.057359,0.0511259380495299,0.060076,0.0431119936142897,0.044622,0.0441002055902277,0.04692,0.0613182309166924,0.064517,0.0622923820936032,0.067396,0.019017,-85.488,KiDS,0
KIDS_341.8_-35.1,KIDS_341p8_m35p1_r_SDSS.V1.3.0A_KiDS-1347_GAaP_Gaia.fits,0.0094933280262466,-0.0107099529977946,0.0168891301939902,-0.0095259529977946,-0.0455619848576103,-0.035556,-0.0422622572144875,-0.035233,0.0626209519227446,0.071072,0.0653227756788861,0.073645,0.0628200136142653,0.062042,0.0676907321466309,0.064884,0.0507643896954777,0.043975,0.0530685587991195,0.048678,0.011765,-62.3094,KiDS,0
KIDS_22.4_-32.1,KIDS_22p4_m32p1_r_SDSS.V1.3.0A_KiDS-1347_GAaP_Gaia.fits,-0.0315849279703003,-0.1163336806632723,-0.0453223947609846,-0.1147126806632723,-0.1305553440135016,-0.116697,-0.1299095184410515,-0.113819,0.0384934563133084,0.045328,0.0429806226805174,0.048635,0.0866846529866216,0.087458,0.0925086990502029,0.090297,0.0481619382217776,0.049402,0.0550371224538484,0.051743,0.025757,-80.3213,KiDS,0
KIDS_188.0_-0.5,KIDS_188p0_m0p5_r_SDSS.V1.3.0A_KiDS-1347_GAaP_Gaia.fits,0.2606753321340666,0.1924737003837319,0.2827477822353395,0.1931757003837318,-0.0145445942987051,-0.027335,-0.0076211735816932,-0.024891,0.0272878345431083,0.034093,0.0312837988454375,0.038509,0.0178269697103932,0.016108,0.020716694636423,0.020071,0.0054074341269947,0.002048,0.0078538567020902,0.006967,0.020166,61.9725,KiDS,0
KIDS_229.0_-1.5,KIDS_229p0_m1p5_r_SDSS.V1.3.0A_KiDS-1347_GAaP_Gaia.fits,0.8164712129403917,-0.0134783939198167,3.12690575070906,-0.0130093939198167,0.1700433813978208,0.057366,0.0101467817687861,0.061119,0.0159557589994548,0.027271,-1.07183491493604,0.031717,0.0397268341378476,0.047234,-1.380454613897222,0.051001,-0.1035885200529171,-0.091236,-1.529445463804372,-0.087926,0.121782,44.9564,KiDS,2
KIDS_333.2_-35.1,KIDS_333p2_m35p1_r_SDSS.V1.3.0A_KiDS-1347_GAaP_Gaia.fits,-0.0997541159795776,-0.0993331708101441,-0.0897975125790446,-0.0990791708101441,0.0616491479299597,0.066138,0.0658645646111696,0.069255,-0.1973564512470756,-0.186218,-0.1954854493051913,-0.183752,0.0283608933511669,0.028593,0.0306155361883906,0.031075,0.0541573120658117,0.051233,0.0557343545398188,0.054492,0.012632,-55.3937,KiDS,0
KIDS_158.0_0.5,KIDS_158p0_0p5_r_SDSS.V1.3.0A_KiDS-1347_GAaP_Gaia.fits,0.1212326965128111,-0.0149957300812952,0.1329084619992151,-0.0140657300812952,0.0355455157711757,0.014545,0.0422224865899208,0.018191,-0.0174910701216054,-0.01034,-0.0126776085929808,-0.005275,0.050792530006336,0.061057,0.0551287683314515,0.065485,0.0132504248322183,0.028422,0.0178658947841221,0.031523,0.055326,47.2406,KiDS,0
KIDS_39.3_-27.2,KIDS_39p3_m27p2_r_SDSS.V1.3.0A_KiDS-1347_GAaP_Gaia.fits,-0.0390565817835052,-0.1005795086917106,-0.0131393648144969,-0.1007025086917106,0.0016775887639374,0.025714,0.0095154900811994,0.028995,0.0045695521723253,0.028596,0.0079338171807311,0.029924,0.0561952718730017,0.057146,0.0580523933774066,0.059072,-0.0871022691068089,-0.08569,-0.0835279017278224,-0.08267,0.013139,-66.5505,KiDS,0
KIDS_191.0_-0.5,KIDS_191p0_m0p5_r_SDSS.V1.3.0A_KiDS-1347_GAaP_Gaia.fits,0.0505472453765738,-0.0131728293422731,0.0453997973686717,-0.0124128293422731,-0.0128407486912535,-0.022659,-0.0121583938816627,-0.019539,-0.0581933094872763,-0.05422,-0.0558224641837167,-0.051707,0.0216274171836453,0.013521,0.0248590027891375,0.015984,0.1027507861418382,0.095057,0.1070691562127658,0.097494,0.020636,62.304,KiDS,0
KIDS_339.3_-35.1,KIDS_339p3_m35p1_r_SDSS.V1.3.0A_KiDS-1347_GAaP_Gaia.fits,-0.007749108940965,-0.0516017718500807,-0.0112117272368058,-0.0503947718500807,-0.0392731391372577,-0.047371,-0.0372528173238168,-0.045914,-0.6488612873703289,-0.636668,-0.6458849495451305,-0.634222,0.0575240742880308,0.057089,0.0606817165572207,0.058738,0.0357077688952892,0.039701,0.040047913834065,0.041997,0.011735,-60.3458,KiDS,0
KIDS_196.5_2.5,KIDS_196p5_2p5_r_SDSS.V1.3.0A_KiDS-1347_GAaP_Gaia.fits,-0.0552018783160516,-0.0736126690093414,-0.0506345463568756,-0.0732526690093414,0.0212728279766659,0.025809,0.0256104364250416,0.028794,0.018188814524716,0.021418,0.0228879289374438,0.025806,-0.0208307265278368,-0.025731,-0.0153137586019003,-0.023364,-0.0895880641126777,-0.09573,-0.0838192597615208,-0.09223,0.022465,65.0797,KiDS,0
KIDS_191.0_-1.5,KIDS_191p0_m1p5_r_SDSS.V1.3.0A_KiDS-1347_GAaP_Gaia.fits,-0.0523100486907952,-0.1101119249491378,-0.0355617041546141,-0.1100429249491377,-0.0674900862775408,-0.074043,-0.0631913899498659,-0.071977,-0.1180308646682982,-0.118057,-0.1153967144600653,-0.115321,0.0523522362915347,0.044424,0.0538095991496162,0.048449,0.0670930423432738,0.062666,0.0698014576789461,0.066516,0.027192,61.344,KiDS,0
KIDS_195.5_-2.5,KIDS_195p5_m2p5_r_SDSS.V1.3.0A_KiDS-1347_GAaP_Gaia.fits,0.318923990919239,0.2527604118503417,0.3268285371293793,0.2538374118503417,0.0330654404331984,0.027832,0.0378632258878091,0.032188,0.0016888647851725,0.008315,0.0062151835408062,0.012016,0.046226381563667,0.043084,0.0501206012968221,0.046044,0.0567663224773473,0.054463,0.0622346882397743,0.05724,0.020376,60.2849,KiDS,0
KIDS_163.5_-2.5,KIDS_163p5_m2p5_r_SDSS.V1.3.0A_KiDS-1347_GAaP_Gaia.fits,-0.0450760048464328,-0.1668600460913588,-0.0350300953690955,-0.1660080460913588,0.0304658619984825,0.014,0.0354052846613642,0.015803,0.0312565719890743,0.037305,0.0339318612147737,0.039972,0.0651828955498475,0.06834,0.0659553336266297,0.070638,-0.1324005796443468,-0.127331,-0.1305672212694793,-0.121832,0.037024,49.0101,KiDS,0
KIDS_354.3_-29.2,KIDS_354p3_m29p2_r_SDSS.V1.3.0A_KiDS-1347_GAaP_Gaia.fits,0.0820710428900835,-0.0752196517379064,0.0874538327909259,-0.0762166517379065,-0.0282441765643562,-0.038908,-0.0253069222572114,-0.034138,0.0245383057069595,0.035199,0.027874160806888,0.040802,-0.00632934313477,0.003239,-0.0038699365341724,0.006941,0.0329900988555259,0.040826,0.0353044367464284,0.045311,0.017178,-73.5362,KiDS,0
KIDS_354.4_-28.2,KIDS_354p4_m28p2_r_SDSS.V1.3.0A_KiDS-1347_GAaP_Gaia.fits,-0.0064541783237314,-0.0397385474916559,-0.0109035880611602,-0.0356165474916559,-0.0234089465868719,-0.020485,-0.0216936390291781,-0.017106,0.0334684675175843,0.047943,0.0367832366321079,0.050122,0.062726252543679,0.064593,0.0668714588080568,0.068124,0.0262676198612089,0.028804,0.0299164061877055,0.032175,0.015533,-73.6015,KiDS,0
KIDS_181.5_-3.5,KIDS_181p5_m3p5_r_SDSS.V1.3.0A_KiDS-1347_GAaP_Gaia.fits,0.0935847618838905,0.0317874820749893,0.0989407516396222,0.0328894820749893,0.0590804663230004,0.049733,0.062303324021423,0.0544,0.0076649244326821,0.010437,0.0110314402848491,0.013577,0.0528036920714487,0.044839,0.0561995508569952,0.047766,0.0514325665227206,0.049402,0.0550274301980901,0.052853,0.023733,57.487,KiDS,0
KIDS_27.6_-30.2,KIDS_27p6_m30p2_r_SDSS.V1.3.0A_KiDS-1347_GAaP_Gaia.fits,0.0585809867856534,-0.001996430227663,0.0595627970159865,0.0033205697723369,-0.0486688654662375,-0.025073,-0.0468640070574523,-0.021273,-0.0163273170915165,-0.004961,-0.0134372663382493,-0.000782,0.0173347577299,0.012895,0.0207287803900107,0.016648,-0.0613545752183244,-0.063108,-0.0572442874827986,-0.060836,0.013489,-76.7108,KiDS,0
KIDS_139.0_-1.5,KIDS_139p0_m1p5_r_SDSS.V1.3.0A_KiDS-1347_GAaP_Gaia.fits,0.0880319024217839,0.0378257734061428,0.0968529199236025,0.0388927734061428,0.0194109056672524,0.007918,0.02198417109458,0.009803,0.0387766830565846,0.043688,0.0408147712773572,0.046379,0.0634255167948082,0.065007,0.0653035366400296,0.068746,-0.0941654775145507,-0.092026,-0.0923508243428504,-0.089018,0.033292,30.8451,KiDS,0
KIDS_159.0_-1.5,KIDS_159p0_m1p5_r_SDSS.V1.3.0A_KiDS-1347_GAaP_Gaia.fits,0.1176441503672229,-0.0455497199928923,0.1171989040853467,-0.0440627199928923,-0.1130421167535327,-0.123431,-0.1093493843339795,-0.121837,-0.04250132843485,-0.035664,-0.0385071162278615,-0.032408,0.0262224751923269,0.033551,0.0317510881879182,0.036724,0.0367536941077991,0.044176,0.0419288230557713,0.046977,0.053835,46.6304,KiDS,0
KIDS_25.1_-29.2,KIDS_25p1_m29p2_r_SDSS.V1.3.0A_KiDS-1347_GAaP_Gaia.fits,0.261213571770387,-0.0215471845678699,0.2653065955623614,-0.0215471845678699,-0.0021334390060804,0.044693,0.0004242964160984,0.048223,0.0560682604733853,0.076164,0.0592555963017634,0.077646,0.0460715459180563,0.021643,0.0516156347297466,0.023489,0.057386693644889,0.007838,0.0617424844392396,0.010361,0.015242,-79.0515,KiDS,0
KIDS_166.5_3.5,KIDS_166p5_3p5_r_SDSS.V1.3.0A_KiDS-1347_GAaP_Gaia.fits,0.1813200401114153,0.0380481099753045,0.1749189235579024,0.0381531099753045,0.0761754310397862,0.04563,0.0776391135327208,0.047819,0.0088553128465443,0.028501,0.0120857208499641,0.034564,0.0282073167208084,0.048939,0.0319299324916319,0.053606,-0.1247032392044081,-0.098844,-0.1197787773079213,-0.096529,0.047618,55.4228,KiDS,0
KIDS_51.8_-30.2,KIDS_51p8_m30p2_r_SDSS.V1.3.0A_KiDS-1347_GAaP_Gaia.fits,0.2197616770481232,-0.0147952014026174,0.2286339135172786,-0.0147952014026174,0.0440373379671128,0.049171,0.048400656044052,0.052744,0.0094658859139831,0.021377,0.0116342018249083,0.024774,0.1019101996936184,0.090587,0.1051777795866393,0.092694,0.0241060488501416,0.023609,0.0280512784279075,0.027472,0.009852,-55.8872,KiDS,0
KIDS_157.0_-0.5,KIDS_157p0_m0p5_r_SDSS.V1.3.0A_KiDS-1347_GAaP_Gaia.fits,0.0811400567222315,-0.0309537815633688,0.0973085514538629,-0.0283837815633688,0.0161363583593198,0.001771,0.0187265007804554,0.006404,0.0135854987596465,0.021206,0.0160420997984283,0.024255,0.0469059883514766,0.056723,0.0496603725089971,0.059265,-0.0608628950384176,-0.051939,-0.0579954664027412,-0.049381,0.050358,45.8239,KiDS,0
KIDS_221.0_0.5,KIDS_221p0_0p5_r_SDSS.V1.3.0A_KiDS-1347_GAaP_Gaia.fits,0.1449462340637556,0.04062981338035,0.1608021580391517,0.04190181338035,0.0744782818281092,0.047634,0.0814901503071346,0.052596,0.0346002446060738,0.035711,0.0375522527261123,0.039491,-0.0983317359757792,-0.093242,-0.0954665506063841,-0.089776,0.0271583520970742,0.027529,0.0294700702037884,0.032214,0.039894,52.0575,KiDS,0
KIDS_195.5_3.5,KIDS_195p5_3p5_r_SDSS.V1.3.0A_KiDS-1347_GAaP_Gaia.fits,-0.0439374543950002,-0.0755454875357602,-0.0181395207829857,-0.0754454875357602,0.0241227751367517,0.017678,0.0298060251240195,0.019517,0.020795284720005,0.025325,0.0244103294093523,0.028242,0.0622175427487469,0.056195,0.0659630411366824,0.060955,0.0703291820003866,0.063656,0.0723368295280238,0.06675,0.022949,66.2015,KiDS,0
KIDS_42.4_-32.1,KIDS_42p4_m32p1_r_SDSS.V1.3.0A_KiDS-1347_GAaP_Gaia.fits,0.2899921101515837,0.1389093868214068,0.2918102699876103,0.1394673868214068,-0.0396562729125795,-0.004862,-0.0357327956143858,-0.001305,0.0171166012208422,0.033938,0.0218814566730079,0.037085,-0.0159146875897166,-0.025322,-0.0091627478970301,-0.02078,0.0413404052590782,0.036938,0.0472459520245281,0.040768,0.022726,-63.9372,KiDS,0
KIDS_205.0_1.5,KIDS_205p0_1p5_r_SDSS.V1.3.0A_KiDS-1347_GAaP_Gaia.fits,-0.0750054919071246,-0.1111586116751322,-0.0796060458216875,-0.1108956116751322,-0.0450737625314023,-0.039638,-0.0442958591508507,-0.038721,-0.0722434474095669,-0.065008,-0.0692101784603713,-0.061979,-0.0176578767049331,-0.023716,-0.0128745731829819,-0.021895,0.0725660185885945,0.06278,0.0766522607058134,0.066035,0.021609,61.8379,KiDS,0
KIDS_35.0_-28.2,KIDS_35p0_m28p2_r_SDSS.V1.3.0A_KiDS-1347_GAaP_Gaia.fits,-0.0845792807402595,-0.2188880017656155,-0.0635864606280053,-0.2188420017656155,0.0215691922377058,0.048751,0.0282050257504855,0.053834,0.0038458740325163,0.021387,0.0059959311107707,0.024287,0.0564132854974479,0.045254,0.0547226380101051,0.049759,-0.0625961996026128,-0.072586,-0.0620847040862726,-0.068865,0.012072,-70.4078,KiDS,0
KIDS_207.0_-1.5,KIDS_207p0_m1p5_r_SDSS.V1.3.0A_KiDS-1347_GAaP_Gaia.fits,-0.0048447903015166,-0.0467693836787684,0.000839498130543,-0.0462113836787684,0.0299368821756273,0.022515,0.0339100877371226,0.024842,0.0064996114891121,0.016892,0.0101504292689652,0.020148,0.0407240375434082,0.040001,0.0448377090461226,0.043827,0.0459031191842933,0.043292,0.0488011696907417,0.047206,0.035981,58.297,KiDS,0
KIDS_356.6_-28.2,KIDS_356p6_m28p2_r_SDSS.V1.3.0A_KiDS-1347_GAaP_Gaia.fits,0.250744198944749,0.0796574805644753,0.2454060063604318,0.0802304805644753,-0.0453259508181333,-0.043481,-0.0427970275552087,-0.040794,0.063448139939331,0.075195,0.0658866867111674,0.07609,0.0493404371749302,0.051579,0.0534191513934455,0.053313,0.0575065170866678,0.060058,0.0625540252153107,0.06257,0.015553,-75.5646,KiDS,0
KIDS_25.5_-35.1,KIDS_25p5_m35p1_r_SDSS.V1.3.0A_KiDS-1347_GAaP_Gaia.fits,0.0001418441729481,-0.1055544240472466,0.0134765378954526,-0.1044534240472465,0.0280695548472662,0.032049,0.031520230433517,0.037087,0.0100818516830725,0.02014,0.0113837250259921,0.023617,0.0393408650081184,0.036512,0.0403101809508526,0.039152,-0.0754354379199935,-0.074269,-0.0739619205457628,-0.070961,0.01507,-76.5058,KiDS,0
KIDS_1.1_-27.2,KIDS_1p1_m27p2_r_SDSS.V1.3.0A_KiDS-1347_GAaP_Gaia.fits,-0.0385674634610375,-0.1296432008771084,-0.0130965701193351,-0.1293802008771084,0.037194890414674,0.067519,0.0431227393813578,0.068734,0.0043608252349974,0.021639,0.0080983931956493,0.025878,0.0227059229199186,0.015492,0.025260567492589,0.017915,0.0297853605962762,0.022627,0.0336623173654811,0.026394,0.013767,-79.5336,KiDS,0
KIDS_20.2_-33.1,KIDS_20p2_m33p1_r_SDSS.V1.3.0A_KiDS-1347_GAaP_Gaia.fits,0.0847885759797233,-0.0398087170758952,0.0881778572919386,-0.0423417170758952,0.0298347132128965,0.041998,0.0313531789212768,0.045906,0.101429669110464,0.111311,0.1039888133692082,0.115254,-0.021118085632714,-0.018269,-0.0174285874558974,-0.015237,-0.0324142028320666,-0.032252,-0.0282502215901901,-0.029451,0.023743,-81.2637,KiDS,0
KIDS_193.5_-3.5,KIDS_193p5_m3p5_r_SDSS.V1.3.0A_KiDS-1347_GAaP_Gaia.fits,0.1261639951442727,0.0600451796070626,0.1350489240440897,0.0611651796070626,0.0209804464741459,0.023359,0.0243466926097659,0.027026,-0.0057171224057976,0.001751,-0.0011307936404895,0.006752,0.0631108055391373,0.059371,0.0681723525620839,0.065763,0.0582409079757736,0.054224,0.0634173482130467,0.058679,0.017128,59.4033,KiDS,0
KIDS_3.5_-30.2,KIDS_3p5_m30p2_r_SDSS.V1.3.0A_KiDS-1347_GAaP_Gaia.fits,0.0417284948601815,-0.0295793919586881,0.0530216843772902,-0.0294323919586881,0.06489513375527,0.08418,0.0707063448137335,0.08645,0.1023770136734777,0.114143,0.1051912998203775,0.115374,0.0750116571810846,0.064337,0.0773357978710952,0.068638,0.0409573992279319,0.034897,0.0435215397471927,0.037039,0.011285,-81.1879,KiDS,0
KIDS_18.1_-28.2,KIDS_18p1_m28p2_r_SDSS.V1.3.0A_KiDS-1347_GAaP_Gaia.fits,0.0826867169389206,-0.0410110022246793,0.0669087851616918,-0.0409810022246793,-0.0969932637051713,-0.086274,-0.0918834694542176,-0.080884,0.0095929066262524,0.020768,0.013689000383883,0.024892,0.0184204133894308,0.018186,0.0241791688205046,0.021666,0.1292662713149903,0.123938,0.1319814781602491,0.127639,0.013971,-85.2752,KiDS,0
KIDS_44.4_-29.2,KIDS_44p4_m29p2_r_SDSS.V1.3.0A_KiDS-1347_GAaP_Gaia.fits,0.3163229426490137,-0.0711960707712326,0.2943356468037116,-0.0711960707712326,-0.2295206544900217,-0.229017,-0.2286047266409593,-0.226122,0.0258923415781749,0.046742,0.0279200891140197,0.050615,0.0917258312905072,0.072065,0.0892357076958323,0.075361,0.2088753274923632,0.195227,0.2108548579465402,0.199744,0.015338,-62.1797,KiDS,0
KIDS_221.6_3.5,KIDS_221p6_3p5_r_SDSS.V1.3.0A_KiDS-1347_GAaP_Gaia.fits,0.1100860750111883,0.0429946130667651,0.1158670691317514,0.0460366130667651,0.052727170937457,0.049657,0.0576983577974189,0.053299,-0.0050771120859293,0.004682,-0.0014764105236601,0.009006,0.0530625734492208,0.051146,0.0575583600919038,0.055852,0.0447422610755355,0.043661,0.0483079872023683,0.047781,0.030029,53.7379,KiDS,0
KIDS_10.3_-29.2,KIDS_10p3_m29p2_r_SDSS.V1.3.0A_KiDS-1347_GAaP_Gaia.fits,0.0799091416597668,-0.0257804929267719,0.0997801443033533,-0.0257754929267719,0.0566280923253059,0.071343,0.0637290829777598,0.074098,0.0062134363512159,0.017927,0.0102456730152336,0.022644,0.0658127705589511,0.064706,0.0675833096434207,0.067868,0.0367450378249588,0.029608,0.0417795172042719,0.03636,0.017548,-86.8993,KiDS,0
KIDS_46.3_-28.2,KIDS_46p3_m28p2_r_SDSS.V1.3.0A_KiDS-1347_GAaP_Gaia.fits,0.2867828610872325,-0.0252676190932575,0.2825340247962414,-0.0252676190932575,0.0158801477191818,0.045474,0.020874969029881,0.046811,0.0569764128294836,0.068048,0.058904503506025,0.070425,0.0687465314484928,0.052044,0.071077345169273,0.054065,0.0628152415924639,0.041449,0.0652124738003179,0.044454,0.012477,-60.4841,KiDS,0
KIDS_9.3_-31.2,KIDS_9p3_m31p2_r_SDSS.V1.3.0A_KiDS-1347_GAaP_Gaia.fits,-0.0076164274200297,-0.1385708895749386,0.0009823484413365,-0.1373168895749386,-0.0725259330051346,-0.052697,-0.0677702855779066,-0.052457,0.042488182345958,0.057252,0.0453654825516927,0.059806,0.031786110190531,0.031075,0.0353910255716568,0.033614,0.0669924910908617,0.061029,0.0692200594274417,0.064021,0.018244,-84.9027,KiDS,0
KIDS_16.6_-33.1,KIDS_16p6_m33p1_r_SDSS.V1.3.0A_KiDS-1347_GAaP_Gaia.fits,0.1230791697070075,-0.0667698786519527,0.1272053696669674,-0.0675898786519527,0.017890928401778,0.049742,0.0210146039738207,0.053544,0.1109948147268641,0.123611,0.1140099036193161,0.125067,0.0098378661490893,-0.007201,0.0107459018066809,-0.004234,-0.022140169373907,-0.039653,-0.0184132447643865,-0.033666,0.021546,-83.1576,KiDS,0
KIDS_230.0_-0.5,KIDS_230p0_m0p5_r_SDSS.V1.3.0A_KiDS-1347_GAaP_Gaia.fits,0.0382605676439354,0.0087333978070603,0.027971364458069,0.0087753978070603,0.0741082878319251,0.072819,0.0731868333259881,0.075523,0.0048595757859507,0.00952,0.0086805264821428,0.012203,0.0634604442475018,0.057593,0.0673198433106545,0.061135,0.0913823531188361,0.088877,0.0975508114148564,0.092754,0.054095,44.8691,KiDS,0
KIDS_231.0_0.5,KIDS_231p0_0p5_r_SDSS.V1.3.0A_KiDS-1347_GAaP_Gaia.fits,-0.0628909413160929,-0.0990274734630778,-0.0613604920481067,-0.0953054734630778,0.053876282583148,0.052779,0.0565026651762067,0.056096,0.0305283767105817,0.034661,0.0348004207831534,0.037288,0.0161615542110248,0.013358,0.021925656254375,0.017989,0.0827116551720991,0.079169,0.0894143988211291,0.084186,0.050328,44.7359,KiDS,0
KIDS_4.8_-33.1,KIDS_4p8_m33p1_r_SDSS.V1.3.0A_KiDS-1347_GAaP_Gaia.fits,0.1708638939183181,0.0799638217768401,0.1883088230999889,0.0800658217768401,-0.0615872775911807,-0.053292,-0.0581984531707092,-0.048416,0.0176539341232869,0.028341,0.0202431963782002,0.032397,0.0765073883402941,0.073902,0.0787627306323442,0.07651,0.0287612088515189,0.029123,0.0332470863662737,0.032767,0.01137,-80.7897,KiDS,0
KIDS_223.6_2.5,KIDS_223p6_2p5_r_SDSS.V1.3.0A_KiDS-1347_GAaP_Gaia.fits,0.046065850922896,-0.0098537852020737,0.0416621225926033,-0.0087157852020737,0.0480449902773413,0.046488,0.0496633288856938,0.049352,0.0015165234200354,0.009464,0.0048870881821164,0.012219,-0.0917831106586715,-0.087234,-0.0862897265044061,-0.084102,0.0456785987999298,0.04963,0.0511485149702007,0.05362,0.037739,51.5999,KiDS,0
KIDS_232.0_-1.5,KIDS_232p0_m1p5_r_SDSS.V1.3.0A_KiDS-1347_GAaP_Gaia.fits,0.025890105855814,-0.0368849792365132,0.0262516041095813,-0.0364649792365132,0.0531263318072931,0.058516,0.0533148564826516,0.061176,0.022219511577497,0.019058,0.0247733374039423,0.021827,0.0858553754670996,0.087575,0.0904504846803813,0.090175,0.0495332455635333,0.050157,0.0528360966127312,0.052859,0.128267,42.7015,KiDS,0
KIDS_159.4_-2.5,KIDS_159p4_m2p5_r_SDSS.V1.3.0A_KiDS-1347_GAaP_Gaia.fits,-0.0936281285658193,-0.2807315204810882,-0.0839051194014431,-0.2809775204810881,-0.1546792406733363,-0.187103,-0.1510341371781872,-0.185816,-0.089903325918644,-0.077411,-0.0866372641249237,-0.075579,-0.0571148287244366,-0.038664,-0.0533413958989405,-0.035876,0.0349375140884595,0.056294,0.0387569803821671,0.058964,0.046252,46.2583,KiDS,0
KIDS_169.5_2.5,KIDS_169p5_2p5_r_SDSS.V1.3.0A_KiDS-1347_GAaP_Gaia.fits,-0.1154758744614052,-0.217281688897524,-0.1062878581416236,-0.215762688897524,0.1831051803580163,0.167053,0.1859329355527077,0.168046,-0.0695359714263167,-0.065122,-0.0670582619173462,-0.061854,0.0453329875813581,0.051734,0.0477675466194415,0.054662,0.6287430861348391,0.633713,0.6318473888611427,0.638434,0.0424,56.6961,KiDS,0
KIDS_344.9_-31.2,KIDS_344p9_m31p2_r_SDSS.V1.3.0A_KiDS-1347_GAaP_Gaia.fits,0.1334994106913366,0.0257450311782136,0.1380165496498477,0.0270540311782136,0.0681552995585204,0.069723,0.0722701097233021,0.074243,0.02134221419943,0.029153,0.0245849586703551,0.033105,0.060906311967431,0.060065,0.0642852783634092,0.063611,0.0622207809724784,0.060872,0.068488933077919,0.065489,0.01969,-65.2547,KiDS,0
KIDS_6.7_-27.2,KIDS_6p7_m27p2_r_SDSS.V1.3.0A_KiDS-1347_GAaP_Gaia.fits,0.0099878208117086,-0.0806319982142489,0.0097629306399698,-0.0804059982142489,0.0167547399104497,0.02842,0.0175359521294492,0.032323,-0.1037387914852749,-0.089001,-0.1005437176125147,-0.085541,0.0307382568112464,0.035434,0.0371648948738415,0.03827,0.0667539438408438,0.06848,0.0711743819837742,0.071985,0.013009,-84.5228,KiDS,0
KIDS_347.8_-35.1,KIDS_347p8_m35p1_r_SDSS.V1.3.0A_KiDS-1347_GAaP_Gaia.fits,0.1415488475563792,0.0556353142244237,0.1495776417712465,0.0553613142244237,0.0260456243018547,0.029134,0.025923271172306,0.030987,0.0374110585383947,0.043782,0.0393437592411847,0.045218,0.070864419884226,0.06541,0.0745087018777653,0.067638,0.0912818159575512,0.085157,0.0958849096627562,0.08806,0.013156,-67.219,KiDS,0
KIDS_205.6_-2.5,KIDS_205p6_m2p5_r_SDSS.V1.3.0A_KiDS-1347_GAaP_Gaia.fits,0.3519550080961513,0.2962975365072612,0.3631506771297931,0.2990735365072612,0.0100123573270023,0.005332,0.0174305981077568,0.008299,0.0263029734393512,0.03197,0.0306875317058233,0.035964,0.0222612855066056,0.0268,0.0265450070086955,0.030148,0.0475295057788033,0.052138,0.0522776996878079,0.055407,0.037382,57.9683,KiDS,0
KIDS_220.0_-1.5,KIDS_220p0_m1p5_r_SDSS.V1.3.0A_KiDS-1347_GAaP_Gaia.fits,0.03312704885771,-0.0534356749222198,0.0346809715165213,-0.0491556749222198,0.0704582951773144,0.065872,0.0728779595130558,0.067745,0.0154007155864347,0.021852,0.017637603585722,0.023724,0.0511148000784293,0.050398,0.0554777093809711,0.053653,0.1029328710302521,0.099611,0.1048969126872254,0.102943,0.038831,51.2526,KiDS,0
KIDS_235.0_-1.5,KIDS_235p0_m1p5_r_SDSS.V1.3.0A_KiDS-1347_GAaP_Gaia.fits,0.0637946546579386,-0.0119128468362405,0.0706410167574139,-0.0119128468362405,-0.0640290412242241,-0.068539,-0.0615286706222591,-0.066468,0.02331873940541,0.019704,0.0251665782526911,0.022488,0.0194732551373932,0.020277,0.0207685085790261,0.022984,0.054353812228064,0.0571,0.0569589071278676,0.059608,0.114496,40.3707,KiDS,0
KIDS_219.0_0.5,KIDS_219p0_0p5_r_SDSS.V1.3.0A_KiDS-1347_GAaP_Gaia.fits,0.102930720583807,0.0342672934461385,0.0940277513769353,0.0348132934461385,0.0487479601706558,0.034664,0.0483227403295258,0.037074,0.0178195574952267,0.024823,0.020899124489461,0.027534,0.0505118690869296,0.054001,0.055884439748757,0.056268,0.0539143299551188,0.055766,0.0600976860085809,0.06067,0.034738,53.4066,KiDS,0
KIDS_163.0_-0.5,KIDS_163p0_m0p5_r_SDSS.V1.3.0A_KiDS-1347_GAaP_Gaia.fits,0.1159164547838686,0.0211350019662568,0.1357771563860356,0.0254850019662568,0.0206413339167004,0.016782,0.029153175372566,0.023825,-0.0469954392210624,-0.042944,-0.0425593077326954,-0.037197,-0.009913336557599,-0.009756,-0.006808876857452,-0.002911,0.0713790462076942,0.07533,0.0747048669738797,0.07918,0.043049,50.1563,KiDS,0
KIDS_195.0_0.5,KIDS_195p0_0p5_r_SDSS.V1.3.0A_KiDS-1347_GAaP_Gaia.fits,0.1171046014380153,0.0531717844649567,0.1297358170189879,0.0502327844649567,0.0108196172966262,-0.000548,0.0168764589920465,0.005305,-0.0730599695342143,-0.06529,-0.0700772774386381,-0.060612,-0.0804786583355525,-0.088511,-0.0771158244089692,-0.080264,0.0622116749341201,0.055737,0.0656564480499854,0.062012,0.020831,63.2922,KiDS,0
KIDS_44.3_-31.2,KIDS_44p3_m31p2_r_SDSS.V1.3.0A_KiDS-1347_GAaP_Gaia.fits,0.2472790569319288,0.0537336921235238,0.2285111399105794,0.0548726921235238,0.0268540853553793,0.044898,0.0276305366559092,0.048469,0.0176490883237208,0.033711,0.0197282422164018,0.036676,0.0171771685721023,0.008967,0.0182938395943443,0.013171,0.036757069778126,0.032591,0.0405437537571577,0.035243,0.01462,-62.3644,KiDS,0
KIDS_33.3_-33.1,KIDS_33p3_m33p1_r_SDSS.V1.3.0A_KiDS-1347_GAaP_Gaia.fits,0.0876902483247685,0.0506176885558103,0.1043943996735689,0.0507396885558103,0.0128510297716305,0.042774,0.0163578729234529,0.044099,0.0269284335294624,0.048553,0.029291069837025,0.051306,-0.0116893543571532,-0.009038,-0.0101644766203975,-0.006187,-0.0879738082646779,-0.080373,-0.0842504142098307,-0.07725,0.013932,-71.382,KiDS,0
KIDS_171.0_1.5,KIDS_171p0_1p5_r_SDSS.V1.3.0A_KiDS-1347_GAaP_Gaia.fits,0.0845554347311401,-0.0346822748969704,0.0819422012130307,-0.0338682748969704,-0.0102743669358424,-0.027598,-0.0086667508127707,-0.023888,0.0250951311160397,0.031481,0.0292791516865454,0.03469,-0.0269037444987912,-0.015519,-0.0208585497557776,-0.012479,0.0208807281908644,0.030067,0.0270028444212794,0.033578,0.031388,56.8806,KiDS,0
KIDS_334.4_-31.2,KIDS_334p4_m31p2_r_SDSS.V1.3.0A_KiDS-1347_GAaP_Gaia.fits,0.064105100243279,0.0370252809848164,0.066171901161561,0.0388032809848164,0.0059863155251459,0.020554,0.0086878158982644,0.021748,0.0419591103776118,0.052921,0.0441487021183735,0.05552,0.0393226265222015,0.036593,0.0433576579358041,0.03913,0.0530553567231842,0.04858,0.0565108086446293,0.050906,0.01236,-56.2906,KiDS,0
KIDS_358.9_-29.2,KIDS_358p9_m29p2_r_SDSS.V1.3.0A_KiDS-1347_GAaP_Gaia.fits,0.0229645653194286,-0.095199259886471,0.0357673346240326,-0.088650259886471,-0.0675988671742623,-0.061712,-0.0655487295500424,-0.058055,0.0399571643077921,0.052395,0.0422571834875503,0.057306,0.052490319590992,0.052867,0.0553001524871974,0.058211,0.0465062071894243,0.044989,0.0503602891428715,0.04866,0.013788,-77.4974,KiDS,0
KIDS_183.5_-2.5,KIDS_183p5_m2p5_r_SDSS.V1.3.0A_KiDS-1347_GAaP_Gaia.fits,-0.0011024480015101,-0.0532525871624713,0.0154908527076861,-0.0527145871624713,0.0442368474641921,0.040128,0.0496558276611638,0.042666,-0.0521187418453491,-0.052183,-0.0500160393101664,-0.048485,0.0598517585451335,0.047894,0.060718179694005,0.052024,0.0291573518032418,0.023554,0.0325446712048162,0.028216,0.023648,59.0268,KiDS,0
KIDS_162.0_-1.5,KIDS_162p0_m1p5_r_SDSS.V1.3.0A_KiDS-1347_GAaP_Gaia.fits,-0.00978293044783,-0.089585883409196,0.0058485238698172,-0.078298883409196,-0.0625697911451608,-0.062433,-0.0571182812214715,-0.060663,-0.0221196505009956,-0.006995,-0.0168671037479852,-0.002244,-0.052116639459183,-0.043929,-0.0479264758420808,-0.040668,0.0388959095816902,0.038922,0.0439932256774038,0.042274,0.036402,48.7739,KiDS,0
KIDS_350.3_-35.1,KIDS_350p3_m35p1_r_SDSS.V1.3.0A_KiDS-1347_GAaP_Gaia.fits,0.0648790450039271,0.0864319988576586,0.0668746560689714,0.0893949988576586,-0.602168145459343,-0.592185,-0.5991349361730561,-0.591174,0.0174260130531878,0.02579,0.0204187768363586,0.028726,0.0435709585592671,0.03242,0.0475071159321681,0.035032,0.0884006153024544,0.078771,0.092018819604636,0.081484,0.016338,-69.1272,KiDS,0
KIDS_210.0_-1.5,KIDS_210p0_m1p5_r_SDSS.V1.3.0A_KiDS-1347_GAaP_Gaia.fits,-0.1212525520401702,-0.0816777635017998,-0.1311630977830022,-0.0735817635017997,0.0145753642829998,0.039489,0.0193150132178125,0.044491,0.042135389272882,0.050067,0.045032436911781,0.053451,0.0195940220746136,0.026064,0.0262679683534771,0.028771,0.0419393609169782,0.047163,0.0517611553178949,0.051071,0.041429,56.9516,KiDS,0
KIDS_22.8_-29.2,KIDS_22p8_m29p2_r_SDSS.V1.3.0A_KiDS-1347_GAaP_Gaia.fits,0.2024260203433652,-0.0807779432593795,0.2048102839652432,-0.0807349432593795,0.0358750197905498,0.038622,0.0385597408366556,0.045045,0.0446546069224652,0.053942,0.0473733877655858,0.0572,0.013241912055774,0.008698,0.0166581746716445,0.013662,0.0374908300303555,0.03635,0.0421716892362792,0.039879,0.013297,-80.9785,KiDS,0
KIDS_350.4_-34.1,KIDS_350p4_m34p1_r_SDSS.V1.3.0A_KiDS-1347_GAaP_Gaia.fits,0.1174475549230436,-0.0025544627527273,0.1100585211820582,-0.0022074627527273,0.0586661862917032,0.038181,0.0577596231379106,0.040512,-0.0154871365243604,-0.00442,-0.0133047121469362,-0.001306,0.0351948830672739,0.045837,0.0399362359514597,0.050133,0.0680607248583207,0.077645,0.0720837580135283,0.081413,0.01727,-69.4899,KiDS,0
KIDS_26.2_-29.2,KIDS_26p2_m29p2_r_SDSS.V1.3.0A_KiDS-1347_GAaP_Gaia.fits,0.1231979646171519,-0.0325185375403059,0.1238693827773487,-0.0326755375403059,0.0341418148650969,0.044353,0.036851373666503,0.049603,-0.0751831408390918,-0.065382,-0.0730080820950082,-0.061175,0.0295528433997226,0.016216,0.0340097700400794,0.020053,0.0486136610779148,0.033638,0.0495434615277309,0.038252,0.013173,-78.0451,KiDS,0
KIDS_352.1_-27.2,KIDS_352p1_m27p2_r_SDSS.V1.3.0A_KiDS-1347_GAaP_Gaia.fits,0.0328789466604868,-0.1131616124335464,0.0351678110616535,-0.1131856124335465,-0.6292083168622482,-0.608559,-0.627981803816965,-0.607266,0.0059393605903462,0.014956,0.0089329579542734,0.018275,0.0219911931839959,0.029604,0.0265638104373383,0.032237,-0.062566926718554,-0.057312,-0.0583650041889497,-0.052982,0.016214,-71.6026,KiDS,0
KIDS_210.6_-3.5,KIDS_210p6_m3p5_r_SDSS.V1.3.0A_KiDS-1347_GAaP_Gaia.fits,0.1506792407369964,0.0394285873313273,0.1404287514075547,0.0401905873313273,-0.1547741283217638,-0.172649,-0.1563900935846218,-0.167544,-0.0113790969633335,-0.001862,-0.0079754601857699,-0.000108,-0.0540394851674241,-0.045182,-0.0482222251067731,-0.041535,0.035295800547082,0.042942,0.0407321799515367,0.04622,0.048886,54.9356,KiDS,0
KIDS_4.9_-35.1,KIDS_4p9_m35p1_r_SDSS.V1.3.0A_KiDS-1347_GAaP_Gaia.fits,-0.0722928285041866,-0.0959658265148156,-0.0557343878592621,-0.0972668265148156,-0.0853499531096761,-0.072487,-0.0807329732469229,-0.070428,0.033891623779772,0.043514,0.0354068015342137,0.046331,0.1009020973492813,0.098185,0.1009654076651026,0.100638,0.0729248619508359,0.065438,0.0740107651114421,0.068554,0.01124,-79.4615,KiDS,0
KIDS_32.4_-34.1,KIDS_32p4_m34p1_r_SDSS.V1.3.0A_KiDS-1347_GAaP_Gaia.fits,0.1587375105818888,-0.0777619028560365,0.1583605787002713,-0.0744179028560365,0.0214587805989911,0.032089,0.0235295092391058,0.035196,0.0070102612928893,0.023667,0.0096303306195052,0.026183,0.0377940899727023,0.038332,0.0400152450021798,0.039979,0.0415535933200464,0.045182,0.0454397308385025,0.048492,0.012165,-71.844,KiDS,0
KIDS_205.0_-1.5,KIDS_205p0_m1p5_r_SDSS.V1.3.0A_KiDS-1347_GAaP_Gaia.fits,-0.4393932642814015,-0.549299339901136,-0.4351851843685929,-0.549299339901136,-0.0437582063159272,-0.052986,-0.042235366722146,-0.04972,0.0107228818718448,0.016221,0.01443397911738,0.019375,0.0313462040878496,0.026629,0.0359972352684629,0.029887,0.0880473050261671,0.082557,0.0934579478272956,0.087677,0.024874,59.0647,KiDS,0
KIDS_181.0_1.5,KIDS_181p0_1p5_r_SDSS.V1.3.0A_KiDS-1347_GAaP_Gaia.fits,0.0641935957495555,0.0156159035611329,0.0623433312629977,0.0151989035611329,0.0074261087515989,0.028154,0.0125842345262431,0.03247,-0.0085429612944873,0.008305,-0.0042912982364273,0.010844,0.0256461798055618,0.030936,0.0316804783955691,0.033345,0.0415254194965115,0.046409,0.0467450050112608,0.050126,0.017781,61.9344,KiDS,0
KIDS_165.5_3.5,KIDS_165p5_3p5_r_SDSS.V1.3.0A_KiDS-1347_GAaP_Gaia.fits,0.1021500960064924,-0.0075617868020565,0.1083317954260633,-0.0061687868020565,0.1733061807005634,0.176987,0.1793814014339714,0.18166,0.0155751770943957,0.034459,0.0216476946264881,0.038092,0.0578594231532512,0.069743,0.0633855355649284,0.073567,-0.1152263359865085,-0.104587,-0.109594193357651,-0.102041,0.043871,54.731,KiDS,0
KIDS_180.0_0.5,KIDS_180p0_0p5_r_SDSS.V1.3.0A_KiDS-1347_GAaP_Gaia.fits,0.0486983534732543,0.0481815642944091,0.0617553587484899,0.0494625642944091,-0.0447456591036476,-0.023159,-0.040609583869483,-0.018429,0.0161959992940646,0.025459,0.0187865690854818,0.029542,0.0552524959953046,0.050976,0.058378751622611,0.053465,0.0486107972343183,0.044921,0.0522377399695292,0.049951,0.020533,60.6594,KiDS,0
KIDS_180.0_-1.5,KIDS_180p0_m1p5_r_SDSS.V1.3.0A_KiDS-1347_GAaP_Gaia.fits,0.1086045428587918,0.1068350715183147,0.104230608906324,0.1044360715183147,-0.0187843601990629,-0.008417,-0.0187783551995128,-0.00648,0.0185198017683859,0.029516,0.0206149200600634,0.032031,0.0542106485724328,0.052478,0.0569709155079821,0.054992,0.1162452538421203,0.116154,0.1194691175105788,0.118092,0.022477,58.8185,KiDS,0
KIDS_43.3_-29.2,KIDS_43p3_m29p2_r_SDSS.V1.3.0A_KiDS-1347_GAaP_Gaia.fits,0.0162705348330575,-0.0602636126974148,0.0259720814549525,-0.0602636126974148,-0.0976794463976439,-0.057249,-0.0933222784978527,-0.055086,0.0248160186988797,0.048843,0.0278833009441946,0.051204,0.0627470273009516,0.058508,0.0658040739263244,0.06245,0.0559253073769241,0.056035,0.0595623278678338,0.05775,0.01401,-63.1647,KiDS,0
KIDS_186.0_-0.5,KIDS_186p0_m0p5_r_SDSS.V1.3.0A_KiDS-1347_GAaP_Gaia.fits,0.1476679290136796,0.0540414376707418,0.1509967606311456,0.0530934376707418,0.0497103576930807,0.039013,0.0544949031641408,0.040793,0.0219734591656251,0.028828,0.0255473643269615,0.032228,0.0535492985047235,0.050617,0.0558836045434934,0.054695,0.058674113566854,0.057878,0.0642021143535382,0.061978,0.021163,61.605,KiDS,0
KIDS_46.7_-29.2,KIDS_46p7_m29p2_r_SDSS.V1.3.0A_KiDS-1347_GAaP_Gaia.fits,-0.0087877106601924,-0.2281831552457583,0.0244191789568394,-0.2281831552457583,0.0564860010686027,0.078259,0.0610121300848677,0.079234,0.0269972149620341,0.040152,0.0303568802369809,0.042412,0.0547934981988977,0.041191,0.0598441150027048,0.043392,0.0637735176238804,0.045758,0.0679923019052338,0.046909,0.012635,-60.1552,KiDS,0
KIDS_216.6_-2.5,KIDS_216p6_m2p5_r_SDSS.V1.3.0A_KiDS-1347_GAaP_Gaia.fits,0.3584324266984572,0.2739886959152304,0.3585806052112742,0.2739886959152304,0.0545254651864303,0.041778,0.0573408611395108,0.044565,0.016345360778328,0.023707,0.0201565842619416,0.027114,0.0427994350236963,0.052555,0.0478004127618632,0.055513,0.0136765122171903,0.02212,0.018664075451692,0.025422,0.049959,52.5776,KiDS,0
KIDS_40.3_-30.2,KIDS_40p3_m30p2_r_SDSS.V1.3.0A_KiDS-1347_GAaP_Gaia.fits,0.2309542878335957,0.0298764700389849,0.2136487131816144,0.0297274700389849,-0.0922705587206931,-0.070206,-0.0887754481142977,-0.064234,0.0105831974190802,0.02731,0.0156956425450958,0.032217,0.1287041302354132,0.121816,0.1310822005795933,0.126459,0.0395351330784815,0.030019,0.0447206769873641,0.038531,0.020126,-65.7793,KiDS,0
KIDS_168.0_-1.5,KIDS_168p0_m1p5_r_SDSS.V1.3.0A_KiDS-1347_GAaP_Gaia.fits,-0.1428107996061174,-0.1973970269609654,-0.1454487664173578,-0.1974800269609654,0.0111457811003176,0.00938,0.0131709478486595,0.011082,-0.0438156891623528,-0.040119,-0.04066520020968,-0.034613,0.013740791861341,0.011326,0.017208852561669,0.014982,0.0417508369972978,0.040854,0.044860504369083,0.043675,0.033841,52.6856,KiDS,0
KIDS_166.5_-2.5,KIDS_166p5_m2p5_r_SDSS.V1.3.0A_KiDS-1347_GAaP_Gaia.fits,-0.0249966870056688,-0.0983867662917717,-0.0139812755383005,-0.0952217662917717,2.865338266578552e-05,-0.005115,0.0038706080358909,-0.002581,-0.0054479765031251,0.005078,-0.0019499920771752,0.007745,0.0288482121498769,0.033335,0.0325534224596081,0.039048,0.0248921076128629,0.032724,0.0256752366625259,0.036047,0.048956,50.9682,KiDS,0
KIDS_42.6_-35.1,KIDS_42p6_m35p1_r_SDSS.V1.3.0A_KiDS-1347_GAaP_Gaia.fits,0.0937551912421727,-0.0887928900209812,0.0967874746787716,-0.0880688900209812,0.0155300077614102,0.024442,0.0141597064310036,0.027161,-0.002106980661248,0.014371,0.0002062344716074,0.017489,0.0511066294688443,0.053221,0.056239540193086,0.055909,0.0389118528220235,0.040452,0.0425328503340038,0.042037,0.02011,-63.4405,KiDS,0
KIDS_230.0_1.5,KIDS_230p0_1p5_r_SDSS.V1.3.0A_KiDS-1347_GAaP_Gaia.fits,0.1013030062046946,-0.0216311492076993,0.0920710236284426,-0.0219641492076993,0.1216016826710631,0.091952,0.1216640161204403,0.093621,0.0327854486273967,0.033826,0.0344991763934082,0.035541,0.0575612907825584,0.063809,0.0606196388213954,0.06618,-0.0718423894221996,-0.067987,-0.0701472840584423,-0.065901,0.040165,46.353,KiDS,0
KIDS_0.0_-28.2,KIDS_0p0_m28p2_r_SDSS.V1.3.0A_KiDS-1347_GAaP_Gaia.fits,0.1855943965404314,0.0399516226370237,0.1782987846288327,0.0399896226370237,-0.0850396931921752,-0.088147,-0.083234630016575,-0.085703,0.0371300172611871,0.053072,0.0395950284593521,0.054752,0.0571561191700159,0.062887,0.0607086474692199,0.065578,0.0419905338071769,0.048315,0.0451739034936983,0.050182,0.014082,-78.5741,KiDS,0
KIDS_358.8_-32.1,KIDS_358p8_m32p1_r_SDSS.V1.3.0A_KiDS-1347_GAaP_Gaia.fits,-0.1344113175224756,-0.2231542615381696,-0.1149366275936292,-0.2229972615381696,-0.0185223028163151,-0.009308,-0.0144307121772398,-0.008635,0.0245784319321474,0.038876,0.0265960844361808,0.039548,0.0878255707918307,0.086151,0.0900406062965941,0.087554,0.0341131027328797,0.031123,0.0370888766579504,0.034162,0.011781,-76.8252,KiDS,0
KIDS_198.0_1.5,KIDS_198p0_1p5_r_SDSS.V1.3.0A_KiDS-1347_GAaP_Gaia.fits,0.0439360436294481,-0.0635952304045204,0.0483990457877796,-0.0618692304045204,0.1008818827217272,0.07365,0.1039555939339317,0.077427,0.0509204581059293,0.054232,0.053976633581057,0.056935,0.0313460981909902,0.034628,0.032903044585858,0.037058,-0.108359325659903,-0.104874,-0.1049825707784284,-0.101319,0.030522,63.889,KiDS,0
KIDS_15.6_-34.1,KIDS_15p6_m34p1_r_SDSS.V1.3.0A_KiDS-1347_GAaP_Gaia.fits,0.0909981274035028,-0.0416847032663203,0.0863888946969179,-0.0415597032663203,-0.0468414931166689,-0.03112,-0.0451599001555726,-0.029764,0.0202343010007851,0.035576,0.0228732777611307,0.038424,0.0700020010217015,0.060921,0.0733652829893071,0.063192,-0.0220377202425086,-0.030892,-0.0185418137097422,-0.025932,0.015628,-83.0108,KiDS,0
KIDS_210.0_-0.5,KIDS_210p0_m0p5_r_SDSS.V1.3.0A_KiDS-1347_GAaP_Gaia.fits,0.0181860913510015,0.0007525080347864,0.0286119962758178,0.0007525080347864,0.0420051386641701,0.036738,0.0447104902604858,0.039827,-0.0522289609869885,-0.045224,-0.0493256605949387,-0.041254,0.0391665881443412,0.038367,0.0440650292525944,0.041401,0.0261609091097293,0.028042,0.0304363722090662,0.030703,0.037074,57.8244,KiDS,0
KIDS_159.0_0.5,KIDS_159p0_0p5_r_SDSS.V1.3.0A_KiDS-1347_GAaP_Gaia.fits,0.176058975107829,-0.0408029400220189,0.1750107585546002,-0.0395659400220189,-0.0589921325570882,-0.090962,-0.0593410741855144,-0.088322,0.0410360120311393,0.049654,0.0435592191026557,0.050544,0.0163621593004799,0.032864,0.0220973269971317,0.035766,0.0188634866575449,0.037187,0.022833285623532,0.039524,0.056984,47.9849,KiDS,0
KIDS_181.0_-1.5,KIDS_181p0_m1p5_r_SDSS.V1.3.0A_KiDS-1347_GAaP_Gaia.fits,0.0327214866978721,0.0372519522560142,0.0372704731025357,0.0372519522560142,0.0183158290659509,0.03884,0.0218022383573197,0.041716,0.0003834309186917,0.015327,0.0050733987798109,0.017851,0.0323692088230192,0.027868,0.0388103753632326,0.032978,0.0421382868832827,0.039092,0.0494941542716079,0.043584,0.019122,59.176,KiDS,0
KIDS_224.6_-3.5,KIDS_224p6_m3p5_r_SDSS.V1.3.0A_KiDS-1347_GAaP_Gaia.fits,0.1421872274490307,0.0670441314485347,0.1407595919485885,0.0661461314485347,-0.0297739431263377,-0.033805,-0.0277875717542509,-0.030843,0.0131241189686029,0.014683,0.0163905991472944,0.017356,0.0453699804632153,0.055766,0.0503229993103037,0.058042,0.0280646530023875,0.035925,0.0322443530396734,0.038397,0.114626,46.701,KiDS,0
KIDS_187.0_0.5,KIDS_187p0_0p5_r_SDSS.V1.3.0A_KiDS-1347_GAaP_Gaia.fits,0.1263316332903633,0.0030093794800561,0.1058129734539897,0.0039153794800561,0.0695708503378973,0.060327,0.0712501005365992,0.064435,0.0079973955201429,0.011674,0.0114298822008095,0.016518,0.0400068566830426,0.031529,0.0444643267010728,0.034797,0.0646116471562453,0.058794,0.0701427229274513,0.065301,0.020198,62.7806,KiDS,0
KIDS_344.2_-35.1,KIDS_344p2_m35p1_r_SDSS.V1.3.0A_KiDS-1347_GAaP_Gaia.fits,0.0212910144386217,0.0516355529043651,0.0311692275488985,0.0578955529043651,-0.0772313706872043,-0.050202,-0.0731701406299875,-0.047383,0.0616299981854529,0.072717,0.0650221724280482,0.075015,0.0297704816379716,0.016843,0.0337933816209492,0.020718,0.0899926845373303,0.081897,0.0933283047182333,0.086485,0.012776,-64.2741,KiDS,0
KIDS_43.8_-35.1,KIDS_43p8_m35p1_r_SDSS.V1.3.0A_KiDS-1347_GAaP_Gaia.fits,0.0938169322259315,-0.0842359103349863,0.0876436998892934,-0.0842359103349863,0.1061526833889272,0.11295,0.1073551879605095,0.115096,0.032474848828215,0.048655,0.0348350492725769,0.052285,0.0824501185633763,0.075861,0.0853793381901968,0.079755,0.0595377715809103,0.059839,0.0622746457530574,0.062175,0.020371,-62.5003,KiDS,0
KIDS_223.0_-0.5,KIDS_223p0_m0p5_r_SDSS.V1.3.0A_KiDS-1347_GAaP_Gaia.fits,0.1152352606161005,0.049699322894859,0.115528665247759,0.050244322894859,0.0704865437925487,0.058749,0.0710443933273778,0.061876,0.0135620826544183,0.0228,0.0159254386567294,0.025831,0.0380816712589872,0.046941,0.0421542249942141,0.048615,0.022926919454789,0.032759,0.0272582229977647,0.034729,0.041758,49.9551,KiDS,0
KIDS_178.0_-0.5,KIDS_178p0_m0p5_r_SDSS.V1.3.0A_KiDS-1347_GAaP_Gaia.fits,0.1132288618204795,0.0270637874585823,0.1238966531819801,0.0257197874585823,-0.0007661201184698,0.011106,0.0072553441169688,0.017744,-0.0216037177833529,-0.014265,-0.0143818157134724,-0.004339,0.0561959421899548,0.054287,0.0671977473352671,0.064413,0.0324336799752852,0.034105,0.0456877121177562,0.044134,0.018929,58.8822,KiDS,0
KIDS_176.5_3.5,KIDS_176p5_3p5_r_SDSS.V1.3.0A_KiDS-1347_GAaP_Gaia.fits,0.1125813516692241,0.023046579729527,0.1209439109616365,0.032477579729527,0.0500985633442243,0.047166,0.0550352557729586,0.051442,0.0114891706034541,0.018875,0.0150020960718393,0.022116,0.0607953885924528,0.057964,0.0637852520319633,0.062782,0.0248996286558181,0.023495,0.0282719868933313,0.026775,0.019295,61.639,KiDS,0
KIDS_171.5_-2.5,KIDS_171p5_m2p5_r_SDSS.V1.3.0A_KiDS-1347_GAaP_Gaia.fits,-0.0758768456775264,-0.1622581363940252,-0.0765611641002561,-0.1640041363940253,0.1194537979719522,0.113597,0.121062212530936,0.115686,0.0226760020697161,0.028872,0.0260970021383496,0.032314,0.0453424476297386,0.042555,0.0490249026201622,0.045117,0.0378009739907103,0.033767,0.0427835639460749,0.037183,0.035605,53.9208,KiDS,0
KIDS_186.5_-3.5,KIDS_186p5_m3p5_r_SDSS.V1.3.0A_KiDS-1347_GAaP_Gaia.fits,0.1668424448984997,0.0543553985460201,0.1719077790179068,0.0569663985460201,0.0418272237839297,0.031819,0.0461424052499151,0.033556,0.0078631152399402,0.016678,0.013113760833829,0.02208,0.052474983270653,0.059619,0.0583103236965238,0.065492,0.0308820193762894,0.038648,0.038646676457416,0.043007,0.03283,58.7909,KiDS,0
KIDS_27.1_-28.2,KIDS_27p1_m28p2_r_SDSS.V1.3.0A_KiDS-1347_GAaP_Gaia.fits,-0.0210095850982053,-0.0590372596018813,-0.0255616391286894,-0.0542662596018813,0.0377293841771855,0.064949,0.0395721686708728,0.067704,-0.0910656352936335,-0.077376,-0.0879697146547714,-0.075263,0.0605508990356607,0.052142,0.0663137757753715,0.05542,-0.0651373181575702,-0.071178,-0.0609623645136684,-0.068498,0.01326,-77.3698,KiDS,0
KIDS_173.5_2.5,KIDS_173p5_2p5_r_SDSS.V1.3.0A_KiDS-1347_GAaP_Gaia.fits,0.1592747414729393,0.103521662638201,0.1705059728879789,0.112601662638201,0.0093664679048523,0.015484,0.0125106981386324,0.020331,2.7929153614341e-05,0.008764,0.0033077241240265,0.011893,0.0897334781347762,0.078794,0.0909419189354938,0.084045,-0.0432481518010024,-0.05025,-0.0378841922188826,-0.042873,0.024725,59.1422,KiDS,0
KIDS_38.1_-27.2,KIDS_38p1_m27p2_r_SDSS.V1.3.0A_KiDS-1347_GAaP_Gaia.fits,0.0902691925316403,-0.0858667436126055,0.0898139985389172,-0.0873487436126055,0.0365740801735869,0.0432,0.0408198025387948,0.045829,-0.1155744943749427,-0.105128,-0.1126685670697375,-0.102833,0.0612467185922018,0.043299,0.0614243814353872,0.048568,0.0641499274588647,0.050367,0.0656632524626928,0.053881,0.013637,-67.565,KiDS,0
KIDS_44.9_-27.2,KIDS_44p9_m27p2_r_SDSS.V1.3.0A_KiDS-1347_GAaP_Gaia.fits,0.0191977097223547,-0.0120522759043642,0.0208500935583843,-0.0121282759043642,0.0238220949626798,0.040451,0.0273099636591289,0.041688,0.0038943322715111,0.022414,0.006452469677178,0.024343,0.0477165654683544,0.050264,0.0502978946724384,0.053794,0.0578482142452065,0.062198,0.0597991421610509,0.067558,0.01473,-61.6107,KiDS,0
KIDS_13.8_-30.2,KIDS_13p8_m30p2_r_SDSS.V1.3.0A_KiDS-1347_GAaP_Gaia.fits,0.2288022281955218,-0.0700409058436059,0.246292259490602,-0.0678759058436059,-0.0180130673100152,-0.028865,-0.0119043413153042,-0.024248,0.024516069854887,0.027675,0.0275860549496208,0.032914,0.0885686662918378,0.081569,0.0899381701531093,0.084633,0.0450355280189723,0.039462,0.0484252959067411,0.042668,0.017282,-86.8362,KiDS,0
KIDS_215.6_2.5,KIDS_215p6_2p5_r_SDSS.V1.3.0A_KiDS-1347_GAaP_Gaia.fits,-0.0391081023138154,-0.0633922891800419,-0.037452792526291,-0.0635422891800419,0.0468757835922691,0.048251,0.0496426890590441,0.051658,0.040378371473182,0.051826,0.0442894837842167,0.054634,0.0262755676864905,0.023138,0.031294208435254,0.027095,0.0423174271771787,0.039875,0.046307408151647,0.042961,0.027259,57.1169,KiDS,0
KIDS_0.0_-30.2,KIDS_0p0_m30p2_r_SDSS.V1.3.0A_KiDS-1347_GAaP_Gaia.fits,0.1829964806240109,-0.0286444730969896,0.1668488089875394,-0.0279854730969896,-0.0296406498212668,-0.020341,-0.0291227752885484,-0.016849,0.0153991314281288,0.024151,0.0184195566282282,0.026447,0.0514728553006549,0.041934,0.0593618762222805,0.045396,0.0864726352255114,0.071822,0.0900753540035435,0.075292,0.0132,-78.32,KiDS,0
KIDS_211.0_0.5,KIDS_211p0_0p5_r_SDSS.V1.3.0A_KiDS-1347_GAaP_Gaia.fits,0.2004345500135294,0.0968562025171363,0.2067262443081251,0.0982282025171363,0.0781740272083373,0.058002,0.0835400242052866,0.062123,-0.0048311333486554,0.003998,-0.0007165809727047,0.006657,0.0164902620341227,0.022487,0.0210345809625695,0.026625,0.0303913447298313,0.035319,0.0350171167109126,0.039392,0.034524,58.1795,KiDS,0
KIDS_349.4_-32.1,KIDS_349p4_m32p1_r_SDSS.V1.3.0A_KiDS-1347_GAaP_Gaia.fits,0.1131657188340542,0.027873567622111,0.1116330005748407,0.029478567622111,0.013062774899952,0.007839,0.0138812483214613,0.0102,0.0257801473571946,0.035325,0.0294812261735556,0.039398,0.0511066991485183,0.050844,0.0558589198605418,0.054301,0.0466986696817523,0.046149,0.0508861808277109,0.049267,0.013709,-69.0491,KiDS,0
KIDS_233.0_1.5,KIDS_233p0_1p5_r_SDSS.V1.3.0A_KiDS-1347_GAaP_Gaia.fits,0.0439489855212662,-0.0019062619856361,0.058273947675106,-0.0017722619856361,0.1001435122757072,0.086089,0.1056574769147861,0.088505,0.041916010982487,0.046546,0.0445831161522938,0.047704,0.0596357297113315,0.060956,0.0610820008522113,0.062982,0.0688898591328496,0.070774,0.0710764646293407,0.073198,0.040646,43.7911,KiDS,0
KIDS_16.3_-31.2,KIDS_16p3_m31p2_r_SDSS.V1.3.0A_KiDS-1347_GAaP_Gaia.fits,0.2731353082595513,0.0156148508822472,0.2723222063443141,0.0165628508822472,0.0308608627808637,0.036823,0.0348458823224851,0.04171,0.0430042770745547,0.056217,0.0484484722763914,0.061479,-0.0164736239223955,-0.032165,-0.0101438522068809,-0.025743,-0.0631864245588618,-0.071543,-0.0564436141663536,-0.066925,0.018623,-84.947,KiDS,0
KIDS_173.0_-0.5,KIDS_173p0_m0p5_r_SDSS.V1.3.0A_KiDS-1347_GAaP_Gaia.fits,0.0293211571379867,0.011194209458528,0.0319184191793512,0.011227209458528,-0.0576084464067855,-0.045598,-0.0579755585785747,-0.042046,0.027945293429609,0.036968,0.0302055067879192,0.039613,0.0358391357888731,0.024924,0.038624730073747,0.028148,0.0835486811185419,0.076647,0.0900041518817884,0.079998,0.020182,56.4098,KiDS,0
KIDS_232.0_1.5,KIDS_232p0_1p5_r_SDSS.V1.3.0A_KiDS-1347_GAaP_Gaia.fits,0.185077292628509,0.0853893834815419,0.1813212376731843,0.0871233834815419,0.0908989351925574,0.065573,0.0913862256038407,0.067297,0.0192259074957186,0.022389,0.0216232443455185,0.024155,0.0484614067678916,0.055094,0.0514308745071202,0.05811,-0.117876723269191,-0.111033,-0.1142107177063083,-0.108456,0.042053,44.5713,KiDS,0
KIDS_352.7_-35.1,KIDS_352p7_m35p1_r_SDSS.V1.3.0A_KiDS-1347_GAaP_Gaia.fits,-0.0053966397828491,-0.0407132007368162,0.0028221018268511,-0.0390922007368162,-0.0613363608045024,-0.0617,-0.0583440564034017,-0.057907,0.03723665213426,0.045457,0.0413333680476789,0.049955,0.0470089839820359,0.045569,0.0525394655078666,0.049609,0.0872287883044476,0.086647,0.0931346609500114,0.091156,0.015712,-71.0216,KiDS,0
KIDS_21.4_-33.1,KIDS_21p4_m33p1_r_SDSS.V1.3.0A_KiDS-1347_GAaP_Gaia.fits,0.1373269427553323,-0.0165154955253131,0.1390936715186759,-0.0152934955253131,0.0220349601535997,0.029159,0.0265646053975098,0.032041,0.0296858528240542,0.043946,0.0332463113687598,0.045865,0.0474175630328981,0.049453,0.0520694163928839,0.054149,-0.0278794705209025,-0.025664,-0.021878926633125,-0.022909,0.02353,-80.4573,KiDS,0
KIDS_0.0_-29.2,KIDS_0p0_m29p2_r_SDSS.V1.3.0A_KiDS-1347_GAaP_Gaia.fits,-0.039523812678712,-0.0648350759003895,-0.0297340255666632,-0.0606390759003895,0.0376747918898181,0.065222,0.0389503635161862,0.067253,-0.0647329845933967,-0.052199,-0.0622862307635333,-0.052191,0.0780634108520351,0.077646,0.0805559711845352,0.079994,0.048014934649001,0.045268,0.0509545564311049,0.047871,0.015416,-78.4952,KiDS,0
KIDS_213.0_1.5,KIDS_213p0_1p5_r_SDSS.V1.3.0A_KiDS-1347_GAaP_Gaia.fits,0.1800832210407273,0.0816138043117453,0.188654935070604,0.0830798043117452,0.0708192028438969,0.051273,0.0740864105486446,0.054077,0.0428597353458513,0.049656,0.0465727554432047,0.052447,0.0329095760781624,0.037986,0.0369558592778653,0.041066,0.0369295824181116,0.039591,0.0419272748781823,0.043105,0.033994,57.9018,KiDS,0
KIDS_166.0_-0.5,KIDS_166p0_m0p5_r_SDSS.V1.3.0A_KiDS-1347_GAaP_Gaia.fits,0.056058114073204,-0.0301053085967852,0.0598936914733361,-0.0302833085967852,-0.0001286351408215,-0.002504,0.00142250267876,0.000338,0.005901888315822,0.016482,0.0100958640483016,0.018431,0.0523101932628373,0.054408,0.0568170593568564,0.058535,0.0621994217554763,0.06443,0.0697817391217467,0.07211,0.033252,52.1651,KiDS,0
KIDS_51.6_-34.1,KIDS_51p6_m34p1_r_SDSS.V1.3.0A_KiDS-1347_GAaP_Gaia.fits,0.1686282167837517,0.0267976837322134,0.1621944013054463,0.0320286837322134,0.061478975414122,0.075503,0.0635708979988524,0.078372,0.0054346733869602,0.016822,0.0081717087606888,0.020209,0.0572839829374694,0.045198,0.059738499786757,0.047806,0.0387258233683336,0.030152,0.0415513823838502,0.033379,0.009256,-56.151,KiDS,0
KIDS_185.5_2.5,KIDS_185p5_2p5_r_SDSS.V1.3.0A_KiDS-1347_GAaP_Gaia.fits,0.1003222567086645,0.0447888967782524,0.1063828120878096,0.0441778967782524,-0.0335027023714313,-0.050016,-0.0299254233744249,-0.041435,0.0094965274374137,0.00431,0.0130987611371834,0.009864,0.0510762054828329,0.031935,0.0540403226642153,0.039398,0.0732149945571074,0.051562,0.0775857525869509,0.05909,0.016654,64.3496,KiDS,0
KIDS_336.7_-31.2,KIDS_336p7_m31p2_r_SDSS.V1.3.0A_KiDS-1347_GAaP_Gaia.fits,-0.016222227042687,-0.0317899599947539,-0.0195270351559326,-0.0295159599947539,-0.0214995402984879,-0.008467,-0.0216989793213697,-0.005337,0.0876019939285082,0.098428,0.0910580870303197,0.101594,0.0423904417403573,0.033894,0.0463426931298786,0.036829,-0.0365139674713578,-0.043956,-0.0318288033192566,-0.041315,0.011562,-58.277,KiDS,0
KIDS_32.6_-31.2,KIDS_32p6_m31p2_r_SDSS.V1.3.0A_KiDS-1347_GAaP_Gaia.fits,0.2426182207880018,0.0842163052108463,0.2476372997218897,0.0895343052108463,0.0292446466336699,0.051576,0.0305698827788898,0.054144,0.0289619671797352,0.039575,0.0317666125279517,0.04113,0.0645282338476185,0.05754,0.0689673815603247,0.060539,-0.0488333246765158,-0.065303,-0.0439464862786715,-0.063306,0.019323,-72.2804,KiDS,0
KIDS_24.2_-30.2,KIDS_24p2_m30p2_r_SDSS.V1.3.0A_KiDS-1347_GAaP_Gaia.fits,0.051232147029347,-0.0689332161404503,0.0793291232396947,-0.0663842161404504,-0.0600535296703099,-0.025508,-0.057610091818136,-0.024474,-0.0030520165034641,0.01138,0.0011406111221182,0.013892,0.0285054169451396,0.021249,0.0362936224204014,0.025154,-0.0674670090052247,-0.080979,-0.0607739064080354,-0.07669,0.01403,-79.6214,KiDS,0
KIDS_235.0_-0.5,KIDS_235p0_m0p5_r_SDSS.V1.3.0A_KiDS-1347_GAaP_Gaia.fits,-0.0088008647210243,-0.1188907659746473,-0.0148236879171671,-0.1181257659746473,0.0289611734601028,0.014967,0.0299867037727429,0.017321,0.0189744868884501,0.020775,0.0217761850315399,0.023189,-0.0012227409702157,0.005732,0.002987881362429,0.008791,0.0528396010455748,0.060065,0.0568946690695144,0.064431,0.092172,40.9746,KiDS,0
KIDS_141.0_1.5,KIDS_141p0_1p5_r_SDSS.V1.3.0A_KiDS-1347_GAaP_Gaia.fits,-0.0858936606212246,-0.1254597770124693,-0.0867255051315611,-0.1235857770124694,0.0590973153764185,0.061449,0.0600054229610252,0.063366,0.0447287185643011,0.054474,0.0474129939793575,0.056812,0.0339035903265953,0.0387,0.0372149534826198,0.040556,-0.0923103037612069,-0.088248,-0.0890465634294952,-0.086045,0.032659,34.1465,KiDS,0
KIDS_15.8_-35.1,KIDS_15p8_m35p1_r_SDSS.V1.3.0A_KiDS-1347_GAaP_Gaia.fits,-0.296490036430076,-0.3579813681703828,-0.289202683895603,-0.3578903681703829,0.0345892918932402,0.049288,0.0396319442285227,0.053877,0.0296188378026847,0.034492,0.0320092099051048,0.038397,0.0898485316489779,0.074235,0.0920597769982199,0.078493,0.058380366839059,0.04519,0.0600915949536687,0.047386,0.014935,-81.5993,KiDS,0
KIDS_187.0_-1.5,KIDS_187p0_m1p5_r_SDSS.V1.3.0A_KiDS-1347_GAaP_Gaia.fits,0.0702129693581932,0.0674173551434769,0.0698753261002918,0.0693843551434769,-0.0051837320066518,0.016817,-0.0021526992199192,0.018358,0.0488343452771507,0.055991,0.0525630980641112,0.058415,0.0420789900959278,0.032993,0.0476480134186606,0.038545,0.0155312506260934,0.006474,0.021533357766715,0.01039,0.021044,60.8275,KiDS,0
KIDS_159.4_-3.5,KIDS_159p4_m3p5_r_SDSS.V1.3.0A_KiDS-1347_GAaP_Gaia.fits,0.0016172460432892,-0.1340742732587171,0.0084822387732691,-0.1345542732587171,0.0680474151881884,0.042972,0.0696659875844993,0.045534,0.0212225269291424,0.024048,0.0236268352367781,0.025765,0.0489044483102289,0.056949,0.0517916000517911,0.059601,-0.0699241333761872,-0.060993,-0.0662246799829652,-0.057286,0.05216,45.5531,KiDS,0
KIDS_134.0_0.5,KIDS_134p0_0p5_r_SDSS.V1.3.0A_KiDS-1347_GAaP_Gaia.fits,0.0608961210457591,-0.0147418886079881,0.0689801045916943,-0.0142118886079881,-0.0495866432492326,-0.068075,-0.0464650649122625,-0.066489,-0.0298799306640424,-0.025515,-0.0279895634052897,-0.022958,0.0098019462399624,0.015157,0.0116322906736381,0.017127,0.0367268002132538,0.042995,0.0388132615584044,0.044593,0.040269,27.6512,KiDS,0
KIDS_214.6_-3.5,KIDS_214p6_m3p5_r_SDSS.V1.3.0A_KiDS-1347_GAaP_Gaia.fits,-0.0664119908859706,-0.1056663877068439,-0.0582166693872434,-0.1056663877068439,0.059230710199869,0.051577,0.0630110125752229,0.054426,0.0036106381196803,0.007258,0.0059267064491233,0.009835,0.0492427512219536,0.046901,0.0517988823826792,0.049181,0.0692926611450156,0.065573,0.0713855423723356,0.068406,0.04406,52.9022,KiDS,0
KIDS_176.5_-3.5,KIDS_176p5_m3p5_r_SDSS.V1.3.0A_KiDS-1347_GAaP_Gaia.fits,-0.0237536503487272,-0.1283564718095053,-0.019462872052674,-0.1275954718095052,-0.0292580306803839,-0.029842,-0.0262166578396573,-0.025814,-0.0948249123916612,-0.08696,-0.0922556555491555,-0.084415,0.0535168760780966,0.054143,0.0571015242924357,0.058135,0.0281620628415603,0.028306,0.0314243212266902,0.031257,0.021551,55.5502,KiDS,0
KIDS_183.0_1.5,KIDS_183p0_1p5_r_SDSS.V1.3.0A_KiDS-1347_GAaP_Gaia.fits,0.1637476455566489,0.0762756227989218,0.1593310656850101,0.0773336227989218,0.0373373231512992,0.023065,0.0394289325887121,0.027802,0.0076789125110843,0.011205,0.0114532782564418,0.014941,0.0179847915682797,0.014073,0.0231479289526822,0.017107,-0.1086438326911662,-0.114964,-0.102618567980044,-0.110048,0.024265,62.6815,KiDS,0
KIDS_14.0_-31.2,KIDS_14p0_m31p2_r_SDSS.V1.3.0A_KiDS-1347_GAaP_Gaia.fits,0.0032748163981913,-0.0345625963294998,0.0105737078314757,-0.0343455963294998,-0.0656168487422271,-0.045562,-0.0648393095906776,-0.043366,0.0161205076999776,0.03151,0.0178284525937351,0.03395,0.0443320251459243,0.042326,0.0476094410456104,0.046867,0.0788531413983023,0.073992,0.081785161246279,0.078132,0.015356,-85.8372,KiDS,0
KIDS_194.5_2.5,KIDS_194p5_2p5_r_SDSS.V1.3.0A_KiDS-1347_GAaP_Gaia.fits,-0.0576202603498859,-0.0893990061280441,-0.0545077670060938,-0.089103006128044,-0.0616104940923204,-0.058454,-0.0576562670963323,-0.055349,0.0100498835935716,0.014272,0.0135677405169186,0.017837,-0.0288013256436862,-0.035544,-0.0245237513655026,-0.032004,0.0532664816465781,0.047237,0.0565223243797411,0.050818,0.021351,65.3079,KiDS,0
KIDS_191.5_-2.5,KIDS_191p5_m2p5_r_SDSS.V1.3.0A_KiDS-1347_GAaP_Gaia.fits,-0.0576046315817258,-0.0835898214480469,-0.0540957827570614,-0.0798538214480469,-0.1387102302871965,-0.136686,-0.1348037152460333,-0.13495,0.002958205420597,0.004071,0.0070394033811021,0.008029,0.0357071102930221,0.024227,0.0400390686895971,0.027938,0.0960904239911926,0.087052,0.1013590373312097,0.090718,0.023823,60.3578,KiDS,0
KIDS_35.3_-29.2,KIDS_35p3_m29p2_r_SDSS.V1.3.0A_KiDS-1347_GAaP_Gaia.fits,0.1175151172346671,-0.102279693107865,0.1058355809150111,-0.100837693107865,-0.2227984164519382,-0.214007,-0.2190606452852881,-0.208402,0.0206744260977323,0.04161,0.0225018055067357,0.045518,0.0162292057387298,0.021032,0.0148905281967226,0.022571,0.039482556004362,0.041486,0.0382821557235492,0.044458,0.015276,-70.1369,KiDS,0
KIDS_9.0_-27.2,KIDS_9p0_m27p2_r_SDSS.V1.3.0A_KiDS-1347_GAaP_Gaia.fits,-0.0106424811345783,-0.1253569769582529,0.0021906111287062,-0.126189976958253,0.0430285921041742,0.050564,0.047950811389152,0.055222,0.046188987180122,0.058304,0.0490892010898621,0.061999,0.0829551286847347,0.081805,0.084883716680995,0.084812,-0.0438799309142522,-0.044641,-0.0408660531483841,-0.036055,0.011778,-86.4918,KiDS,0
KIDS_4.6_-29.2,KIDS_4p6_m29p2_r_SDSS.V1.3.0A_KiDS-1347_GAaP_Gaia.fits,0.1567504531060053,-0.0299799331240866,0.1634204436070658,-0.0299799331240866,-0.0080409514600114,0.003125,-0.0073101962245891,0.005935,0.0087062682677597,0.021491,0.0124653104060557,0.025237,0.1394331764401867,0.129139,0.1438832451469828,0.13518,0.0699178587842918,0.055701,0.0734160274659877,0.060769,0.017995,-82.3884,KiDS,0
KIDS_35.9_-27.2,KIDS_35p9_m27p2_r_SDSS.V1.3.0A_KiDS-1347_GAaP_Gaia.fits,-0.0545037195114254,-0.0930392882163652,-0.050118187038024,-0.0933872882163652,0.0610648147197554,0.077074,0.0651189068759122,0.080387,-0.1092022229376409,-0.086676,-0.1044396168606342,-0.084778,0.0417799179436343,0.049969,0.0461323957907273,0.054483,0.0340576819154499,0.039434,0.03984933175636,0.042433,0.011362,-69.5563,KiDS,0
KIDS_191.5_2.5,KIDS_191p5_2p5_r_SDSS.V1.3.0A_KiDS-1347_GAaP_Gaia.fits,-0.1122762255266922,-0.0947642029533835,-0.0908394854271768,-0.0921282029533835,-0.0854822163418825,-0.085209,-0.0786395746999243,-0.080326,0.0194697581842705,0.019465,0.0223958603952732,0.024179,-0.0268678753162838,-0.042994,-0.0254402210806841,-0.036037,0.0742829046840129,0.059422,0.0743705385904692,0.065057,0.021907,65.3202,KiDS,0
KIDS_1.2_-32.1,KIDS_1p2_m32p1_r_SDSS.V1.3.0A_KiDS-1347_GAaP_Gaia.fits,0.2282518845322042,0.0713452258570767,0.2407400858424888,0.0714252258570767,0.0545417523602032,0.050891,0.0625196863553861,0.052974,0.043202116902386,0.059074,0.0456218966956566,0.059481,0.0237975918232291,0.027163,0.0247601589402275,0.032013,0.0354675640812333,0.037926,0.0377006528139533,0.041616,0.012271,-78.679,KiDS,0
KIDS_31.6_-35.1,KIDS_31p6_m35p1_r_SDSS.V1.3.0A_KiDS-1347_GAaP_Gaia.fits,-0.0270539186512167,-0.0832890750991303,-0.0353774474468432,-0.0860200750991303,-0.027235427261156,0.006861,-0.0228900058948977,0.011826,0.0208785022391811,0.038504,0.0241141137839072,0.04341,0.032195773787321,0.025774,0.0344770022841523,0.027012,0.1154829812325003,0.107782,0.1179843806241218,0.112184,0.010777,-72.0972,KiDS,0
KIDS_14.8_-29.2,KIDS_14p8_m29p2_r_SDSS.V1.3.0A_KiDS-1347_GAaP_Gaia.fits,0.1104619932787765,-0.0568553866179256,0.0896266230359484,-0.0565643866179255,0.0556879934471498,0.064009,0.0534675446781949,0.066956,0.0350486845015197,0.046083,0.0386915792047558,0.048577,0.0161576224489185,0.012476,0.0230881233108162,0.016373,0.0261703991642524,0.031318,0.0334941641244859,0.035245,0.02037,-87.279,KiDS,0
KIDS_229.0_1.5,KIDS_229p0_1p5_r_SDSS.V1.3.0A_KiDS-1347_GAaP_Gaia.fits,0.0043355637693934,-0.0476852594794668,-0.0005886711033243,-0.0468382594794668,0.0143767393457956,0.010919,0.014279404872254,0.011759,-0.0176314600627071,-0.012712,-0.0158012123606553,-0.010907,0.0518556570090411,0.049765,0.0548664867826631,0.051549,0.0791232541013663,0.077526,0.0838662257724202,0.080507,0.039226,46.8998,KiDS,0
KIDS_194.0_-1.5,KIDS_194p0_m1p5_r_SDSS.V1.3.0A_KiDS-1347_GAaP_Gaia.fits,-0.1515687796282371,-0.1230708100316033,-0.1335348622240007,-0.1209108100316032,-0.0952690598791014,-0.078152,-0.083106739865356,-0.076049,0.0319789298887474,0.039291,0.0366710259077858,0.043136,0.0536087305672826,0.04063,0.0557990324709202,0.045897,0.0704969877781793,0.061418,0.0753672046911259,0.067789,0.017369,61.3551,KiDS,0
KIDS_8.2_-31.2,KIDS_8p2_m31p2_r_SDSS.V1.3.0A_KiDS-1347_GAaP_Gaia.fits,0.0335236913733419,-0.1071200415500966,0.0427366723404166,-0.1045700415500966,0.0004641627314715,0.006092,0.002042777277034,0.008852,0.0332943511643511,0.047624,0.0359790660486028,0.05016,0.0212236745795781,0.028036,0.0249362010682398,0.030179,0.1318328934371693,0.129173,0.13599142606321,0.13512,0.014176,-84.2329,KiDS,0
KIDS_186.5_3.5,KIDS_186p5_3p5_r_SDSS.V1.3.0A_KiDS-1347_GAaP_Gaia.fits,0.0894514997683627,0.0338053929925593,0.1073851713632413,0.0338053929925593,0.0342546962919961,0.024482,0.0404041805938576,0.026828,0.0021638765838046,0.005042,0.0066673621804401,0.009809,0.0545275985015309,0.042807,0.0608225108278467,0.046947,-0.1234790984027006,-0.136131,-0.1207975144475449,-0.130755,0.014277,65.5713,KiDS,0
KIDS_219.0_1.5,KIDS_219p0_1p5_r_SDSS.V1.3.0A_KiDS-1347_GAaP_Gaia.fits,0.13930682948033,0.0349067225581535,0.133626292702465,0.0346237225581535,0.0617118845342842,0.039005,0.061946756191637,0.041526,0.0170351267649491,0.022858,0.019755351927222,0.025498,0.0500027173016039,0.056486,0.0545648427698556,0.059603,0.0385670695078096,0.044597,0.0437703876175766,0.048471,0.037628,54.134,KiDS,0
KIDS_330.6_-32.1,KIDS_330p6_m32p1_r_SDSS.V1.3.0A_KiDS-1347_GAaP_Gaia.fits,0.0714020294476776,0.0151510018726805,0.0768963001670792,0.0164980018726805,0.077381507911161,0.069088,0.0790361383866325,0.069965,0.0352261867980386,0.042926,0.0364380399123214,0.045063,0.0722384946080961,0.068866,0.0726828773168684,0.070882,0.0799117218295146,0.078331,0.0816517100974416,0.080774,0.025124,-53.1365,KiDS,0
KIDS_335.7_-35.1,KIDS_335p7_m35p1_r_SDSS.V1.3.0A_KiDS-1347_GAaP_Gaia.fits,-0.284069502885856,-0.305494937441822,-0.2768895013669318,-0.305494937441822,-0.0085745946486138,0.006247,-0.0056583132890822,0.00911,-0.045486393150067,-0.030282,-0.0428763127379529,-0.027162,0.0443517974958361,0.042189,0.047521136774834,0.044055,0.0229417214723212,0.021997,0.0261561816907184,0.025427,0.010259,-57.3665,KiDS,0
KIDS_11.4_-29.2,KIDS_11p4_m29p2_r_SDSS.V1.3.0A_KiDS-1347_GAaP_Gaia.fits,0.0691981391278144,-0.0555356547299892,0.0881663819959857,-0.0529556547299892,0.0087625788000695,0.016653,0.0147738202038594,0.021859,0.0369774961246266,0.044652,0.0415494581852687,0.050238,0.0266141699601882,0.016729,0.0313335874858542,0.020826,0.0277984257691888,0.017019,0.0318051779352345,0.024472,0.019358,-87.5235,KiDS,0
KIDS_25.3_-30.2,KIDS_25p3_m30p2_r_SDSS.V1.3.0A_KiDS-1347_GAaP_Gaia.fits,0.2194501745306266,0.0827242888751479,0.2331138479749783,0.0840522888751479,0.0229812253922155,0.032401,0.0257589946231402,0.035737,0.026992103716387,0.041562,0.0298993676211095,0.044544,0.0144176783625046,0.009231,0.0209613554723079,0.013433,0.0344292755982967,0.034829,0.0393815551487811,0.039289,0.013382,-78.6634,KiDS,0
KIDS_172.0_-0.5,KIDS_172p0_m0p5_r_SDSS.V1.3.0A_KiDS-1347_GAaP_Gaia.fits,0.0684222872804142,0.0203135426867309,0.0960219746417123,0.0217705426867309,0.05648666534242,0.057982,0.0599183447216122,0.062615,0.0069916238877217,0.012636,0.0086761368477837,0.014254,0.0950093522721001,0.079096,0.0981584441403032,0.084956,0.0721369920991806,0.064198,0.0768094815092515,0.068982,0.023612,55.8622,KiDS,0
KIDS_213.6_2.5,KIDS_213p6_2p5_r_SDSS.V1.3.0A_KiDS-1347_GAaP_Gaia.fits,0.0326144913757906,-0.0304303575503137,0.0409120816240475,-0.0299703575503137,0.0733337444786871,0.064411,0.0763278419157149,0.066498,0.0325822940088458,0.035492,0.0351976869701578,0.039003,0.0751050307411132,0.072538,0.0776962600766586,0.07538,0.0539300301441125,0.049738,0.0564534228021704,0.052851,0.038063,58.358,KiDS,0
KIDS_22.6_-33.1,KIDS_22p6_m33p1_r_SDSS.V1.3.0A_KiDS-1347_GAaP_Gaia.fits,0.090248995808842,-0.0766346444327643,0.0943981132068305,-0.0763566444327643,-0.1404838857726431,-0.116336,-0.1351433676757184,-0.115134,-0.1461210350978289,-0.130556,-0.1429252725356797,-0.128679,0.0589437194054318,0.050438,0.0599871427339643,0.054018,0.625893122183721,0.618059,0.6268871358589689,0.621576,0.020742,-79.6787,KiDS,0
KIDS_336.9_-35.1,KIDS_336p9_m35p1_r_SDSS.V1.3.0A_KiDS-1347_GAaP_Gaia.fits,0.0368162494556885,-0.0139121565720903,0.0510586246045936,-0.0139491565720902,0.0039175305772168,0.008135,0.0086695313331194,0.010144,0.0467434263695723,0.062589,0.0503900012382119,0.065049,0.0401267993410275,0.043611,0.0426300488465684,0.045778,0.065602137988971,0.070863,0.0691671077069917,0.073245,0.00973,-58.3627,KiDS,0
KIDS_50.6_-32.1,KIDS_50p6_m32p1_r_SDSS.V1.3.0A_KiDS-1347_GAaP_Gaia.fits,0.2426805790983256,0.0946530084624193,0.240922932888992,0.0954200084624193,-0.0415414979453045,-0.033886,-0.0394841543910896,-0.032875,0.0131402395417113,0.024489,0.0151129394419596,0.025373,-0.0178796713698951,-0.02184,-0.0149532812087499,-0.019739,0.0372666661451218,0.036649,0.040423329006963,0.038845,0.011155,-56.983,KiDS,0
KIDS_135.0_0.5,KIDS_135p0_0p5_r_SDSS.V1.3.0A_KiDS-1347_GAaP_Gaia.fits,0.0698426102859779,0.0868551330687583,0.0746347248854123,0.0891111330687583,0.0302029033712433,0.031285,0.0330455786346667,0.03396,0.0282934470777243,0.038873,0.0308882614420818,0.04112,0.1551980535368848,0.15508,0.158296286437229,0.158697,-0.0492777706893436,-0.048317,-0.0477810531802467,-0.046296,0.030541,28.5088,KiDS,0
KIDS_174.0_-0.5,KIDS_174p0_m0p5_r_SDSS.V1.3.0A_KiDS-1347_GAaP_Gaia.fits,0.0449023820056121,0.0456903397028257,0.0651336874477061,0.0474853397028257,0.0385233083070717,0.060324,0.0451542001145596,0.066245,0.0320923296534486,0.04368,0.0357829504691592,0.047076,0.0189933684446526,0.01133,0.0220235466795489,0.017548,0.041651365881333,0.034683,0.0452343778640454,0.040113,0.018081,56.9412,KiDS,0
KIDS_29.6_-29.2,KIDS_29p6_m29p2_r_SDSS.V1.3.0A_KiDS-1347_GAaP_Gaia.fits,0.1483140748005303,-0.0354250964087511,0.1523107159495184,-0.0352480964087511,-0.1608934711603848,-0.16744,-0.1586100016902997,-0.163015,0.1019469185391598,0.114236,0.10620686521542,0.117735,0.0652596828495825,0.063399,0.071979253113817,0.066039,0.0377556277164241,0.032343,0.0417149636356233,0.036192,0.013357,-75.0776,KiDS,0
KIDS_5.9_-33.1,KIDS_5p9_m33p1_r_SDSS.V1.3.0A_KiDS-1347_GAaP_Gaia.fits,0.2440919784820326,0.0569477648706188,0.2464439988217482,0.0582117648706188,-0.0517050823973791,-0.036159,-0.048919738450571,-0.034951,0.0350711006486946,0.054017,0.0386543206324963,0.05614,0.0551808117399545,0.056048,0.0592568144922779,0.058823,0.0465299036754685,0.050202,0.0510122719458959,0.054284,0.01115,-81.5258,KiDS,0
KIDS_170.5_2.5,KIDS_170p5_2p5_r_SDSS.V1.3.0A_KiDS-1347_GAaP_Gaia.fits,-0.104629026334605,-0.1469379281330692,-0.0871864671610889,-0.1462729281330691,0.0077965293490911,0.019075,0.0144202548991686,0.02316,-0.0997849694188101,-0.086513,-0.0933854962700819,-0.082667,0.0283899002402475,0.029179,0.0344122440558135,0.032948,-0.1970449649994218,-0.200853,-0.1901311389090856,-0.194154,0.035174,57.345,KiDS,0
KIDS_49.0_-29.2,KIDS_49p0_m29p2_r_SDSS.V1.3.0A_KiDS-1347_GAaP_Gaia.fits,0.0272835447830246,-0.0522141881223558,0.0577425680994656,-0.0521741881223558,0.0132227306590923,0.034776,0.0202635943109642,0.036985,-0.0913368911922875,-0.073333,-0.0888151866227233,-0.072145,-0.0132937414023922,-0.013116,-0.0133514675056181,-0.009019,-0.0858871851134585,-0.087152,-0.0845468280524026,-0.082748,0.014398,-58.2116,KiDS,0
KIDS_221.0_-1.5,KIDS_221p0_m1p5_r_SDSS.V1.3.0A_KiDS-1347_GAaP_Gaia.fits,0.1434430382185514,0.1011957447355457,0.1501032424260833,0.1019397447355457,0.0409140648609133,0.038414,0.0448982727793692,0.042721,0.0131215240908103,0.015248,0.0159237558851486,0.016929,0.0538604247042372,0.048026,0.0582823426794504,0.051123,0.027804566236209,0.022681,0.0309637656386055,0.02513,0.041049,50.603,KiDS,0
KIDS_332.0_-27.2,KIDS_332p0_m27p2_r_SDSS.V1.3.0A_KiDS-1347_GAaP_Gaia.fits,0.1313584276453805,0.0619974826852469,0.1205879187621149,0.0650574826852469,-0.0400561731732558,-0.04386,-0.0386829015182574,-0.042683,0.0384667477724903,0.048989,0.040771436846836,0.050234,0.0614724165290433,0.065874,0.0647763288304106,0.066453,0.0526891062214907,0.054693,0.0563576367830124,0.056537,0.022081,-53.7685,KiDS,0
KIDS_132.0_0.5,KIDS_132p0_0p5_r_SDSS.V1.3.0A_KiDS-1347_GAaP_Gaia.fits,0.073521445857236,0.0322191355958875,0.0656353881608339,0.0324661355958875,0.0524288122775534,0.044329,0.0505708756936137,0.045738,0.0468152687522783,0.051235,0.0484493044266086,0.053687,0.0504498488658469,0.049536,0.0532479108175737,0.051675,-0.1481593130042688,-0.148662,-0.1440876640917534,-0.145666,0.031606,25.9393,KiDS,0
KIDS_30.6_-32.1,KIDS_30p6_m32p1_r_SDSS.V1.3.0A_KiDS-1347_GAaP_Gaia.fits,0.054177194666269,-0.0015087477444371,0.0384993062625883,-0.0002287477444371,-0.0393325690005406,-0.013189,-0.0396271213440511,-0.008989,0.0378421235445719,0.049674,0.0411653286502856,0.05293,0.0542398977516185,0.046397,0.0599729269733692,0.051679,-0.0412810306589125,-0.049145,-0.0358601168223602,-0.046341,0.015932,-73.8122,KiDS,0
KIDS_191.5_-3.5,KIDS_191p5_m3p5_r_SDSS.V1.3.0A_KiDS-1347_GAaP_Gaia.fits,0.0632459251322216,-0.019283264973662,0.0700959054020141,-0.019283264973662,0.033407506003291,0.034325,0.0399834877428405,0.040086,-0.007251207395471,-0.005053,-0.0023374111953721,0.000849,0.0335040820234515,0.023921,0.0383093042782108,0.028204,-0.0990747029342481,-0.107956,-0.0934292178342141,-0.103198,0.022333,59.3767,KiDS,0
KIDS_210.0_0.5,KIDS_210p0_0p5_r_SDSS.V1.3.0A_KiDS-1347_GAaP_Gaia.fits,0.1180474677187121,0.0378672942406866,0.1260855023109684,0.0380812942406866,0.0602099723650255,0.049129,0.0657440534828406,0.053408,-0.0504338704049587,-0.043635,-0.0477628409862518,-0.040303,-0.0282390669966182,-0.027229,-0.0275660807152337,-0.023198,0.0278601955891141,0.0265,0.0299706268511651,0.03009,0.032351,58.6944,KiDS,0
KIDS_162.0_0.5,KIDS_162p0_0p5_r_SDSS.V1.3.0A_KiDS-1347_GAaP_Gaia.fits,0.0636014300148425,0.0128860735505362,0.0470840353326737,0.0150310735505362,0.0400426812864953,0.047705,0.0376176516990799,0.050534,0.0462354099738733,0.053938,0.047895532673921,0.057219,0.0310493691862134,0.039244,0.0355911286361911,0.042016,0.0692080845938011,0.07711,0.074850659839635,0.080442,0.036756,50.1658,KiDS,0
KIDS_203.0_-0.5,KIDS_203p0_m0p5_r_SDSS.V1.3.0A_KiDS-1347_GAaP_Gaia.fits,0.0723367050029643,-0.0519211186929271,0.0708021233298453,-0.048862118692927,-0.0093238592662478,-0.029182,-0.0065509460789092,-0.025949,-0.0345902422201559,-0.027604,-0.0310477799557173,-0.022634,0.021314696978962,0.02416,0.0251290715385282,0.027186,0.0707529494090202,0.071455,0.0766416375368081,0.074587,0.025643,60.7275,KiDS,0
KIDS_185.5_-3.5,KIDS_185p5_m3p5_r_SDSS.V1.3.0A_KiDS-1347_GAaP_Gaia.fits,0.1904299281130833,0.048182730229856,0.1859767846478705,0.048309730229856,0.0682445728052047,0.046655,0.0688956858035648,0.050712,-0.0150226121308007,-0.008825,-0.0109243778940019,-0.004025,-0.0827863899754645,-0.077649,-0.07546908209235,-0.073696,0.1038644283348548,0.106976,0.1092354637425844,0.11029,0.034737,58.6079,KiDS,0
KIDS_39.2_-33.1,KIDS_39p2_m33p1_r_SDSS.V1.3.0A_KiDS-1347_GAaP_Gaia.fits,0.0994842967546089,-0.0287817243369402,0.091781701142761,-0.0284187243369402,-0.1537403366100225,-0.122086,-0.1525849375830136,-0.123268,0.0040960486825594,0.021298,0.0068134772122535,0.025094,0.0685914363430093,0.067289,0.0701421449988601,0.069712,0.0341564098761345,0.027155,0.0391773308675598,0.030637,0.016751,-66.4967,KiDS,0
KIDS_26.8_-31.2,KIDS_26p8_m31p2_r_SDSS.V1.3.0A_KiDS-1347_GAaP_Gaia.fits,0.1865802492278367,0.0158931030310229,0.1913375972732746,0.0148591030310229,0.0179723208490773,0.026438,0.0220764118467049,0.02922,0.0345266474690038,0.046987,0.0395479924060323,0.051899,0.080449487544026,0.078014,0.0859366502446322,0.082447,-0.0509508297878719,-0.059783,-0.046977165546767,-0.056995,0.01305,-77.1698,KiDS,0
KIDS_344.4_-34.1,KIDS_344p4_m34p1_r_SDSS.V1.3.0A_KiDS-1347_GAaP_Gaia.fits,-0.0273802268394666,-0.0974169530597206,-0.0252367829940085,-0.0968439530597206,0.0329551546309854,0.039776,0.0361246771328101,0.042335,0.03717106618867,0.047173,0.0393177831029204,0.049597,0.0472757539979958,0.041355,0.0496419341077597,0.043755,0.1050548768356413,0.106127,0.1086680070003443,0.106226,0.013736,-64.6185,KiDS,0
KIDS_133.0_-1.5,KIDS_133p0_m1p5_r_SDSS.V1.3.0A_KiDS-1347_GAaP_Gaia.fits,0.0400272296062243,0.0643701009928296,0.0442637823753599,0.0646561009928296,-0.0335881946479587,-0.031103,-0.0314259070778478,-0.029642,-0.0003610915508604,0.010445,0.0014514929548537,0.012703,0.0709606044699197,0.069742,0.0727770380085488,0.071799,0.081095998314626,0.078726,0.0829441197277801,0.079469,0.016416,25.7767,KiDS,0
KIDS_329.5_-28.2,KIDS_329p5_m28p2_r_SDSS.V1.3.0A_KiDS-1347_GAaP_Gaia.fits,0.0638649906376833,-0.0140285701076867,0.0703464329744125,-0.0129985701076867,-0.0597140424559817,-0.076526,-0.0572887532769466,-0.073978,0.0344693060742709,0.040161,0.0363506474804072,0.041264,0.0561040013191188,0.059374,0.0574310055232586,0.060955,0.0268727967712703,0.032889,0.0290071132554663,0.03481,0.025906,-51.8236,KiDS,0
KIDS_22.8_-34.1,KIDS_22p8_m34p1_r_SDSS.V1.3.0A_KiDS-1347_GAaP_Gaia.fits,-0.0013304002880087,-0.0530564887507894,0.0155174690659247,-0.0509734887507894,-0.1768062958515115,-0.151204,-0.1704782521469832,-0.148147,0.0366723428797582,0.044053,0.0395451665331241,0.046052,0.0727820352288352,0.058611,0.0743015075721113,0.060097,0.6399804682932686,0.626155,0.6409511430419438,0.629509,0.016099,-78.9445,KiDS,0
KIDS_51.1_-33.1,KIDS_51p1_m33p1_r_SDSS.V1.3.0A_KiDS-1347_GAaP_Gaia.fits,0.2074350531879016,0.0676523774820927,0.2119083313960703,0.0740363774820927,-0.0512625714596853,-0.033674,-0.0496172034676248,-0.031284,0.0335175725910531,0.051803,0.0355574946673412,0.053011,0.0447920367994668,0.038894,0.0469921461752049,0.042803,0.0784012951060825,0.075081,0.080252036785557,0.078963,0.010963,-56.5622,KiDS,0
KIDS_200.6_-2.5,KIDS_200p6_m2p5_r_SDSS.V1.3.0A_KiDS-1347_GAaP_Gaia.fits,0.0799225367455462,0.0787647948329796,0.0768849400686305,0.0814757948329796,0.0801029629557982,0.086086,0.0813739089034806,0.088775,0.0339299333489129,0.039661,0.0363548656865325,0.04162,0.1596469195784564,0.158391,0.1633505195960799,0.160075,0.0263278481138986,0.023959,0.0297344524470523,0.026405,0.028482,59.4563,KiDS,0
KIDS_340.8_-34.1,KIDS_340p8_m34p1_r_SDSS.V1.3.0A_KiDS-1347_GAaP_Gaia.fits,-0.055452218467608,-0.1089684626788097,-0.0469329984198377,-0.1093604626788097,0.0372187656445695,0.048087,0.0392629725185717,0.04951,0.0181499168444499,0.02957,0.0196147699434923,0.030835,0.0712589334750943,0.07171,0.0733908470303017,0.073581,0.0522391405818792,0.053345,0.0542731792231622,0.054765,0.010915,-61.6546,KiDS,0
KIDS_45.1_-28.2,KIDS_45p1_m28p2_r_SDSS.V1.3.0A_KiDS-1347_GAaP_Gaia.fits,0.2115717952116951,-0.0572323380593042,0.2011977182783638,-0.0571533380593042,-0.0101628718813613,-0.001089,-0.0110904533483655,0.001883,-0.0584030964579311,-0.040765,-0.0560305843995653,-0.038972,0.0402213576971099,0.039826,0.0455201230873842,0.042835,-0.0085633175770665,-0.006528,-0.0048271839479794,-0.003509,0.015545,-61.4854,KiDS,0
KIDS_136.4_2.5,KIDS_136p4_2p5_r_SDSS.V1.3.0A_KiDS-1347_GAaP_Gaia.fits,0.1130428904549624,0.0449066795824733,0.1214681997742466,0.0450366795824733,0.0248146487282366,0.027413,0.0294693445014549,0.029058,0.0411130210319848,0.05823,0.0441406027399061,0.059925,0.0770293595383408,0.090557,0.079924327815247,0.093411,-0.0573962766652955,-0.047812,-0.0551026950934579,-0.045753,0.03326,30.7111,KiDS,0
KIDS_183.0_0.5,KIDS_183p0_0p5_r_SDSS.V1.3.0A_KiDS-1347_GAaP_Gaia.fits,0.1157686230949612,0.0478562339938674,0.1242748239936915,0.0479522339938674,0.0397652319628882,0.03255,0.0432839185086854,0.035939,-0.0157927905861056,-0.014834,-0.0120444533297451,-0.009262,0.0456661184369689,0.045954,0.0519947243715344,0.051042,0.0308175412401918,0.027422,0.035672155881732,0.032731,0.023357,61.7425,KiDS,0
KIDS_135.0_-1.5,KIDS_135p0_m1p5_r_SDSS.V1.3.0A_KiDS-1347_GAaP_Gaia.fits,0.0106718035763645,0.0426431941338984,0.0309351485703114,0.0434721941338984,-0.0023345176767329,0.006598,0.0031169574274847,0.008673,0.0080138434721282,0.018529,0.0104623236019479,0.021026,0.0252369587066219,0.02383,0.0258113562401252,0.026296,0.0583208705945371,0.05613,0.0606497745983663,0.058746,0.020889,27.4809,KiDS,0
KIDS_180.5_-2.5,KIDS_180p5_m2p5_r_SDSS.V1.3.0A_KiDS-1347_GAaP_Gaia.fits,0.0710271338011236,0.0050793845836319,0.0696397960747279,0.0050683845836319,0.0096280386430835,0.022025,0.0098805944845606,0.024399,0.0363729890846085,0.049507,0.0386603648784179,0.053387,0.0392356225229824,0.040885,0.0456955933644723,0.043964,0.0815355799736541,0.089864,0.0856658326939269,0.091277,0.02214,58.0842,KiDS,0
KIDS_357.7_-31.2,KIDS_357p7_m31p2_r_SDSS.V1.3.0A_KiDS-1347_GAaP_Gaia.fits,0.1253242213532057,0.1134107018816096,0.131831203044235,0.1152077018816096,0.0315222139922965,0.049301,0.0340802365828409,0.052706,0.0331158584055769,0.049949,0.0354334390627416,0.053166,0.0753324982344669,0.076562,0.07754511952347,0.079766,0.0530337898348351,0.054015,0.056003298777244,0.057208,0.012392,-76.1463,KiDS,0
KIDS_9.4_-32.1,KIDS_9p4_m32p1_r_SDSS.V1.3.0A_KiDS-1347_GAaP_Gaia.fits,-0.0130829245752128,-0.133205794604749,-0.0076381687414278,-0.140693794604749,0.0116183311456378,0.016762,0.0135484258244911,0.019369,0.0249872236804252,0.033987,0.0273955044203338,0.036736,0.0219706446409358,0.012656,0.0246671672391364,0.016504,-0.0420659766195569,-0.047949,-0.0381065148142506,-0.046428,0.012822,-84.1599,KiDS,0
KIDS_167.5_3.5,KIDS_167p5_3p5_r_SDSS.V1.3.0A_KiDS-1347_GAaP_Gaia.fits,0.0206639099420145,-0.097133895898772,0.0352882493213545,-0.097075895898772,0.0763781455036261,0.070225,0.0800111987086134,0.074233,0.0168027530354853,0.026821,0.0198166598313772,0.028959,0.0580425851475892,0.058697,0.0606194351368643,0.062799,0.0303906262745985,0.034061,0.0350053964591532,0.039192,0.037386,56.1169,KiDS,0
KIDS_160.0_0.5,KIDS_160p0_0p5_r_SDSS.V1.3.0A_KiDS-1347_GAaP_Gaia.fits,0.1132160946255955,-0.0148853607344355,0.1186293311527922,-0.0145233607344355,0.0095268422052728,-0.000765,0.0133321918310041,0.003361,0.0263239713385701,0.037245,0.0321304183453321,0.042248,0.3838450853363036,0.393161,0.3918003499919562,0.397481,-0.0914397467697908,-0.081785,-0.0860988331790993,-0.080227,0.049884,48.7414,KiDS,0
KIDS_190.5_2.5,KIDS_190p5_2p5_r_SDSS.V1.3.0A_KiDS-1347_GAaP_Gaia.fits,-0.0200386814747218,-0.057427257600396,-0.0063019541104585,-0.057374257600396,-0.0456737514387783,-0.039068,-0.0408931599034715,-0.035979,-0.086390130434466,-0.076514,-0.0807850220308376,-0.072205,-0.033419371444718,-0.03302,-0.0271450925695879,-0.029401,0.068875079325988,0.068016,0.0742674227962986,0.072124,0.022616,65.2477,KiDS,0
KIDS_34.8_-27.2,KIDS_34p8_m27p2_r_SDSS.V1.3.0A_KiDS-1347_GAaP_Gaia.fits,-0.0659412065974151,-0.0959117014807197,-0.0752770791377323,-0.0941567014807197,0.017532463382371,0.038522,0.0164706375221188,0.042213,-0.1013494636330495,-0.086045,-0.0991149108463863,-0.082581,0.0212452476382527,0.019566,0.0244098921734348,0.022288,0.0454126775650009,0.046483,0.0488112622244627,0.048815,0.010983,-70.5325,KiDS,0
KIDS_23.0_-30.2,KIDS_23p0_m30p2_r_SDSS.V1.3.0A_KiDS-1347_GAaP_Gaia.fits,0.309519204343843,0.0618601242628254,0.3187308484142359,0.0626261242628254,0.0035208008601046,0.015493,0.0067730260852827,0.018194,0.0386124249244628,0.050157,0.0401899872588083,0.052529,0.088371561695587,0.072512,0.0908802648447614,0.075416,0.0609987887780284,0.044337,0.0628046750716235,0.046791,0.015366,-80.586,KiDS,0
KIDS_182.5_-3.5,KIDS_182p5_m3p5_r_SDSS.V1.3.0A_KiDS-1347_GAaP_Gaia.fits,0.0192643633580896,-0.0356953390508415,0.0286846731747803,-0.0331853390508415,0.064654362124021,0.056611,0.0694821564757513,0.059304,0.0082026914355376,0.009354,0.0115831130270077,0.012898,0.0603626826757347,0.052324,0.0633561274754174,0.055501,0.0375272929043422,0.032182,0.0402477565726203,0.036546,0.026099,57.8033,KiDS,0
KIDS_216.6_-3.5,KIDS_216p6_m3p5_r_SDSS.V1.3.0A_KiDS-1347_GAaP_Gaia.fits,0.1328994332250838,0.0506627334418581,0.1465512688162084,0.0528327334418581,0.0635640528397942,0.054936,0.0691344321449942,0.058524,-0.005932857330959,0.00053,-0.0028012943822831,0.003859,0.0481897719186002,0.051094,0.0506519669079337,0.053886,0.0410278214068282,0.044666,0.0447604925335511,0.04781,0.063074,51.7851,KiDS,0
KIDS_337.2_-34.1,KIDS_337p2_m34p1_r_SDSS.V1.3.0A_KiDS-1347_GAaP_Gaia.fits,0.102616498725835,0.0451072433069261,0.0990483028844086,0.0485892433069261,0.0126337223828779,0.018628,0.0125202729992893,0.020406,0.0286242076106436,0.039772,0.0307931018527401,0.042415,0.0456276246442923,0.042195,0.0484448627141765,0.044939,0.1009918629869723,0.09719,0.1046890955173941,0.10066,0.010624,-58.6946,KiDS,0
KIDS_190.0_0.5,KIDS_190p0_0p5_r_SDSS.V1.3.0A_KiDS-1347_GAaP_Gaia.fits,0.1477518848404105,0.0403087728023448,0.1354029673280011,0.0386687728023448,0.0817426621424162,0.069518,0.0812966549191779,0.072757,0.012613327998849,0.01672,0.0161357929663706,0.021153,0.0177362699053517,0.012336,0.0245793053789614,0.016565,0.0398239216165082,0.036294,0.045821596428241,0.039273,0.015447,63.2174,KiDS,0
KIDS_205.6_2.5,KIDS_205p6_2p5_r_SDSS.V1.3.0A_KiDS-1347_GAaP_Gaia.fits,-0.0167533241860778,-0.0747596001735977,-0.0047370248759262,-0.0738396001735977,0.0602047993422406,0.063424,0.0675907840640644,0.064894,0.0056426043237799,0.015666,0.0105759464348459,0.019425,-0.0508155807082361,-0.050286,-0.0453665662579422,-0.046181,0.0595274661143552,0.05797,0.0627357085833211,0.062553,0.021163,62.5063,KiDS,0
KIDS_193.0_-0.5,KIDS_193p0_m0p5_r_SDSS.V1.3.0A_KiDS-1347_GAaP_Gaia.fits,0.018286103242024,-0.0384130385928263,0.0293948566187288,-0.0397640385928263,-0.0249205592364247,-0.02537,-0.0210088165941984,-0.020514,-0.0450098530441275,-0.04101,-0.0414623141719573,-0.036623,0.0397632242821173,0.033812,0.044527434181697,0.036976,0.0309558155608923,0.023705,0.0350704226677415,0.027602,0.022065,62.3674,KiDS,0
KIDS_41.4_-30.2,KIDS_41p4_m30p2_r_SDSS.V1.3.0A_KiDS-1347_GAaP_Gaia.fits,0.2818319152696698,0.0874181845303485,0.289459429147931,0.0880761845303485,0.0567919884765818,0.076369,0.0616325853358224,0.078999,0.0189356207529739,0.039425,0.0242611481875295,0.041901,0.0534575268482072,0.047948,0.0598120858415823,0.049879,0.0415324466890725,0.040872,0.0484073339251896,0.043798,0.017239,-64.8173,KiDS,0
KIDS_133.0_1.5,KIDS_133p0_1p5_r_SDSS.V1.3.0A_KiDS-1347_GAaP_Gaia.fits,0.0688459101149391,0.0377897460991686,0.0641725001999357,0.0410737460991686,0.0601537494368897,0.054908,0.0596924857971219,0.055877,0.0204642227373326,0.029619,0.0223986105628229,0.031723,0.04483617547156,0.048505,0.047437726485072,0.050305,0.0337940808285977,0.036479,0.0359077887418143,0.038787,0.030928,27.2882,KiDS,0
KIDS_158.4_2.5,KIDS_158p4_2p5_r_SDSS.V1.3.0A_KiDS-1347_GAaP_Gaia.fits,-0.0821263051471882,-0.1855455291453783,-0.0423673217367299,-0.1850495291453784,0.0100746724139156,0.029088,0.0187166186108877,0.031812,0.0518268415360317,0.055732,0.0549716713851472,0.059391,0.0316813406251631,0.02703,0.0358464133834687,0.032417,0.6600258613797502,0.668783,0.6635133607003186,0.672673,0.028593,48.8542,KiDS,0
KIDS_6.8_-28.2,KIDS_6p8_m28p2_r_SDSS.V1.3.0A_KiDS-1347_GAaP_Gaia.fits,0.0585920505389197,-0.050245772005503,0.0547259192259371,-0.049554772005503,0.0197839902508759,0.032421,0.0193086744152241,0.033157,0.0515633833620011,0.062738,0.054286990640009,0.064535,0.0212114608282832,0.017103,0.0240714437773065,0.022726,0.0432656956930708,0.043655,0.0476571183915529,0.045873,0.014302,-84.4821,KiDS,0
KIDS_166.5_2.5,KIDS_166p5_2p5_r_SDSS.V1.3.0A_KiDS-1347_GAaP_Gaia.fits,-0.0887655846439161,-0.1842186068335539,-0.0766582716175776,-0.1842186068335539,0.040317010497496,0.045882,0.0464784685385521,0.047629,0.0233032151924895,0.039174,0.0275950938805907,0.041737,0.0540114269332439,0.061881,0.0581447875178761,0.064194,-0.1093279130377975,-0.101138,-0.1045811740242793,-0.099392,0.039264,54.7064,KiDS,0
KIDS_9.2_-30.2,KIDS_9p2_m30p2_r_SDSS.V1.3.0A_KiDS-1347_GAaP_Gaia.fits,0.0736313640006078,-0.1070273002322983,0.077950798240251,-0.1064053002322983,-0.0792456207187549,-0.063677,-0.075932168860641,-0.062041,-0.0050189553568191,0.001164,-0.0013790690085068,0.004499,0.0216708402196912,0.013105,0.0245305650422983,0.015523,0.0685748751100787,0.064882,0.0745243050212992,0.067374,0.017299,-85.5583,KiDS,0
KIDS_37.2_-28.2,KIDS_37p2_m28p2_r_SDSS.V1.3.0A_KiDS-1347_GAaP_Gaia.fits,0.0194459904465874,-0.1458836725122626,0.0289432855748891,-0.1451786725122627,0.0295058311599736,0.034291,0.0346008447591561,0.0373,-0.0457542664462051,-0.027852,-0.0416004498120474,-0.024991,0.0428385000572704,0.047838,0.0441228906511962,0.049126,0.0629891213509142,0.061726,0.0681051201859474,0.066921,0.013797,-68.4112,KiDS,0
KIDS_137.4_2.5,KIDS_137p4_2p5_r_SDSS.V1.3.0A_KiDS-1347_GAaP_Gaia.fits,0.0354594985274285,-0.0377513286714709,0.0491246647315069,-0.0369083286714709,-0.0218235188377856,-0.035913,-0.0179652569743324,-0.034578,0.02033129778567,0.028967,0.022401251693005,0.03156,0.0671046696313762,0.074966,0.0682594529667974,0.077281,-0.0440618021888892,-0.036133,-0.0430521521145158,-0.035082,0.030008,31.5672,KiDS,0
KIDS_164.0_0.5,KIDS_164p0_0p5_r_SDSS.V1.3.0A_KiDS-1347_GAaP_Gaia.fits,0.1085819500389115,-0.0229464083743144,0.1189563473854053,-0.0118804083743144,0.0476823955431824,0.037654,0.0527250090464818,0.039983,0.0200223844782941,0.027502,0.0232578053855464,0.029698,0.04309021664802,0.050727,0.0471909268590273,0.055075,0.0369732015236477,0.045402,0.0391179766950051,0.049099,0.036588,51.5873,KiDS,0
KIDS_186.5_2.5,KIDS_186p5_2p5_r_SDSS.V1.3.0A_KiDS-1347_GAaP_Gaia.fits,-0.0032801534381933,-0.0828634530597206,0.0123557611203676,-0.0833544530597206,0.0610926811225815,0.060014,0.0670075442500608,0.061634,0.0165919538265374,0.019463,0.0199233294177064,0.023442,0.044141823124197,0.034549,0.0463116131221027,0.037922,0.0643564159172502,0.055798,0.0680629106948992,0.059704,0.01542,64.6185,KiDS,0
KIDS_214.6_-2.5,KIDS_214p6_m2p5_r_SDSS.V1.3.0A_KiDS-1347_GAaP_Gaia.fits,0.1610957242148105,0.0708368836008057,0.1670476191732207,0.0711448836008057,0.0664931656445348,0.057943,0.0690345662354844,0.06,0.0122779758847664,0.018046,0.0156651385639575,0.020343,0.049806014443597,0.053633,0.0547008345040749,0.057295,0.0376701517874926,0.040615,0.0407087770449782,0.044023,0.051838,53.7108,KiDS,0
KIDS_194.5_-2.5,KIDS_194p5_m2p5_r_SDSS.V1.3.0A_KiDS-1347_GAaP_Gaia.fits,0.0149441423148555,-0.0585237023877818,0.0162332153869908,-0.0582097023877818,-0.1116593449002099,-0.12057,-0.1091782382338678,-0.114674,-0.0036237784542482,0.007624,0.0009218240271714,0.011615,0.049892767056373,0.053598,0.0553292688881727,0.057552,0.0214081920268336,0.024898,0.0268734279625386,0.02807,0.019594,60.3593,KiDS,0
KIDS_226.6_2.5,KIDS_226p6_2p5_r_SDSS.V1.3.0A_KiDS-1347_GAaP_Gaia.fits,0.0261545676765381,-0.0761370511317172,0.0252864563941388,-0.0759910511317172,0.0982714060831905,0.086822,0.0992720825565297,0.087527,0.035003729283249,0.04114,0.0376662540703259,0.043114,0.0840605117403587,0.086124,0.0874347357045726,0.088427,-0.0922570260511205,-0.089882,-0.0883989575562003,-0.087799,0.04341,49.3646,KiDS,0
KIDS_188.5_3.5,KIDS_188p5_3p5_r_SDSS.V1.3.0A_KiDS-1347_GAaP_Gaia.fits,-0.0818292330907283,-0.1951529150689676,-0.0808491630385981,-0.1955519150689676,-0.0735228381190239,-0.083861,-0.0695449592074199,-0.076252,0.0216340783468971,0.026366,0.0268711580708989,0.031276,0.0467112633077227,0.041049,0.0509212518106632,0.046715,0.0325770987371027,0.029443,0.0384633345360473,0.035195,0.021295,65.9737,KiDS,0
KIDS_199.6_3.5,KIDS_199p6_3p5_r_SDSS.V1.3.0A_KiDS-1347_GAaP_Gaia.fits,0.1313851256374344,0.0337454621786728,0.1447896269266886,0.0341824621786728,0.0277211177538309,0.008529,0.0346867941391604,0.010992,-0.0088409776832255,-0.003848,-0.0035455802544589,0.000546,0.0667223542295369,0.063988,0.0714250894983066,0.069189,-0.0828297553052868,-0.077449,-0.0763654399580606,-0.073705,0.02487,65.4844,KiDS,0
KIDS_196.0_1.5,KIDS_196p0_1p5_r_SDSS.V1.3.0A_KiDS-1347_GAaP_Gaia.fits,-0.2550640279603781,-0.2426394350494552,-0.2403438070201539,-0.2386954350494552,-0.0588641990019446,-0.05297,-0.0531323529212677,-0.047923,-1.34847074929146,-1.337775,-1.3438017954933157,-1.332465,-0.0287157338593575,-0.034968,-0.0241386531404037,-0.028054,0.0423195812361447,0.041837,0.0471039773834205,0.047621,0.020856,64.1695,KiDS,0
KIDS_3.4_-29.2,KIDS_3p4_m29p2_r_SDSS.V1.3.0A_KiDS-1347_GAaP_Gaia.fits,-0.0367702874308629,-0.0630875991207325,-0.0423512104609975,-0.0617415991207325,0.0477508481365868,0.060458,0.0467342198047226,0.061568,0.0481743193257054,0.057864,0.0499172090034423,0.060527,0.0452695955501481,0.051561,0.0496042351925269,0.051311,0.0515584925171013,0.046832,0.0551984417467607,0.050289,0.01315,-81.4554,KiDS,0
KIDS_10.4_-30.2,KIDS_10p4_m30p2_r_SDSS.V1.3.0A_KiDS-1347_GAaP_Gaia.fits,0.0315931061036791,-0.0910257894860931,0.0487184013271604,-0.0892637894860931,0.0207904795348709,0.034195,0.0264943540531032,0.037486,0.0300897314905426,0.04277,0.033014528907819,0.046822,0.0940799688819565,0.090906,0.0938065782307522,0.093018,0.0560487238610637,0.052328,0.0587984856618566,0.05658,0.018658,-86.2295,KiDS,0
KIDS_7.2_-34.1,KIDS_7p2_m34p1_r_SDSS.V1.3.0A_KiDS-1347_GAaP_Gaia.fits,0.0980717114118876,0.0743623174382216,0.1264664496233933,0.0743623174382216,0.0187718829240092,0.049321,0.0264554766237314,0.051226,-2.684807998536e-05,0.01011,0.002110731543493,0.011011,0.0663343648267807,0.057464,0.0674384032957786,0.059493,0.0405629326478829,0.03066,0.0406365017992833,0.032776,0.009113,-81.4612,KiDS,0
KIDS_195.0_-1.5,KIDS_195p0_m1p5_r_SDSS.V1.3.0A_KiDS-1347_GAaP_Gaia.fits,-0.0429141316447012,-0.0914771319680107,-0.0256323489960043,-0.0904531319680107,0.0828806136581569,0.07777,0.089767319782935,0.081411,0.011428806029056,0.021287,0.01750077483119,0.026564,0.0504814575363787,0.053794,0.0562114529208537,0.058762,0.0309265317292727,0.029166,0.037580226251133,0.033563,0.017983,61.2961,KiDS,0
KIDS_358.8_-31.2,KIDS_358p8_m31p2_r_SDSS.V1.3.0A_KiDS-1347_GAaP_Gaia.fits,0.1012165476477582,0.001698168127648,0.1114109278860212,0.001670168127648,-0.0111382192838203,0.005024,-0.008241739648035,0.008441,0.0168038824389076,0.032005,0.0201289759559349,0.03385,0.0194100209335177,0.01703,0.0223817582296623,0.020165,0.0770163263347881,0.074146,0.0826039734928646,0.077876,0.013164,-77.1278,KiDS,0
KIDS_175.5_-2.5,KIDS_175p5_m2p5_r_SDSS.V1.3.0A_KiDS-1347_GAaP_Gaia.fits,0.1703640594552898,0.1242636320574693,0.1648431655213849,0.1255946320574693,0.01173956464513,0.024373,0.0126062722492133,0.028502,0.0371946267343728,0.03989,0.0418794038612114,0.044277,0.0441973140613032,0.036076,0.0504310909750683,0.040012,0.1001221254019426,0.091083,0.1094802775130504,0.097006,0.018791,55.9774,KiDS,0
KIDS_329.6_-35.1,KIDS_329p6_m35p1_r_SDSS.V1.3.0A_KiDS-1347_GAaP_Gaia.fits,0.1253457834608819,0.0562912946673018,0.1228752675473231,0.0585382946673018,0.0089829106692992,-0.001021,0.0089285473379527,0.002954,0.0422106882178235,0.052426,0.0443590832438905,0.054875,0.0398125476991018,0.044165,0.0435473234937835,0.046553,0.0480520449481687,0.051817,0.0511615972341176,0.054364,0.016493,-52.4041,KiDS,0
KIDS_23.3_-31.2,KIDS_23p3_m31p2_r_SDSS.V1.3.0A_KiDS-1347_GAaP_Gaia.fits,0.106778462694048,-0.0197069506970237,0.121379912606085,-0.0195419506970237,0.0257435323256176,0.045254,0.0314497623963572,0.050921,0.0657019978802072,0.083143,0.0713643886082545,0.08655,0.0738566721513689,0.0736,0.0803818001685415,0.078825,0.0399147498978816,0.044484,0.04536163937083,0.048458,0.016338,-80.0131,KiDS,0
KIDS_229.6_2.5,KIDS_229p6_2p5_r_SDSS.V1.3.0A_KiDS-1347_GAaP_Gaia.fits,0.5728093807733512,-0.0046907242150551,3.553319162386094,-0.0061237242150551,0.1886000740085531,0.057764,0.9982108100339808,0.060825,0.0233796218442311,0.031633,-0.0041933880797481,0.037797,0.0243146779416031,0.065192,-0.3151153964152385,0.067904,0.0417171257378208,0.082899,-0.3000057852336308,0.085987,0.034525,46.853,KiDS,2
KIDS_13.5_-27.2,KIDS_13p5_m27p2_r_SDSS.V1.3.0A_KiDS-1347_GAaP_Gaia.fits,-0.0453069004775367,-0.1021256571560932,-0.0336302775793627,-0.1008706571560932,-0.0829414157076262,-0.071486,-0.0764798095687682,-0.067316,0.0284222339978855,0.037273,0.0333562076567859,0.04169,0.0571198025050042,0.053901,0.0616292642869551,0.058695,-0.0434154076059014,-0.052382,-0.0400683588533525,-0.048347,0.011925,-89.4349,KiDS,0
KIDS_348.5_-30.2,KIDS_348p5_m30p2_r_SDSS.V1.3.0A_KiDS-1347_GAaP_Gaia.fits,0.1374838973853693,0.06310074036221,0.1440143952469253,0.06249174036221,0.0337139812822332,0.045568,0.0374412399632575,0.049078,0.3694908970955013,0.37416,0.3726927527200367,0.377747,0.0374100827804441,0.032461,0.0415931926745398,0.033803,0.0671730965552304,0.059454,0.07152969617558,0.064209,0.01705,-68.4276,KiDS,0
KIDS_20.3_-28.2,KIDS_20p3_m28p2_r_SDSS.V1.3.0A_KiDS-1347_GAaP_Gaia.fits,0.0104430855715301,-0.0270808019189058,0.022871145516218,-0.0260538019189058,0.0032485674443991,0.033466,0.009911550629567,0.035469,0.0261204805719477,0.037542,0.028233951662831,0.041597,0.0364279202556281,0.028668,0.0391459003931333,0.032084,0.1549055178542647,0.147017,0.1596166253995654,0.148182,0.013646,-83.3152,KiDS,0
KIDS_160.4_3.5,KIDS_160p4_3p5_r_SDSS.V1.3.0A_KiDS-1347_GAaP_Gaia.fits,-0.0410317877698483,-0.1305735066933967,-0.03422896057583,-0.1303175066933967,0.0447957428797002,0.032499,0.0483858246065712,0.035554,0.0272504798509821,0.033395,0.0305235694076189,0.037562,0.0332930115343529,0.0381,0.0393303334955978,0.042171,0.0131316079582775,0.015317,0.0168531313600369,0.019464,0.031498,51.04,KiDS,0
KIDS_4.8_-34.1,KIDS_4p8_m34p1_r_SDSS.V1.3.0A_KiDS-1347_GAaP_Gaia.fits,0.1338751862730044,0.0317342414298339,0.1484110423291766,0.0321882414298339,-0.0689754315526697,-0.046262,-0.0636879245155161,-0.042206,0.0069478163714441,0.020392,0.0112303907838132,0.023393,0.073572700700821,0.061605,0.0764227352754733,0.065715,0.0380116908676193,0.032842,0.0429535414782295,0.036083,0.010661,-80.144,KiDS,0
KIDS_1.2_-33.1,KIDS_1p2_m33p1_r_SDSS.V1.3.0A_KiDS-1347_GAaP_Gaia.fits,0.0886271441531992,0.0644545319384859,0.0807580982538216,0.0712395319384859,0.0322596957725976,0.045995,0.0337966044376773,0.049739,0.0193222848865156,0.031432,0.0210925537450018,0.034364,0.0105144777833812,0.008971,0.0139515932616419,0.011838,-0.0467566458415784,-0.047504,-0.0434495932134868,-0.043755,0.010594,-78.2625,KiDS,0
KIDS_164.5_-3.5,KIDS_164p5_m3p5_r_SDSS.V1.3.0A_KiDS-1347_GAaP_Gaia.fits,-0.0177796821465203,-0.1252065848505254,0.0065830188249731,-0.1241365848505254,-0.121834870676486,-0.128047,-0.1149287294804622,-0.126279,0.0243604830028201,0.037093,0.0270937932259972,0.039701,0.0783808725777632,0.081385,0.0800329413979593,0.084547,-0.0796456274333712,-0.07712,-0.078872441235883,-0.072954,0.031798,48.9114,KiDS,0
KIDS_345.4_-35.1,KIDS_345p4_m35p1_r_SDSS.V1.3.0A_KiDS-1347_GAaP_Gaia.fits,-0.0328949468305493,-0.0476408231444286,-0.0332694039535905,-0.0471698231444286,-0.0429332827070942,-0.032048,-0.0417803370222933,-0.028164,0.0679181184425422,0.070242,0.0690299225903553,0.073143,0.0726584193576357,0.055262,0.0748322500705715,0.056876,0.0549653617684513,0.041813,0.0562824846307496,0.043976,0.015006,-65.2552,KiDS,0
KIDS_42.9_-28.2,KIDS_42p9_m28p2_r_SDSS.V1.3.0A_KiDS-1347_GAaP_Gaia.fits,-0.0237101131327532,-0.1290743894479472,-0.0219002960026378,-0.1290743894479472,-0.1463555724718643,-0.118028,-0.144343878600949,-0.116165,0.0121964057837354,0.034428,0.0153297123761385,0.036703,0.0137118328233978,0.011062,0.0181635574352787,0.016351,0.0414722239116355,0.039958,0.0432170636702437,0.042345,0.014332,-63.4514,KiDS,0
KIDS_168.0_0.5,KIDS_168p0_0p5_r_SDSS.V1.3.0A_KiDS-1347_GAaP_Gaia.fits,0.0862444835690121,-0.0274046098733304,0.0913891606972588,-0.0261296098733304,0.0218194109847511,0.006537,0.025508679384465,0.010009,0.0414151763103594,0.047847,0.0445567901521371,0.050651,0.0133683107013802,0.021279,0.0186722558410203,0.025005,0.0542078696568992,0.061576,0.0585964945436571,0.065662,0.035264,54.2469,KiDS,0
KIDS_218.0_0.5,KIDS_218p0_0p5_r_SDSS.V1.3.0A_KiDS-1347_GAaP_Gaia.fits,0.0993092903050053,0.0512746007021317,0.0935764504771236,0.0523526007021318,0.0561763638076379,0.044388,0.0564267042088808,0.048003,0.0073827518360106,0.014146,0.011274792712102,0.017392,-0.0949763452181918,-0.094532,-0.08839205610867,-0.090021,0.0165835633677734,0.018644,0.0220424732754671,0.022097,0.031831,54.0499,KiDS,0
KIDS_170.5_3.5,KIDS_170p5_3p5_r_SDSS.V1.3.0A_KiDS-1347_GAaP_Gaia.fits,0.1382234894380147,0.0136053923290598,0.1600412786856125,0.0157773923290598,0.0039642422434149,0.02185,0.0066205726464484,0.023792,0.0215552007051492,0.02882,0.0248111184259234,0.033829,0.0593917910487054,0.056826,0.0640926520976758,0.06,0.0372685608902468,0.036082,0.0441783840619332,0.041958,0.036227,58.0807,KiDS,0
KIDS_37.3_-31.2,KIDS_37p3_m31p2_r_SDSS.V1.3.0A_KiDS-1347_GAaP_Gaia.fits,0.1644432961566141,-0.0132121265606439,0.1879920763384833,-0.0046001265606439,-0.0746390822906022,-0.016281,-0.0731932310360659,-0.013748,0.0181464629613975,0.051832,0.0192213659316178,0.056185,0.058199752498041,0.0482,0.0613189602350237,0.053069,0.0429524571011104,0.041214,0.0481693308563053,0.043545,0.014659,-68.3362,KiDS,0
KIDS_181.5_3.5,KIDS_181p5_3p5_r_SDSS.V1.3.0A_KiDS-1347_GAaP_Gaia.fits,0.0286956095188043,0.0092970405502096,0.0253965540178407,0.0098990405502096,0.0110078772588608,0.030717,0.0146192418484609,0.036201,0.012303076916123,0.031191,0.0166691526514504,0.035551,0.0493418558270125,0.052651,0.0554753570217808,0.055999,0.0156954067607683,0.015146,0.0203525981256213,0.017679,0.018905,63.992,KiDS,0
KIDS_341.8_-29.2,KIDS_341p8_m29p2_r_SDSS.V1.3.0A_KiDS-1347_GAaP_Gaia.fits,0.1409249562637862,0.128902172197119,0.1443292901854627,0.1282981721971191,-0.0249641598257234,-0.012249,-0.0233643186743849,-0.008975,0.0338148700744241,0.044598,0.0361657128886468,0.047067,0.0218272087244117,0.020596,0.025451602812871,0.025007,0.0471956710415386,0.048291,0.0495969148961176,0.050132,0.016103,-62.5995,KiDS,0
KIDS_179.5_-3.5,KIDS_179p5_m3p5_r_SDSS.V1.3.0A_KiDS-1347_GAaP_Gaia.fits,0.0791671419498019,0.0345839472372253,0.0849192074600847,0.0366929472372253,0.0616280851962974,0.061134,0.0678554339056683,0.063757,-0.0046220158095481,0.010076,-0.0003603557813413,0.012341,0.0456250951504316,0.053459,0.0492675650138449,0.055968,0.0291437950343603,0.032267,0.0327659521945735,0.035949,0.022241,56.8022,KiDS,0
KIDS_236.0_-0.5,KIDS_236p0_m0p5_r_SDSS.V1.3.0A_KiDS-1347_GAaP_Gaia.fits,0.1361965507626266,0.0256287121943565,0.1356167584460397,0.0274537121943565,0.0590044460990472,0.039567,0.0605877371547056,0.041872,0.0276639536023139,0.028944,0.0304508032277226,0.032116,0.0338792839735898,0.04739,0.0379280871408361,0.051966,0.0356915570791561,0.042181,0.0401934825019998,0.045957,0.086478,40.1773,KiDS,0
KIDS_196.0_0.5,KIDS_196p0_0p5_r_SDSS.V1.3.0A_KiDS-1347_GAaP_Gaia.fits,0.074966390953884,0.0647919641088878,0.0860555394283387,0.0648359641088878,0.0115336374964504,0.013986,0.0162204245738294,0.018164,-0.2967770695202962,-0.287253,-0.294799893744798,-0.285015,0.0362223601316495,0.032822,0.0374612767519426,0.035138,0.0645958147645363,0.060401,0.0680696916972303,0.064329,0.018286,63.1934,KiDS,0
KIDS_157.4_3.5,KIDS_157p4_3p5_r_SDSS.V1.3.0A_KiDS-1347_GAaP_Gaia.fits,-0.0418813221385279,-0.1549122118155124,-0.0263385414339053,-0.1474512118155124,0.062244190048702,0.062812,0.0675708401249201,0.06758,0.0179424259233367,0.024992,0.0205864441036181,0.029695,0.0623308979459534,0.057731,0.0643382574950545,0.060795,-0.0655519452941592,-0.073008,-0.062651634834942,-0.069013,0.032114,48.7294,KiDS,0
KIDS_190.5_-2.5,KIDS_190p5_m2p5_r_SDSS.V1.3.0A_KiDS-1347_GAaP_Gaia.fits,-0.0937917445166962,-0.1582405248098007,-0.1009526880099715,-0.1582405248098007,-0.1326523282140333,-0.146684,-0.1327904592818401,-0.141801,0.0051407095997926,0.006712,0.0071443017331494,0.01135,0.0487287195878738,0.043522,0.0536848542093699,0.049217,0.0387690785793662,0.031908,0.0416755302958982,0.035695,0.026953,60.3112,KiDS,0
KIDS_229.0_-0.5,KIDS_229p0_m0p5_r_SDSS.V1.3.0A_KiDS-1347_GAaP_Gaia.fits,0.0050268470861123,-0.0063385104520789,0.0009523790299476,-0.0051995104520789,0.032571608373139,0.044065,0.0356971570276853,0.045761,0.053560453119212,0.055599,0.0563447293521873,0.057382,0.0705818931136148,0.072796,0.0747328935113014,0.074418,0.0296273265331741,0.048489,0.0327579067340284,0.052694,0.053568,45.6487,KiDS,0
KIDS_234.0_-1.5,KIDS_234p0_m1p5_r_SDSS.V1.3.0A_KiDS-1347_GAaP_Gaia.fits,-0.0480848409370534,-0.1218433692358265,-0.0639622890489889,-0.1214813692358265,0.0035563028644966,-0.000398,0.0011854785123952,0.001768,0.0297836118365438,0.026019,0.0319575784187447,0.028189,0.0607688096955332,0.061557,0.0656473593670253,0.063854,0.0606371705685574,0.06101,0.0655691540943198,0.063656,0.115232,41.1533,KiDS,0
KIDS_8.1_-30.2,KIDS_8p1_m30p2_r_SDSS.V1.3.0A_KiDS-1347_GAaP_Gaia.fits,-0.0225315764270206,-0.0759323612528999,-0.02853971960197,-0.0749443612528999,-0.1125632659028949,-0.105187,-0.1109606438420057,-0.103071,0.0413198196582072,0.053048,0.045312363045039,0.057528,0.0802666829380896,0.075323,0.0853861068187706,0.078864,0.0453883465918983,0.047827,0.051517170006212,0.051497,0.014622,-84.7956,KiDS,0
KIDS_150.1_2.2,KIDS_150p1_2p2_r_SDSS.V1.3.0A_KiDS-1347_GAaP_Gaia.fits,0.087788882798151,0.007320340547216,0.093138777837119,0.008133340547216,0.0056894758335529,0.022645,0.0063508233355814,0.026112,0.0089834122918546,0.019619,0.0120326550677418,0.021469,0.0490275010709478,0.045299,0.0539909406736897,0.048451,-0.0065045723661432,-0.007048,-0.0019758634375762,-0.00353,0.016338,42.0845,KiDS,0
KIDS_7.0_-31.2,KIDS_7p0_m31p2_r_SDSS.V1.3.0A_KiDS-1347_GAaP_Gaia.fits,0.0602705473719234,0.0162696957516678,0.0630683356497347,0.0209096957516678,-0.0364142431594879,-0.011362,-0.0343999027271376,-0.008435,0.0250258348420602,0.035667,0.0273396317075681,0.039591,0.0023788373392492,-0.005501,0.0037267917489618,-0.002377,0.0334471010757982,0.031026,0.0375213542167069,0.03474,0.013012,-83.4757,KiDS,0
KIDS_18.2_-29.2,KIDS_18p2_m29p2_r_SDSS.V1.3.0A_KiDS-1347_GAaP_Gaia.fits,0.0780642057613751,-0.0823247850306691,0.0855466792479856,-0.0770777850306691,-0.3553392323650913,-0.34822,-0.3491611221766097,-0.345897,0.0376729803639244,0.051017,0.0398529209164553,0.054125,0.0176862618601507,0.017643,0.0188336786489667,0.019448,0.158635122151023,0.155704,0.1602803883693683,0.15951,0.016876,-84.8294,KiDS,0
KIDS_182.5_2.5,KIDS_182p5_2p5_r_SDSS.V1.3.0A_KiDS-1347_GAaP_Gaia.fits,0.1535100636170402,0.1381180560225514,0.168986347354438,0.1385290560225514,-0.0297551150749426,-0.026501,-0.0255942873902135,-0.021923,0.0288286611373692,0.033451,0.0324091233699995,0.037717,0.042360066548502,0.036629,0.0468483042064807,0.041106,0.049469105274084,0.043804,0.0563389921757881,0.048729,0.017393,63.4305,KiDS,0
KIDS_204.6_-2.5,KIDS_204p6_m2p5_r_SDSS.V1.3.0A_KiDS-1347_GAaP_Gaia.fits,-0.033494887084852,-0.166130155552108,-0.0277017358361008,-0.166130155552108,-0.0300581929775344,-0.042914,-0.0268296181478944,-0.040337,0.0116622769275581,0.014078,0.0144703312930683,0.01832,0.0530953693659316,0.05423,0.0552685321405204,0.057912,0.067778977250145,0.068886,0.0711091017442048,0.07192,0.042795,58.3167,KiDS,0
KIDS_217.0_-1.5,KIDS_217p0_m1p5_r_SDSS.V1.3.0A_KiDS-1347_GAaP_Gaia.fits,0.0852520914607987,-0.0282878262529243,0.0842168625668521,-0.0268998262529243,0.0666043376590996,0.043071,0.0669906952260585,0.04467,-0.0042488943293998,0.004534,-0.0019939690866252,0.008056,-0.3296313630590433,-0.324799,-0.326976695437774,-0.322926,0.0318873267986851,0.043135,0.0362787407079928,0.045192,0.040207,53.1367,KiDS,0
KIDS_46.0_-30.2,KIDS_46p0_m30p2_r_SDSS.V1.3.0A_KiDS-1347_GAaP_Gaia.fits,0.270232951063292,0.0327411443748126,0.27831930450942,0.0328761443748125,0.0873148017804259,0.102377,0.0908387554574306,0.10437,0.0220419808908976,0.040105,0.0252432095605468,0.042206,0.0276557541301309,0.028215,0.0291877865271937,0.029324,0.0377856105339412,0.037121,0.0424575345423327,0.041135,0.013258,-60.8323,KiDS,0
KIDS_175.0_1.5,KIDS_175p0_1p5_r_SDSS.V1.3.0A_KiDS-1347_GAaP_Gaia.fits,0.0276219403484318,0.0272318144866441,0.0264585700344665,0.0275678144866441,-0.0064574001078803,0.017802,-0.0050153769209365,0.021119,0.0332626468676076,0.041952,0.0359911861497033,0.045149,0.0692679535750944,0.053624,0.071927814081615,0.05758,0.0683039390541225,0.057136,0.0731590956709587,0.058923,0.019198,59.1606,KiDS,0
KIDS_175.5_-3.5,KIDS_175p5_m3p5_r_SDSS.V1.3.0A_KiDS-1347_GAaP_Gaia.fits,0.0419022345678816,-0.0225984779334869,0.0517353402964095,-0.0225984779334869,0.0352270426902889,0.03587,0.0381465156705206,0.040529,0.0032171571532209,0.010681,0.0084938378674271,0.014598,0.0520555042106191,0.051434,0.0571120735206954,0.05279,0.0080661142044178,0.007123,0.0155532384948324,0.011849,0.02008,55.1049,KiDS,0
KIDS_137.0_1.5,KIDS_137p0_1p5_r_SDSS.V1.3.0A_KiDS-1347_GAaP_Gaia.fits,0.142558640957686,0.0489825400653828,0.1450278646354021,0.0505045400653828,-0.0200102410379354,-0.029175,-0.0197487000753509,-0.027774,-0.000366589661079,0.011878,0.0017803802629719,0.013448,0.0364297904216078,0.043893,0.0396366187973722,0.045908,0.0437638606775363,0.05175,0.0474123052112261,0.055005,0.030734,30.7471,KiDS,0
KIDS_225.0_-1.5,KIDS_225p0_m1p5_r_SDSS.V1.3.0A_KiDS-1347_GAaP_Gaia.fits,0.0077757358612048,-0.0802868526705542,0.0089655356827291,-0.0799558526705542,0.0712552801743246,0.064151,0.0738158481926787,0.066662,-0.0763323139078723,-0.073376,-0.0723129074550156,-0.068822,0.0531787307746034,0.05461,0.058169744233768,0.058757,0.0517479792926863,0.053919,0.0561564776790625,0.057954,0.05681,47.859,KiDS,0
KIDS_358.9_-28.2,KIDS_358p9_m28p2_r_SDSS.V1.3.0A_KiDS-1347_GAaP_Gaia.fits,0.0662341782095515,-0.1336122183990324,0.0654534323175137,-0.1313552183990324,-0.0578344056350802,-0.05514,-0.056498338599663,-0.052696,0.0376327584868146,0.050062,0.0396368669619087,0.052625,0.0731093824335934,0.071048,0.0752044546877657,0.07338,0.0856969304761104,0.088559,0.0901652406475513,0.090504,0.014542,-77.5554,KiDS,0
KIDS_197.5_-3.5,KIDS_197p5_m3p5_r_SDSS.V1.3.0A_KiDS-1347_GAaP_Gaia.fits,0.0854623144422608,0.029889674692595,0.0902178756380996,0.031990674692595,0.0712496513484185,0.055128,0.0749853783547102,0.058429,0.0334162149732955,0.038608,0.036537516730474,0.040518,0.0427160750111435,0.037185,0.0463763934812101,0.040124,0.0165868096627331,0.011262,0.0192065337758166,0.015161,0.022961,59.0542,KiDS,0
KIDS_23.7_-28.2,KIDS_23p7_m28p2_r_SDSS.V1.3.0A_KiDS-1347_GAaP_Gaia.fits,0.0472799833640249,0.0566785448683899,0.0497567900660758,0.0580305448683899,0.0261911087305078,0.049069,0.0275783559355247,0.051214,-0.1073055116311655,-0.093741,-0.1031277189531442,-0.090699,0.0760883624455804,0.071028,0.0797249250848509,0.073644,0.0477320361949631,0.041879,0.0529524873008956,0.047218,0.015191,-80.3249,KiDS,0
KIDS_24.7_-32.1,KIDS_24p7_m32p1_r_SDSS.V1.3.0A_KiDS-1347_GAaP_Gaia.fits,0.0413523917726519,-0.1019367211230973,0.0512113195477945,-0.1009547211230973,0.0201727680432651,0.027284,0.0224726707812367,0.029262,0.0029340431876777,0.013507,0.0059630279171876,0.016089,0.0790369438897155,0.076584,0.0839013972307371,0.079305,-0.0695847571922265,-0.069499,-0.066081409395928,-0.066556,0.017573,-78.5673,KiDS,0
KIDS_344.3_-27.2,KIDS_344p3_m27p2_r_SDSS.V1.3.0A_KiDS-1347_GAaP_Gaia.fits,0.152356691476376,0.0590356894741081,0.1484387291616474,0.0603976894741081,-0.0389475040328234,-0.047536,-0.0378929120493911,-0.04354,0.0120965796879005,0.027748,0.0157697293328938,0.0313,0.0014595683477968,0.009384,0.0066200151912665,0.011518,0.0416637858998577,0.047277,0.0458490309243166,0.050121,0.022634,-64.6345,KiDS,0
KIDS_130.0_0.5,KIDS_130p0_0p5_r_SDSS.V1.3.0A_KiDS-1347_GAaP_Gaia.fits,-0.1263554880912981,-0.1481210335009465,-0.1212403704864122,-0.1484360335009465,0.0396387687021418,0.036201,0.0425305068832055,0.038258,0.0547265006961664,0.063405,0.0568513876058341,0.064935,0.0517306617967246,0.05588,0.0545660397199722,0.058278,0.0301682471852913,0.03525,0.0324477606501246,0.037456,0.036504,24.1932,KiDS,0
KIDS_185.0_0.5,KIDS_185p0_0p5_r_SDSS.V1.3.0A_KiDS-1347_GAaP_Gaia.fits,0.1536991005148891,0.0513445113268496,0.1598172522536948,0.0598415113268496,0.0357116751572594,0.023606,0.0404776000486525,0.027349,0.0228575590222922,0.01712,0.0272376976979962,0.023517,0.060687876170787,0.045537,0.0668348486590153,0.050941,0.057160533981117,0.04096,0.0630445591237777,0.04833,0.020536,62.3131,KiDS,0
KIDS_34.5_-33.1,KIDS_34p5_m33p1_r_SDSS.V1.3.0A_KiDS-1347_GAaP_Gaia.fits,0.2230777472545922,0.1212225940949868,0.2313190088456454,0.1227365940949868,0.0243551102273004,0.056193,0.0306545327936133,0.057016,-0.0167396360183897,0.008682,-0.0130307827283603,0.01194,0.0403804901279984,0.047681,0.0421779160414622,0.049652,0.0342384442486502,0.038644,0.0395219541231068,0.044773,0.016258,-70.416,KiDS,0
KIDS_41.6_-33.1,KIDS_41p6_m33p1_r_SDSS.V1.3.0A_KiDS-1347_GAaP_Gaia.fits,-0.0245142889626076,-0.019240147173257,-0.0207095820806642,-0.018890147173257,0.0026411373699347,0.038071,0.0022185546047017,0.039574,0.0237203586070956,0.044288,0.026420148718668,0.045816,0.0240092545946431,0.023721,0.0280880265399257,0.024414,0.039377088207785,0.039604,0.0451533364231808,0.041177,0.02134,-64.5012,KiDS,0
KIDS_1.1_-28.2,KIDS_1p1_m28p2_r_SDSS.V1.3.0A_KiDS-1347_GAaP_Gaia.fits,0.1533142610275417,0.1287134089497669,0.1503123011424665,0.1282104089497669,-0.0023759238598718,0.022705,-0.0007446779631182,0.025159,0.0312420238386104,0.044064,0.033596618889781,0.046679,0.0300130136553998,0.025196,0.0332000252047762,0.027772,0.0385376168427204,0.035564,0.0405704727519382,0.037968,0.012562,-79.5654,KiDS,0
KIDS_185.5_-2.5,KIDS_185p5_m2p5_r_SDSS.V1.3.0A_KiDS-1347_GAaP_Gaia.fits,0.0693740223193227,0.0431291974519482,0.0743238925632367,0.0462171974519482,0.0191772666428912,0.021143,0.0233443150192912,0.024912,-0.0603655975185772,-0.053181,-0.0558845920033603,-0.050362,0.0358521226637209,0.033144,0.0408941943246354,0.036866,0.0578756947230636,0.052063,0.0633865852178108,0.057164,0.026783,59.5555,KiDS,0
KIDS_17.9_-27.2,KIDS_17p9_m27p2_r_SDSS.V1.3.0A_KiDS-1347_GAaP_Gaia.fits,0.2000884872254789,0.0807791811652644,0.2024485033278045,0.0864721811652644,-0.0039899669556448,0.028086,9.982764827424356e-05,0.030334,-0.1026366677594094,-0.09066,-0.0993548659638742,-0.086521,0.0511808167711959,0.038075,0.05665653759741,0.041381,0.0833051124464692,0.067262,0.0844404242184415,0.070719,0.015507,-85.4641,KiDS,0
KIDS_199.0_-1.5,KIDS_199p0_m1p5_r_SDSS.V1.3.0A_KiDS-1347_GAaP_Gaia.fits,-0.0709709075407129,-0.1157913461925223,-0.0638953478275331,-0.1164113461925223,-0.0586912313627457,-0.061623,-0.055054195712827,-0.058593,-0.1095564208894237,-0.098289,-0.1070737088551551,-0.096562,0.0608639266090699,0.062398,0.0635090367314015,0.064618,0.0699031636636985,0.07352,0.0719328727286959,0.076121,0.023689,60.7843,KiDS,0
KIDS_210.6_2.5,KIDS_210p6_2p5_r_SDSS.V1.3.0A_KiDS-1347_GAaP_Gaia.fits,0.1297592699505845,0.0840443591591803,0.1255246814409472,0.0845753591591803,0.0404272605035806,0.031358,0.0407748979844233,0.034048,0.0280985416922648,0.036486,0.0316623004609054,0.040182,0.0225271126114789,0.022464,0.0276373174090154,0.026798,0.0320749872404072,0.030654,0.0367917841056209,0.035305,0.028196,60.0836,KiDS,0
KIDS_187.0_-0.5,KIDS_187p0_m0p5_r_SDSS.V1.3.0A_KiDS-1347_GAaP_Gaia.fits,0.088383253097116,0.0182384656898962,0.0929993833068796,0.0182844656898962,0.0367358477742905,0.029455,0.041024777234033,0.031488,-0.1198570217482574,-0.114877,-0.1167531034440493,-0.108777,0.0478921825223617,0.043134,0.0509850354894217,0.048425,0.0662243541169894,0.060366,0.0715529345033774,0.065771,0.020092,61.807,KiDS,0
KIDS_40.1_-35.1,KIDS_40p1_m35p1_r_SDSS.V1.3.0A_KiDS-1347_GAaP_Gaia.fits,-0.0169235027962961,-0.1499405051611333,-0.0034041267335549,-0.1499405051611333,0.1038829048898208,0.121363,0.1066873730527667,0.125696,0.0046238021912211,0.020619,0.0077297501416021,0.023707,0.0566804210503991,0.049199,0.0573065912755321,0.051746,-0.0624792622289091,-0.066546,-0.0596164993985533,-0.062356,0.023027,-65.6595,KiDS,0
KIDS_156.4_-2.5,KIDS_156p4_m2p5_r_SDSS.V1.3.0A_KiDS-1347_GAaP_Gaia.fits,-0.050759905933932,-0.1038851281261127,-0.045566383636486,-0.1034031281261127,0.0675988104503172,0.068067,0.0722021989348146,0.071856,0.0317718670676333,0.039991,0.0348880901577347,0.04391,0.0570543308734086,0.064167,0.0605485831402074,0.068705,0.0827532589875691,0.085693,0.0853772684880325,0.088799,0.036967,44.0938,KiDS,0
KIDS_137.0_-1.5,KIDS_137p0_m1p5_r_SDSS.V1.3.0A_KiDS-1347_GAaP_Gaia.fits,0.0772467346161664,0.038106550422528,0.0803075808150976,0.038757550422528,0.0238299051660571,0.021765,0.0252164221389232,0.022515,0.0021563249586101,0.015622,0.0036932445994809,0.017065,0.070986166581229,0.074977,0.0725726140084038,0.07693,-0.0444602967320875,-0.039334,-0.0425627676039613,-0.036934,0.02226,29.1767,KiDS,0
KIDS_342.5_-31.2,KIDS_342p5_m31p2_r_SDSS.V1.3.0A_KiDS-1347_GAaP_Gaia.fits,0.0681805156140958,0.0436893078101641,0.0632983377383981,0.0448183078101641,0.0203660821793444,0.034399,0.0208079270030016,0.036937,0.0400485145131975,0.051098,0.0428887086078169,0.054569,0.0604361309983403,0.05456,0.0651034958401247,0.057964,0.0628514640834879,0.060956,0.0678472954656446,0.063749,0.014667,-63.304,KiDS,0
KIDS_138.0_-1.5,KIDS_138p0_m1p5_r_SDSS.V1.3.0A_KiDS-1347_GAaP_Gaia.fits,0.1319382654387328,0.0505343320535565,0.138616682323895,0.0514823320535565,0.0678132040339456,0.055463,0.0686105489416599,0.059952,0.0155235730954924,0.023884,0.0187361285598198,0.027251,0.0450715381458155,0.046959,0.0493629494486527,0.049322,0.0632290571309249,0.065249,0.0676944143997818,0.068389,0.025987,30.0164,KiDS,0
KIDS_351.7_-33.1,KIDS_351p7_m33p1_r_SDSS.V1.3.0A_KiDS-1347_GAaP_Gaia.fits,0.1243596472515794,0.0674273344686433,0.1232885239670202,0.0711043344686433,0.0250202098935901,0.031034,0.0248713751076933,0.032108,0.0323743439365916,0.042178,0.0340893556665285,0.043878,0.0551728024430612,0.051103,0.0567886990598267,0.053286,0.0285115478405322,0.025548,0.0325240443708541,0.028692,0.013584,-70.7626,KiDS,0
KIDS_5.6_-27.2,KIDS_5p6_m27p2_r_SDSS.V1.3.0A_KiDS-1347_GAaP_Gaia.fits,0.0829466527669044,-0.0757102648673779,0.0851467633558455,-0.0772652648673779,0.0307023176464959,0.034194,0.0315603620269954,0.036048,-0.103608025662877,-0.086715,-0.1015855435931425,-0.085458,0.0304029112960833,0.032523,0.0349937259387347,0.034675,0.0699291301160711,0.070426,0.0730460414033625,0.072757,0.01344,-83.5408,KiDS,0
KIDS_12.9_-32.1,KIDS_12p9_m32p1_r_SDSS.V1.3.0A_KiDS-1347_GAaP_Gaia.fits,0.0525158216332109,-0.096940468223967,0.0689200414987112,-0.097311468223967,0.0268502520089937,0.033225,0.0311051860308056,0.037783,-0.0042039358573896,0.00594,-0.0008038690180706,0.009463,0.027225459782301,0.018899,0.0306654702470664,0.023373,0.0868531577074812,0.07889,0.0887721275478342,0.082755,0.016002,-84.9651,KiDS,0
KIDS_17.3_-30.2,KIDS_17p3_m30p2_r_SDSS.V1.3.0A_KiDS-1347_GAaP_Gaia.fits,0.0419752494389658,-0.0232316690692629,0.0409283999744281,-0.0211766690692629,0.004997471223248,0.017799,0.0080596532220247,0.023431,0.0247992814595084,0.032635,0.0287072255465266,0.037165,0.0666040992557289,0.070587,0.0726638868672312,0.072817,0.0313741588370244,0.027505,0.0368598823080252,0.031722,0.018346,-85.0616,KiDS,0
KIDS_25.0_-33.1,KIDS_25p0_m33p1_r_SDSS.V1.3.0A_KiDS-1347_GAaP_Gaia.fits,0.2756775786244566,0.0273070054408891,0.293437860449883,0.0273380054408891,0.0028831666772644,0.018763,0.0057960227703817,0.024262,0.0634521906620953,0.075079,0.0669366443387731,0.080238,0.1167714503673437,0.092927,0.1201383695984661,0.095475,-0.0432353478466586,-0.062917,-0.0352197041187727,-0.060449,0.018876,-77.9523,KiDS,0
KIDS_192.5_3.5,KIDS_192p5_3p5_r_SDSS.V1.3.0A_KiDS-1347_GAaP_Gaia.fits,0.1425656239712804,0.0108876776384408,0.1432597218555041,0.0119126776384408,0.0608720322179065,0.03636,0.0655384961619205,0.040689,-0.0054812598561215,-0.003896,-0.0014514780582798,0.004129,0.0461844980124528,0.043868,0.0510624465843032,0.049788,0.0522574718806765,0.047797,0.0569134971623503,0.053787,0.025173,66.3569,KiDS,0
KIDS_216.0_0.5,KIDS_216p0_0p5_r_SDSS.V1.3.0A_KiDS-1347_GAaP_Gaia.fits,0.0310312774559572,-0.0410209177633206,0.0237307450762911,-0.0410619177633206,0.0248162111908319,0.016682,0.0243793695780954,0.01767,0.0130482987402601,0.02449,0.0149389889987526,0.026873,0.0371313299246774,0.046822,0.0410619319332964,0.04929,0.0415147420339875,0.051382,0.0468190371636191,0.053984,0.026404,55.2932,KiDS,0
KIDS_200.0_0.5,KIDS_200p0_0p5_r_SDSS.V1.3.0A_KiDS-1347_GAaP_Gaia.fits,0.0974554307634651,0.0425956837007701,0.0978759180981781,0.0432456837007701,0.0525690888548973,0.042541,0.0545603250113967,0.047491,-0.0497540466721563,-0.041819,-0.0465882560550316,-0.038422,-0.0224149071727957,-0.021794,-0.0187077606719447,-0.018148,0.0651685188309647,0.065612,0.0702301204738747,0.067969,0.023844,62.4997,KiDS,0
KIDS_356.4_-34.1,KIDS_356p4_m34p1_r_SDSS.V1.3.0A_KiDS-1347_GAaP_Gaia.fits,0.0666446110895102,-0.0509846776075463,0.0747685438153973,-0.0495166776075463,0.0287290897168463,0.023473,0.032567502224388,0.026263,-0.0534050168234289,-0.037154,-0.0511154820157648,-0.035363,0.0025860255494665,0.007801,0.0051328567165508,0.010828,0.0704589889396977,0.073821,0.0727665011008699,0.076795,0.010218,-74.2321,KiDS,0
KIDS_185.0_-1.5,KIDS_185p0_m1p5_r_SDSS.V1.3.0A_KiDS-1347_GAaP_Gaia.fits,0.1795059772073807,0.0258052097236342,0.1979241585034247,0.0280952097236342,0.0359533679953163,0.016302,0.0435301376551176,0.021033,-0.0066396720932994,-0.003488,-0.0039108619816067,-3.6e-05,0.0578387385141995,0.048819,0.0583045388735583,0.053182,0.0647449653305021,0.055927,0.0675256333957667,0.061798,0.023976,60.4117,KiDS,0
KIDS_334.9_-29.2,KIDS_334p9_m29p2_r_SDSS.V1.3.0A_KiDS-1347_GAaP_Gaia.fits,0.117373265785299,0.0749529803398841,0.1201243373541865,0.0773419803398841,0.0629391093225312,0.061396,0.0660651241385947,0.063637,0.036905537871514,0.048439,0.0395253768923421,0.051475,0.0679568381799046,0.069336,0.0713079998370085,0.072655,0.0668969887312599,0.069245,0.0701157182189204,0.072099,0.014354,-56.6419,KiDS,0
KIDS_358.8_-34.1,KIDS_358p8_m34p1_r_SDSS.V1.3.0A_KiDS-1347_GAaP_Gaia.fits,0.0340214212377848,-0.0319289433593946,0.0251628041724484,-0.0286749433593947,0.0381801558293317,0.037191,0.0353247740042405,0.038525,0.0188293863331315,0.027059,0.0201444749008961,0.029327,0.0553485602225845,0.047978,0.0577722124107264,0.051909,0.06272341000319,0.054454,0.0655760467519963,0.058007,0.010896,-76.0569,KiDS,0
KIDS_238.0_1.5,KIDS_238p0_1p5_r_SDSS.V1.3.0A_KiDS-1347_GAaP_Gaia.fits,0.1028528702359574,-0.0220325665812903,0.101518007772651,-0.0216865665812903,0.077502076910895,0.062506,0.0784925039192939,0.065505,-0.01976503080312,-0.01639,-0.0167657529200967,-0.013401,0.0367208563701028,0.04851,0.0408631004581568,0.051176,0.0380402796316133,0.050585,0.0440065977383297,0.053921,0.089647,39.7376,KiDS,0
KIDS_161.4_-3.5,KIDS_161p4_m3p5_r_SDSS.V1.3.0A_KiDS-1347_GAaP_Gaia.fits,-0.075473638667102,-0.1480119454710366,-0.0641833574749297,-0.1468069454710366,0.0189167491284677,0.018657,0.0225773875870255,0.023215,0.0050718638486624,0.014027,0.0076065056514634,0.018338,0.0559668840423471,0.052261,0.0575440185235621,0.056958,0.2738313423115624,0.271771,0.2743429012400267,0.276434,0.039868,46.9352,KiDS,0
KIDS_2.4_-33.1,KIDS_2p4_m33p1_r_SDSS.V1.3.0A_KiDS-1347_GAaP_Gaia.fits,0.1839610030922055,0.0509076400641193,0.2031176067476227,0.0523256400641193,-0.0445206639299843,-0.038467,-0.0402042640506688,-0.035434,-0.0546924870808562,-0.042991,-0.0524658746078689,-0.041098,0.0667477099773702,0.067146,0.0669216008378291,0.068207,-0.0799690343898617,-0.080474,-0.0764468714557694,-0.077178,0.010303,-79.1383,KiDS,0
KIDS_350.6_-32.1,KIDS_350p6_m32p1_r_SDSS.V1.3.0A_KiDS-1347_GAaP_Gaia.fits,0.1273042244159249,0.0550571878374796,0.1403048938230362,0.0559611878374796,-0.0180081686333396,-0.00453,-0.0137966598394134,-0.001381,-0.0056691634260998,0.007244,-0.0025691505822708,0.010335,0.0617514852671958,0.057935,0.063844845773872,0.062251,0.0186742495626876,0.02004,0.0234301801304789,0.024025,0.012424,-70.0495,KiDS,0
KIDS_159.0_1.5,KIDS_159p0_1p5_r_SDSS.V1.3.0A_KiDS-1347_GAaP_Gaia.fits,0.0432956014242319,-0.0218644346412309,0.0673069145036306,-0.0213614346412309,-0.0227048852029116,-0.020239,-0.0161000685081351,-0.018135,0.0273757446557283,0.034585,0.0303142433986067,0.036814,0.0577738843510494,0.055852,0.0620247365851769,0.061325,0.0477580334672593,0.043647,0.049331965600076,0.04798,0.034217,48.6427,KiDS,0
KIDS_50.1_-31.2,KIDS_50p1_m31p2_r_SDSS.V1.3.0A_KiDS-1347_GAaP_Gaia.fits,0.1068956301279376,-0.0072693291011427,0.1063497103998352,-0.0071223291011427,-0.0070343915318669,0.000701,-0.0050725767057043,0.002647,-0.0213345315242422,-0.011842,-0.0194654537691589,-0.01081,0.0638946873673445,0.058469,0.0676728612586284,0.060674,0.038239392384713,0.034869,0.0406949904297716,0.037326,0.011892,-57.3835,KiDS,0
KIDS_210.6_-2.5,KIDS_210p6_m2p5_r_SDSS.V1.3.0A_KiDS-1347_GAaP_Gaia.fits,0.1822820346509362,0.1096615460659874,0.1863066024823242,0.1103565460659874,0.033273692122486,0.016187,0.0365326840203974,0.01832,0.0398053326514441,0.042832,0.0426653865308589,0.045678,0.066867319511779,0.071582,0.0701917962503326,0.074014,0.0334569564929068,0.039332,0.0382430746833451,0.043419,0.061316,55.8054,KiDS,0
KIDS_18.0_-34.1,KIDS_18p0_m34p1_r_SDSS.V1.3.0A_KiDS-1347_GAaP_Gaia.fits,0.2987630712131653,0.0626667840836088,0.2937950608551012,0.0630497840836089,0.0319267797944601,0.02123,0.0350532086963187,0.024076,0.0293354531092249,0.04023,0.0323027114745407,0.044029,0.0699509377316109,0.076627,0.0732982512873204,0.080272,0.0717653588877017,0.072033,0.0724095106284112,0.077132,0.018875,-81.7188,KiDS,0
KIDS_140.0_-0.5,KIDS_140p0_m0p5_r_SDSS.V1.3.0A_KiDS-1347_GAaP_Gaia.fits,0.1295701023744038,0.0628874070051343,0.1408615362797887,0.0641004070051343,0.044082202466955,0.057384,0.0451430305459822,0.058037,0.0512764915219877,0.060124,0.0532201765176876,0.062277,0.0679266316618138,0.064128,0.0713481665580299,0.066818,-0.0466309219741681,-0.050382,-0.0426575757530117,-0.048001,0.026074,32.2348,KiDS,0
KIDS_140.0_0.5,KIDS_140p0_0p5_r_SDSS.V1.3.0A_KiDS-1347_GAaP_Gaia.fits,0.0853752139064811,0.0299474997790325,0.0854600986462578,0.0314414997790325,0.0176949215316307,0.019818,0.0192766357808466,0.021606,0.0268117343765613,0.035284,0.028680427707553,0.038576,0.0773192790264704,0.077713,0.0789624573563344,0.079175,0.044717443900245,0.044806,0.0476003117731987,0.047888,0.025966,32.7765,KiDS,0
KIDS_178.5_-2.5,KIDS_178p5_m2p5_r_SDSS.V1.3.0A_KiDS-1347_GAaP_Gaia.fits,0.0549874447146441,0.0189402775255992,0.0628699705019829,0.0189642775255992,0.0908714581030315,0.094545,0.0957644871336765,0.099072,-0.019005867923464,-0.011039,-0.0159817491899593,-0.00779,0.0585046675999543,0.051886,0.062009698313106,0.05523,0.0694641848191288,0.063339,0.0721135284201597,0.06739,0.017958,57.3032,KiDS,0
KIDS_39.9_-29.2,KIDS_39p9_m29p2_r_SDSS.V1.3.0A_KiDS-1347_GAaP_Gaia.fits,0.0967175004682088,-0.0405546478151739,0.1063256314234073,-0.0400856478151739,0.0494801248996105,0.067173,0.0526623773352913,0.068382,0.0043605897690866,0.024226,0.0078284696858853,0.028994,0.0578342908685537,0.063196,0.0609543712046453,0.065042,0.0330756264606825,0.040084,0.0361506902486804,0.043351,0.012443,-66.1064,KiDS,0
KIDS_164.5_-2.5,KIDS_164p5_m2p5_r_SDSS.V1.3.0A_KiDS-1347_GAaP_Gaia.fits,0.0359038101573959,-0.1169122423882946,0.0519917118209604,-0.1147112423882946,0.0322479862321728,0.016305,0.0364767941156558,0.019294,0.0068682954386916,0.010486,0.0107018747865211,0.013584,0.081953281211183,0.08437,0.085806645612671,0.089512,0.027852579118978,0.028154,0.0322280606707061,0.032493,0.037239,49.6747,KiDS,0
KIDS_3.6_-34.1,KIDS_3p6_m34p1_r_SDSS.V1.3.0A_KiDS-1347_GAaP_Gaia.fits,0.1590461864025635,0.125537088407847,0.1664569738041131,0.127684088407847,0.0297116940116832,0.047128,0.0316343908912557,0.049003,0.088811425564908,0.100675,0.0906498160162266,0.103579,0.0475623088495372,0.045293,0.050583953329879,0.047708,0.0603838891524368,0.053987,0.0635301173956529,0.05835,0.012153,-79.4042,KiDS,0
KIDS_163.0_-1.5,KIDS_163p0_m1p5_r_SDSS.V1.3.0A_KiDS-1347_GAaP_Gaia.fits,-0.1948312857464439,-0.2883168456797583,-0.1840425426880032,-0.2884098456797583,0.0484590840743205,0.04918,0.0534683098012668,0.052009,-0.0298508828803653,-0.029345,-0.0269220025770082,-0.02613,0.0813739391880933,0.073826,0.083684319262251,0.07703,-0.0876909486024808,-0.091753,-0.0853663615057662,-0.089906,0.03656,49.4368,KiDS,0
KIDS_173.0_0.5,KIDS_173p0_0p5_r_SDSS.V1.3.0A_KiDS-1347_GAaP_Gaia.fits,0.077812873376787,0.0600923448967501,0.1019456141719793,0.0600923448967501,-0.0442536652708874,-0.054952,-0.0358858114017709,-0.049581,0.0048975705226835,0.006727,0.007874874067062,0.01347,0.0377205483698727,0.026433,0.041368140346094,0.03259,0.0939016469901309,0.088958,0.097346582250053,0.096054,0.021532,57.2253,KiDS,0
KIDS_209.0_0.5,KIDS_209p0_0p5_r_SDSS.V1.3.0A_KiDS-1347_GAaP_Gaia.fits,0.0662264739526475,0.0419716305040912,0.0686064147591168,0.0430176305040912,0.0374809810439444,0.032734,0.0398137252169163,0.036343,-0.3187741145714695,-0.315721,-0.3166457345761961,-0.312861,0.0449750119690497,0.035433,0.0476294576396257,0.038843,0.0920805391223724,0.078576,0.0970868398938868,0.084621,0.031832,59.183,KiDS,0
KIDS_38.4_-31.2,KIDS_38p4_m31p2_r_SDSS.V1.3.0A_KiDS-1347_GAaP_Gaia.fits,0.1575862254464607,-0.0256570723654196,0.1584595345263624,-0.0254000723654196,0.0194813837816589,0.036469,0.020263054799936,0.03798,0.0060684846402262,0.026816,0.0106776671639968,0.028777,0.0356176903694105,0.036305,0.0427558897681029,0.03844,-0.0731811156051468,-0.073062,-0.0684811208679749,-0.068771,0.01403,-67.3224,KiDS,0
KIDS_40.8_-31.2,KIDS_40p8_m31p2_r_SDSS.V1.3.0A_KiDS-1347_GAaP_Gaia.fits,0.2517003502038534,0.0856759220466164,0.2509484611318762,0.0857599220466164,0.0107090687262369,0.029309,0.012216759882491,0.03183,0.0401956642145733,0.051937,0.0416672722195348,0.05433,0.0349883465303822,0.034888,0.0365661670033442,0.037099,0.0410398000508979,0.039673,0.0441966363503146,0.043437,0.01434,-65.3202,KiDS,0
KIDS_182.5_-2.5,KIDS_182p5_m2p5_r_SDSS.V1.3.0A_KiDS-1347_GAaP_Gaia.fits,-0.0571374129790056,-0.0975328570804147,-0.0533369673442326,-0.0991728570804147,0.0329212987992935,0.045616,0.0353848553665919,0.047454,-0.0451977984018258,-0.040004,-0.0428013497514174,-0.037959,0.0574328241617946,0.044391,0.0609228291267758,0.048303,0.0686900288206991,0.058228,0.0737767199099342,0.060591,0.023228,58.7442,KiDS,0
KIDS_0.0_-32.1,KIDS_0p0_m32p1_r_SDSS.V1.3.0A_KiDS-1347_GAaP_Gaia.fits,0.2539724682282754,0.0627349439084604,0.261936103729399,0.0645079439084604,0.0317320770155033,0.045032,0.0342423935020771,0.048767,0.0241703805461415,0.034742,0.0266739525184545,0.037189,0.0317306054604371,0.020281,0.0334330712180361,0.023137,-0.0346479531568586,-0.047003,-0.0282419291525806,-0.04039,0.012007,-77.757,KiDS,0
KIDS_35.7_-30.2,KIDS_35p7_m30p2_r_SDSS.V1.3.0A_KiDS-1347_GAaP_Gaia.fits,0.1903807803906102,-0.0401854760439399,0.1903427626417192,-0.0401704760439399,-0.0140852787048647,0.01781,-0.0098183409982884,0.019258,-0.0094215314002962,0.009194,-0.0071125261834849,0.011403,0.0485444176652614,0.050737,0.0527363604850528,0.05354,0.0411222001744495,0.036135,0.044053310804047,0.039556,0.01625,-69.8101,KiDS,0
KIDS_52.3_-35.1,KIDS_52p3_m35p1_r_SDSS.V1.3.0A_KiDS-1347_GAaP_Gaia.fits,0.1061327716348635,-0.0402705155090153,0.1207884535181565,-0.0385175155090153,-0.0332871527765898,-0.015603,-0.0310950287895432,-0.014861,0.0337249056811042,0.045806,0.0361335285759066,0.048445,0.0371807411084319,0.028545,0.0400120178134319,0.031626,-0.0425841929755556,-0.047949,-0.0394906059714043,-0.045236,0.010847,-55.5586,KiDS,0
KIDS_356.6_-29.2,KIDS_356p6_m29p2_r_SDSS.V1.3.0A_KiDS-1347_GAaP_Gaia.fits,-0.0017769692303942,-0.0618784459760515,0.0057126485570317,-0.0606764459760515,-0.001729908396602,0.022338,0.0031554937370197,0.026096,0.015448623018115,0.029051,0.0179771546434755,0.031505,0.0134223690349865,0.008815,0.015993437817195,0.011078,0.0490579932553823,0.043498,0.0515489109050411,0.046205,0.014983,-75.5118,KiDS,0
KIDS_194.0_1.5,KIDS_194p0_1p5_r_SDSS.V1.3.0A_KiDS-1347_GAaP_Gaia.fits,-0.151936960829775,-0.2213346323370575,-0.1499322667831676,-0.2168356323370574,0.0532509856032061,0.044513,0.0579077538741985,0.046856,0.0375925004388065,0.039422,0.0418240270856871,0.043417,-0.0204991381433843,-0.030295,-0.0157672582517414,-0.025783,-0.0942679548376585,-0.102267,-0.0889096760422138,-0.097814,0.015406,64.3435,KiDS,0
KIDS_223.6_3.5,KIDS_223p6_3p5_r_SDSS.V1.3.0A_KiDS-1347_GAaP_Gaia.fits,-0.0468165082863949,-0.191263125154686,-0.0536201527865416,-0.190120125154686,0.0742742471389055,0.055432,0.0753993654785066,0.058641,0.0266646346456736,0.036826,0.0301277388536074,0.039268,0.0684128602201109,0.079029,0.0729030684065334,0.081931,0.039561286294666,0.048566,0.0437498594775027,0.051421,0.036599,52.2752,KiDS,0
KIDS_223.0_-1.5,KIDS_223p0_m1p5_r_SDSS.V1.3.0A_KiDS-1347_GAaP_Gaia.fits,-0.0123118148021001,-0.026594264181583,-0.0096273387953398,-0.025989264181583,0.0156901933174268,0.020932,0.0174175344691165,0.023892,0.0090204588589891,0.01174,0.0126521136120741,0.016179,-0.0833454013156605,-0.08315,-0.0774753293477559,-0.079686,0.031790678606677,0.030312,0.0366659590234827,0.034356,0.044911,49.2304,KiDS,0
KIDS_19.0_-33.1,KIDS_19p0_m33p1_r_SDSS.V1.3.0A_KiDS-1347_GAaP_Gaia.fits,0.0968697474605426,-0.1044064408650159,0.1004483263530457,-0.1041474408650159,0.0191860371812118,0.036827,0.0204842562310462,0.037796,0.0107445188265936,0.023509,0.0141369095542508,0.024342,-0.0218091076634842,-0.024871,-0.0132269129338773,-0.021421,0.051628541406387,0.048306,0.0573527072965268,0.052305,0.023298,-81.9648,KiDS,0
KIDS_136.0_0.5,KIDS_136p0_0p5_r_SDSS.V1.3.0A_KiDS-1347_GAaP_Gaia.fits,0.1239739868524805,0.0529891303748402,0.1248478521832097,0.0529991303748402,0.0490960026676044,0.041503,0.0500417883512532,0.043439,0.0276011520880553,0.038377,0.0304785666558538,0.040716,-0.0400182304417776,-0.036952,-0.0370221015111923,-0.035049,0.0495795835774139,0.053578,0.0527787865897924,0.057001,0.032291,29.3787,KiDS,0
KIDS_139.0_1.5,KIDS_139p0_1p5_r_SDSS.V1.3.0A_KiDS-1347_GAaP_Gaia.fits,0.0831751255818178,0.0333759210737311,0.0869903398224405,0.0361659210737311,0.0230434460919851,0.012575,0.0226905510184471,0.014313,0.0552315567672843,0.063397,0.0566204325014686,0.064927,-0.0412377754909786,-0.035818,-0.0392232599511109,-0.033942,0.0355288233058393,0.042875,0.0384105558014236,0.046181,0.022864,32.4496,KiDS,0
KIDS_18.4_-30.2,KIDS_18p4_m30p2_r_SDSS.V1.3.0A_KiDS-1347_GAaP_Gaia.fits,0.3008195478635208,0.0441045474828094,0.2819224104194621,0.0444545474828094,0.0748631516168917,0.08765,0.0737944882993632,0.090403,0.0271722677268236,0.042129,0.0313572464901602,0.042833,0.0424596235135058,0.030926,0.0481359704469035,0.033284,0.0611217708239459,0.048268,0.0665954501839571,0.05125,0.017184,-84.2412,KiDS,0
KIDS_181.5_-2.5,KIDS_181p5_m2p5_r_SDSS.V1.3.0A_KiDS-1347_GAaP_Gaia.fits,0.1475132647410506,0.0648000883680245,0.1398421914830988,0.0648230883680245,0.0267417132345063,0.037656,0.0294571862959732,0.041,0.037236093117103,0.043162,0.041092738665864,0.047116,0.0408290603301817,0.03898,0.0473151281678412,0.042197,0.0872566772916147,0.08399,0.094457345429692,0.087726,0.022961,58.4254,KiDS,0
KIDS_207.6_-3.5,KIDS_207p6_m3p5_r_SDSS.V1.3.0A_KiDS-1347_GAaP_Gaia.fits,0.1223082087705135,-0.0027305894194417,0.1198998600375562,-0.0027235894194417,-0.0393313636014046,-0.058479,-0.0372777028473575,-0.055724,-0.0175055246356285,-0.009255,-0.0129166009711351,-0.004459,0.0527046317791191,0.059333,0.0600013109964044,0.063151,0.0123389779289948,0.018925,0.0175947593467583,0.023426,0.035526,56.2519,KiDS,0
KIDS_211.6_-3.5,KIDS_211p6_m3p5_r_SDSS.V1.3.0A_KiDS-1347_GAaP_Gaia.fits,-0.0513178775322439,-0.1177545853020617,-0.051414707024078,-0.1168955853020617,-0.0693098787279382,-0.071432,-0.0673322287257205,-0.069353,-0.1476930236623483,-0.139399,-0.1445715040415839,-0.136275,0.0215922328716643,0.025799,0.0252836871974223,0.028693,0.0435240665097185,0.045617,0.047228075103739,0.049157,0.043455,54.4474,KiDS,0
KIDS_177.5_-3.5,KIDS_177p5_m3p5_r_SDSS.V1.3.0A_KiDS-1347_GAaP_Gaia.fits,0.0119628784902593,-0.0898513509978542,0.0106632387361536,-0.0898393509978542,0.035010043801926,0.035026,0.0387624397234816,0.039335,0.0434018213638745,0.051449,0.0470078613259815,0.054932,0.0316931176237175,0.028785,0.0366100359610967,0.031859,0.0465118028129503,0.041924,0.0504869881556082,0.045304,0.021596,56.0055,KiDS,0
KIDS_1.2_-31.2,KIDS_1p2_m31p2_r_SDSS.V1.3.0A_KiDS-1347_GAaP_Gaia.fits,0.0779011683037541,0.0107658942509411,0.0901378116535467,0.0118858942509411,0.0198022301102544,0.024015,0.0225703640639482,0.027764,0.0432035876072363,0.054509,0.0441635172877439,0.055757,0.0292031247205926,0.025362,0.0300678380845383,0.028681,-0.0299009978248855,-0.029368,-0.027336060622971,-0.027575,0.012102,-79.0497,KiDS,0
KIDS_201.0_1.5,KIDS_201p0_1p5_r_SDSS.V1.3.0A_KiDS-1347_GAaP_Gaia.fits,0.0142384580245969,-0.056657338723922,0.0070343453502524,-0.053215338723922,0.1030290488823489,0.088824,0.1031275225734188,0.093353,0.0290888527169107,0.033882,0.0318328621265827,0.037081,-0.0750278003383141,-0.072885,-0.0725386200155389,-0.069142,0.0523492508897547,0.050685,0.0585618030684069,0.054069,0.022351,63.1992,KiDS,0
KIDS_131.4_2.5,KIDS_131p4_2p5_r_SDSS.V1.3.0A_KiDS-1347_GAaP_Gaia.fits,0.1052367297910114,0.069270126037625,0.1037585381280579,0.068570126037625,0.0593424777606645,0.045965,0.0591789228175748,0.047319,0.0121405711544678,0.019593,0.0134861012771199,0.020651,0.0388856375723578,0.043721,0.040968362919965,0.045913,0.0590218571476135,0.064398,0.0614819821419943,0.066106,0.034759,26.3691,KiDS,0
KIDS_36.1_-28.2,KIDS_36p1_m28p2_r_SDSS.V1.3.0A_KiDS-1347_GAaP_Gaia.fits,0.093751833351224,-0.0496216706168826,0.0967738892178193,-0.0496216706168826,-0.7240094082483763,-0.683749,-0.7211960781019524,-0.679229,0.0344111124099951,0.053992,0.0379164620931945,0.05803,0.0218320321793506,0.037166,0.0265857867829161,0.039457,0.0092393806467338,0.020088,0.0126616960890844,0.022618,0.013344,-69.4099,KiDS,0
KIDS_11.8_-32.1,KIDS_11p8_m32p1_r_SDSS.V1.3.0A_KiDS-1347_GAaP_Gaia.fits,0.0668029167163585,-0.0414803562789642,0.0731561204630313,-0.0364873562789642,-0.0137043580057523,0.010318,-0.0105555794539996,0.011179,0.0332420960761266,0.048342,0.0359029090211469,0.051184,0.0341019148188067,0.026677,0.0373638662061945,0.029179,0.6443517535845656,0.630353,0.6455726365710331,0.6321,0.014136,-84.8892,KiDS,0
KIDS_27.3_-33.1,KIDS_27p3_m33p1_r_SDSS.V1.3.0A_KiDS-1347_GAaP_Gaia.fits,0.1163169852686288,-0.1067676411575622,0.0982715243316525,-0.1062286411575622,-0.191399224706784,-0.185974,-0.1939400143536971,-0.181255,-0.1171907695333511,-0.103183,-0.1146873369649869,-0.100159,0.0476147306597536,0.044287,0.053444262354392,0.047618,-0.0403434766699387,-0.046507,-0.0369903318036595,-0.044315,0.017237,-76.1265,KiDS,0
KIDS_237.0_-1.5,KIDS_237p0_m1p5_r_SDSS.V1.3.0A_KiDS-1347_GAaP_Gaia.fits,-0.1207856943728887,-0.2502201163932387,-0.128331502331577,-0.2496281163932387,-0.5154910218836395,-0.529137,-0.515962088280614,-0.528107,0.0098485606324386,0.009963,0.0123626270382951,0.012233,0.0376084830294108,0.047465,0.0411920589672085,0.049853,0.0536375670696817,0.0638,0.0570264477060507,0.065606,0.114941,38.7827,KiDS,0
KIDS_3.5_-32.1,KIDS_3p5_m32p1_r_SDSS.V1.3.0A_KiDS-1347_GAaP_Gaia.fits,0.1140871059202231,-0.0269897402813675,0.1268460415667092,-0.0269897402813675,-0.0397043523380234,-0.027355,-0.0331089347175937,-0.026172,-0.0309109389518743,-0.024708,-0.028115043439984,-0.020388,0.064525755335987,0.056182,0.065267299955436,0.059558,-0.0119797048737441,-0.018332,-0.0074303627143942,-0.013382,0.011532,-80.4555,KiDS,0
KIDS_176.0_-1.5,KIDS_176p0_m1p5_r_SDSS.V1.3.0A_KiDS-1347_GAaP_Gaia.fits,0.0660114452959396,0.0023522756378561,0.0772233505701225,0.0155802756378561,0.0143308362343213,0.027156,0.0222917948404026,0.035563,-0.003872016934776,0.002584,0.0040252060115456,0.011477,0.0342782683179208,0.027837,0.0436633998519977,0.034536,0.0901302172370234,0.076896,0.1016290105818065,0.086374,0.015162,57.0857,KiDS,0
KIDS_44.0_-33.1,KIDS_44p0_m33p1_r_SDSS.V1.3.0A_KiDS-1347_GAaP_Gaia.fits,0.1115932157795745,0.0219574140813679,0.1292170878049579,0.0220564140813679,0.0173376296736127,0.046383,0.02358941779476,0.04937,0.0441732938319386,0.062366,0.0475151612754803,0.065258,0.0592824693868574,0.054179,0.060848487810939,0.056172,0.0832153864155423,0.081566,0.0860317104527366,0.083366,0.019155,-62.5242,KiDS,0
KIDS_28.5_-33.1,KIDS_28p5_m33p1_r_SDSS.V1.3.0A_KiDS-1347_GAaP_Gaia.fits,0.3587878451502174,0.0627937823626731,0.3809337186035554,0.0636537823626731,0.0171905509189637,0.023903,0.0241088215880818,0.029104,0.0037172883749008,0.020323,0.0095534017309546,0.021178,0.0030652895489329,-0.0055,0.0081058426860854,-0.002792,-0.0295693355834309,-0.052991,-0.0275521197919906,-0.047559,0.016691,-75.2063,KiDS,0
KIDS_332.9_-32.1,KIDS_332p9_m32p1_r_SDSS.V1.3.0A_KiDS-1347_GAaP_Gaia.fits,0.0868287462947652,-0.0169378366871726,0.0998277631182689,-0.0170758366871726,0.044282541883567,0.033464,0.0498283051572965,0.034306,-0.0457986258096182,-0.03587,-0.043192796301953,-0.03416,0.0394907408959278,0.04235,0.0408849713773586,0.045088,0.038201922679775,0.043983,0.0394200423956227,0.04616,0.02119,-55.1391,KiDS,0
KIDS_200.6_-3.5,KIDS_200p6_m3p5_r_SDSS.V1.3.0A_KiDS-1347_GAaP_Gaia.fits,0.1149923082021871,0.0532084867249696,0.1160042185244198,0.0532084867249696,0.0418709115844821,0.026365,0.0432992419554047,0.028745,0.0116115647236748,0.019133,0.0153859743800422,0.021298,0.0306505565340359,0.034763,0.0350552953452273,0.037263,0.0335244149179914,0.035933,0.0380964139212619,0.039641,0.030231,58.4992,KiDS,0
KIDS_141.0_0.5,KIDS_141p0_0p5_r_SDSS.V1.3.0A_KiDS-1347_GAaP_Gaia.fits,0.0670590813311531,0.0680070243529703,0.0751561041988996,0.0695060243529703,-0.0347896032739696,-0.025402,-0.0324950414279424,-0.022679,0.0056780731072723,0.016594,0.0082022856638626,0.019712,0.0411407757124706,0.040662,0.0434814113966196,0.043306,0.0376244135842327,0.036214,0.0414855605686167,0.040251,0.025695,33.607,KiDS,0
KIDS_163.5_2.5,KIDS_163p5_2p5_r_SDSS.V1.3.0A_KiDS-1347_GAaP_Gaia.fits,0.1064773113119295,-0.0391029788709399,0.0995122330442875,-0.0388879788709399,0.0237649895275259,0.014738,0.0257751799545264,0.016358,0.0066193389687306,0.02257,0.0109924699668267,0.025083,0.0248178568745344,0.041526,0.0314675444316627,0.044451,0.0109111340182358,0.026477,0.0156789536972601,0.030589,0.033727,52.5802,KiDS,0
KIDS_189.5_3.5,KIDS_189p5_3p5_r_SDSS.V1.3.0A_KiDS-1347_GAaP_Gaia.fits,-0.086851928154756,-0.1430657551577271,-0.0863484828561078,-0.1428717551577271,0.0284350429740566,0.028679,0.0340472921626927,0.033806,0.0211029972152575,0.023565,0.0248773662679622,0.028821,0.0454738692519706,0.036471,0.0503163960816036,0.043308,0.0404461582163213,0.035534,0.0461459251967391,0.040451,0.022515,66.1372,KiDS,0
KIDS_214.6_3.5,KIDS_214p6_3p5_r_SDSS.V1.3.0A_KiDS-1347_GAaP_Gaia.fits,0.0954517100249892,-0.0003125805689927,0.0962870175959666,-0.0002765805689927,0.0803583452843038,0.070541,0.083396019668931,0.073491,0.0185990790986783,0.029115,0.023410560733764,0.032537,0.0108054677153889,0.013918,0.0163332881530382,0.017443,0.0652628633645809,0.06861,0.0700092460519153,0.071377,0.029162,58.4997,KiDS,0
KIDS_181.5_2.5,KIDS_181p5_2p5_r_SDSS.V1.3.0A_KiDS-1347_GAaP_Gaia.fits,0.0477820692928195,-0.0391870560717349,0.05072077421093,-0.0382450560717349,-0.0536116947844775,-0.045867,-0.0502174845698808,-0.042061,0.0396635022028202,0.051967,0.0430057796576127,0.055726,0.0502705151166787,0.059234,0.0543340609293984,0.061061,0.0006521102728684,0.005871,0.0055803306942771,0.009319,0.021351,63.0603,KiDS,0
KIDS_345.2_-29.2,KIDS_345p2_m29p2_r_SDSS.V1.3.0A_KiDS-1347_GAaP_Gaia.fits,0.0941429525344745,0.0376843382586585,0.0844231893184538,0.0376693382586585,0.0274180999218899,0.037404,0.0285972870154047,0.042206,0.0325209151048038,0.043084,0.034974815393515,0.046232,0.041259280355836,0.038788,0.0464702183562344,0.043493,0.0291683274803212,0.027686,0.0344870771952357,0.0311,0.02373,-65.5837,KiDS,0
KIDS_216.6_3.5,KIDS_216p6_3p5_r_SDSS.V1.3.0A_KiDS-1347_GAaP_Gaia.fits,-0.0574893170563967,-0.0710463548863978,-0.0364540356707791,-0.0685223548863978,0.043381039303302,0.041035,0.0508174884866288,0.045512,0.020083717287688,0.027262,0.0245532546479095,0.032607,0.0147779709019669,0.01303,0.0195307017084175,0.017482,0.0575137842308129,0.054977,0.0605702230269541,0.058799,0.026297,57.2082,KiDS,0
KIDS_7.1_-32.1,KIDS_7p1_m32p1_r_SDSS.V1.3.0A_KiDS-1347_GAaP_Gaia.fits,0.1149473583692403,0.0340454595236131,0.1311142312338872,0.0345104595236131,-1.10159384799828,-1.059011,-1.093140931995265,-1.059256,0.0225850262751686,0.036296,0.0252562209175715,0.038208,0.0001626481772254,-0.004323,0.0006579126826965,-0.000895,0.0464623236559062,0.036696,0.0484399470926224,0.040662,0.011843,-82.8748,KiDS,0
KIDS_208.6_-2.5,KIDS_208p6_m2p5_r_SDSS.V1.3.0A_KiDS-1347_GAaP_Gaia.fits,-0.10400331655525,-0.1776647339906119,-0.0952707273806728,-0.1772797339906119,0.0698492123152572,0.057411,0.0743810458195416,0.060078,-0.0033450405729919,-0.001675,0.002171492013296,0.004251,0.0201687974264577,0.02026,0.0260336834849763,0.02639,0.069980816465777,0.073431,0.0761228208819597,0.079514,0.039449,56.7318,KiDS,0
KIDS_212.6_2.5,KIDS_212p6_2p5_r_SDSS.V1.3.0A_KiDS-1347_GAaP_Gaia.fits,0.0293362270412191,-0.0576523569354264,0.031318632396222,-0.0576523569354264,-0.0219949067073475,-0.042052,-0.0194650657428953,-0.039004,0.0129952124173927,0.015753,0.0164719831839908,0.020182,0.035848313903025,0.034078,0.0401530822989303,0.038726,0.0174351322396362,0.018342,0.0219861649743821,0.023411,0.030028,58.9377,KiDS,0
KIDS_37.6_-32.1,KIDS_37p6_m32p1_r_SDSS.V1.3.0A_KiDS-1347_GAaP_Gaia.fits,0.0612632085683286,-0.0602282109502414,0.0601340892193038,-0.0577432109502414,-0.0232792372954158,0.028159,-0.0198945525025993,0.028534,0.0379338878012736,0.055862,0.0402347291524596,0.057641,0.0460655286268425,0.043229,0.0519541105073611,0.046079,-0.0367952518720034,-0.036735,-0.0297189759772081,-0.033309,0.013653,-67.9323,KiDS,0
KIDS_30.4_-35.1,KIDS_30p4_m35p1_r_SDSS.V1.3.0A_KiDS-1347_GAaP_Gaia.fits,0.2008190683313929,-0.1249259645706687,0.2069819995854037,-0.1249259645706687,-0.1246134950007648,-0.108364,-0.1230093189556991,-0.105488,0.0181107971122843,0.033855,0.0195908686993485,0.035903,0.0396232329526694,0.028857,0.042813473102698,0.032513,-0.0686643284594884,-0.083869,-0.0642586581409544,-0.08174,0.00951,-72.9781,KiDS,0
KIDS_1.2_-30.2,KIDS_1p2_m30p2_r_SDSS.V1.3.0A_KiDS-1347_GAaP_Gaia.fits,0.0973791585240789,-0.0041911438665974,0.1091473250656775,-0.0033051438665974,0.0204013250289339,0.044077,0.0212998645771395,0.044951,0.0204100085910439,0.033286,0.0220632592849772,0.035485,0.0553973603790809,0.053409,0.058589584574682,0.055319,-0.0620098887161426,-0.066443,-0.0594205896374339,-0.064984,0.011885,-79.2661,KiDS,0
KIDS_44.7_-32.1,KIDS_44p7_m32p1_r_SDSS.V1.3.0A_KiDS-1347_GAaP_Gaia.fits,0.2379812584663105,-0.0072655356840483,0.2270653480180768,-0.0060235356840483,0.0093172304495651,0.030862,0.0064694292844784,0.033644,0.0197866559666245,0.040543,0.023701579587565,0.04482,0.0563705889485455,0.050802,0.064379748107354,0.054782,0.0195107192297345,0.016641,0.0291168941407236,0.02099,0.012521,-61.9607,KiDS,0
KIDS_200.6_2.5,KIDS_200p6_2p5_r_SDSS.V1.3.0A_KiDS-1347_GAaP_Gaia.fits,-0.0424016525970337,-0.0791630755398414,-0.0259213325331695,-0.0757110755398414,0.0528341693815311,0.041421,0.0595192341883164,0.045592,0.029079232073356,0.033773,0.0329683584935343,0.036828,-0.0317392111028897,-0.034558,-0.0286733515045936,-0.031294,0.0310931112062019,0.025523,0.0337838829526449,0.029744,0.022597,64.2554,KiDS,0
KIDS_26.1_-33.1,KIDS_26p1_m33p1_r_SDSS.V1.3.0A_KiDS-1347_GAaP_Gaia.fits,0.1519822869722955,-0.1199030444077324,0.1520616156184836,-0.1168150444077324,-0.409112630858816,-0.411365,-0.4056525511559713,-0.410975,0.037134367454645,0.051522,0.0394138226340304,0.053169,0.0839961192189425,0.081688,0.0844437470717424,0.084508,0.619013709402467,0.623058,0.6202084830381713,0.627493,0.017899,-77.054,KiDS,0
KIDS_237.0_0.5,KIDS_237p0_0p5_r_SDSS.V1.3.0A_KiDS-1347_GAaP_Gaia.fits,0.0778094130112157,-0.043106470725899,0.0695891268660791,-0.042937470725899,0.088809456715296,0.065046,0.0877631262855724,0.067041,0.0142797900035077,0.017158,0.0164134980475148,0.019277,-0.0323714415256596,-0.022216,-0.0283457241940872,-0.019842,0.0498451063676516,0.057724,0.0552766053453343,0.06229,0.075531,39.9803,KiDS,0
KIDS_190.0_-1.5,KIDS_190p0_m1p5_r_SDSS.V1.3.0A_KiDS-1347_GAaP_Gaia.fits,-0.0461554572362744,-0.0908513046425374,-0.0373352959539067,-0.0907293046425374,-0.0754145287586083,-0.079459,-0.0705379623783689,-0.077489,0.0120202561049836,0.016285,0.0164058218470733,0.019823,0.0605921119774618,0.04805,0.0651751668404419,0.054222,0.1281156075903402,0.122161,0.132650642760814,0.128211,0.024309,61.2358,KiDS,0
KIDS_345.7_-33.1,KIDS_345p7_m33p1_r_SDSS.V1.3.0A_KiDS-1347_GAaP_Gaia.fits,0.0769257936401476,0.0496304503971178,0.0826378140661517,0.0551564503971178,0.0369327536246074,0.047198,0.0397163159018867,0.05064,0.0338480657212315,0.046529,0.0360583442863853,0.048557,0.0502815677040916,0.049213,0.0516404921823766,0.051313,0.0646478230766127,0.062063,0.0683751480071854,0.065073,0.01646,-65.8655,KiDS,0
KIDS_342.2_-33.1,KIDS_342p2_m33p1_r_SDSS.V1.3.0A_KiDS-1347_GAaP_Gaia.fits,0.1340654722393453,0.1136499892405583,0.1437859790557173,0.1178239892405583,0.0268996418950031,0.043901,0.0315922555917921,0.045087,0.0436900265140401,0.057369,0.0460146412540383,0.059111,0.0412264504710627,0.037993,0.0438402435241313,0.041142,0.0440346972773881,0.043368,0.0454880221622511,0.045164,0.013687,-62.9068,KiDS,0
KIDS_173.5_-3.5,KIDS_173p5_m3p5_r_SDSS.V1.3.0A_KiDS-1347_GAaP_Gaia.fits,0.0114797911308109,-0.1213670664941181,0.0253868170225945,-0.1215990664941181,0.193503155236847,0.165579,0.1979359966417503,0.167841,-0.083839116365627,-0.077645,-0.0808077742327912,-0.074349,0.0398489586950396,0.051601,0.0421163687924607,0.054141,-0.1001882514922727,-0.088158,-0.096968168859186,-0.084805,0.034426,54.1648,KiDS,0
KIDS_170.0_-1.5,KIDS_170p0_m1p5_r_SDSS.V1.3.0A_KiDS-1347_GAaP_Gaia.fits,-0.0042554566177497,-0.1993250245206826,-0.0147465551864344,-0.1972420245206826,-0.0406444930703768,-0.057972,-0.0410209738453369,-0.053367,-0.0036677772702654,0.000163,0.0023556115363719,0.005563,0.0145546085120445,0.018104,0.0227414363722128,0.022381,0.0349494658978101,0.044982,0.0447530967956251,0.049471,0.040307,53.9074,KiDS,0
KIDS_209.0_1.5,KIDS_209p0_1p5_r_SDSS.V1.3.0A_KiDS-1347_GAaP_Gaia.fits,-0.0145799101814742,-0.0731774004740236,-0.0097393211213157,-0.0723244004740236,-0.213500260339676,-0.224666,-0.2096739345289205,-0.222056,-0.0368574714836768,-0.028834,-0.0339709910372882,-0.026471,0.0844447955880086,0.085832,0.0881983116235297,0.090104,0.0547306180918736,0.051614,0.0566337884745631,0.054421,0.028206,60.0481,KiDS,0
KIDS_354.2_-30.2,KIDS_354p2_m30p2_r_SDSS.V1.3.0A_KiDS-1347_GAaP_Gaia.fits,-0.0274039605832222,-0.0593899779373379,-0.0246478314357969,-0.0595529779373379,-0.4109175498524104,-0.399419,-0.4065543201834657,-0.395566,-0.0854583919545474,-0.072116,-0.0798002371300711,-0.063091,0.0141382398013013,0.012749,0.0218373361890411,0.017682,-0.0886510121510642,-0.0854,-0.0833445813026054,-0.081193,0.011759,-73.3805,KiDS,0
KIDS_43.5_-32.1,KIDS_43p5_m32p1_r_SDSS.V1.3.0A_KiDS-1347_GAaP_Gaia.fits,0.2357185119873625,0.1140929945151546,0.2272675413389837,0.1157529945151546,-0.0270770111881051,0.006896,-0.0253114026321451,0.010013,0.0184922130818213,0.03667,0.0215028589702322,0.038975,0.0404756564536974,0.0275,0.0437560914135708,0.030531,0.0506917866732401,0.040952,0.0546614975855035,0.044223,0.019146,-62.9696,KiDS,0
KIDS_348.2_-32.1,KIDS_348p2_m32p1_r_SDSS.V1.3.0A_KiDS-1347_GAaP_Gaia.fits,-0.0384830471052079,0.058518104193417,-0.0249916577146833,0.0600591041934171,-0.0817805743288209,-0.029493,-0.077375484721881,-0.028162,0.0477207576533938,0.058271,0.0497062554672572,0.059578,0.0598718087275764,0.043624,0.0625073590493444,0.044622,-0.0483505739589415,-0.062006,-0.0430638451698727,-0.060727,0.014193,-68.0856,KiDS,0
KIDS_53.5_-35.1,KIDS_53p5_m35p1_r_SDSS.V1.3.0A_KiDS-1347_GAaP_Gaia.fits,0.0723982489651908,-0.0301756081832403,0.0902439724110715,-0.0294406081832403,0.0034914670590356,0.011776,0.0071739714707411,0.012807,0.0054041269968281,0.01664,0.0074119685177014,0.019291,0.0304466775185389,0.030998,0.0329327236584208,0.032238,0.0392129200464154,0.03482,0.0392270071045653,0.038567,0.012167,-54.5471,KiDS,0
KIDS_180.5_2.5,KIDS_180p5_2p5_r_SDSS.V1.3.0A_KiDS-1347_GAaP_Gaia.fits,0.1395505748943546,0.0541337135679185,0.1281133949534594,0.0534687135679185,-0.0454056293664791,-0.046742,-0.0445273683227791,-0.042211,0.0046645464950577,0.011217,0.0077327513190766,0.014465,0.0467211939466428,0.045678,0.0526743980098604,0.049466,0.0632240361693022,0.063783,0.0683648791686402,0.067666,0.021826,62.6571,KiDS,0
KIDS_23.5_-32.1,KIDS_23p5_m32p1_r_SDSS.V1.3.0A_KiDS-1347_GAaP_Gaia.fits,0.0872237611541136,0.0441834997787899,0.0901324042583844,0.0475904997787899,-0.0124303164328468,0.001533,-0.0109842820275683,0.003157,0.0908011325055038,0.099882,0.093901256335315,0.10252,0.1069747652341809,0.103701,0.1111438947051478,0.107527,-0.0834617582535065,-0.089396,-0.0804490538224493,-0.085959,0.018275,-79.4552,KiDS,0
KIDS_178.0_-1.5,KIDS_178p0_m1p5_r_SDSS.V1.3.0A_KiDS-1347_GAaP_Gaia.fits,0.1072157075488067,0.0073030846728266,0.1086051797925157,0.0065270846728266,0.022641287633835,0.033266,0.026179670000349,0.035319,-0.0023425001725664,0.008911,0.0016943017977833,0.012476,-0.0271685094848851,-0.027474,-0.0210478928307204,-0.0211,0.0549713972754466,0.057396,0.0605261108465996,0.061584,0.018374,58.0,KiDS,0
KIDS_214.0_0.5,KIDS_214p0_0p5_r_SDSS.V1.3.0A_KiDS-1347_GAaP_Gaia.fits,0.0603528200078258,-0.0526252609153375,0.0535338020133761,-0.0526252609153375,0.0443573582422008,0.027514,0.0442618812238133,0.031053,0.0404926672646213,0.044686,0.0430788091161287,0.047818,0.0482692092372414,0.049353,0.0519116178020818,0.051908,0.0373036824538204,0.037867,0.0422457434857269,0.042258,0.032103,56.512,KiDS,0
KIDS_332.7_-29.2,KIDS_332p7_m29p2_r_SDSS.V1.3.0A_KiDS-1347_GAaP_Gaia.fits,0.0923240905964675,0.0441688999866872,0.0997173391687052,0.0441688999866872,-0.466036425250392,-0.473984,-0.4622256605933299,-0.470466,0.0243550915362616,0.033799,0.027102597009216,0.035829,0.0435124025212555,0.042056,0.0459356217754339,0.043553,0.0581072130234238,0.059093,0.0610404784662236,0.061502,0.014974,-54.6525,KiDS,0
KIDS_172.5_2.5,KIDS_172p5_2p5_r_SDSS.V1.3.0A_KiDS-1347_GAaP_Gaia.fits,0.1461004443622764,0.0830408924737589,0.1537358338861706,0.0859728924737588,0.0307571382778312,0.03004,0.0357282003158661,0.034547,0.0099670894384834,0.015862,0.0149543383107429,0.020511,-0.0021709762509469,-0.00526,0.0042346528964562,-0.004335,0.0396591009213943,0.042831,0.0474896715572301,0.047631,0.02547,58.5563,KiDS,0
KIDS_226.0_1.5,KIDS_226p0_1p5_r_SDSS.V1.3.0A_KiDS-1347_GAaP_Gaia.fits,0.0273351414336123,-0.0229818265456734,0.025609184606438,-0.0230968265456734,0.131476888932246,0.127876,0.1336360233510442,0.129789,-0.1037624124767941,-0.097777,-0.1006978189251336,-0.095514,-0.0667678354682023,-0.07005,-0.0628859492675671,-0.067756,-0.0787737657295726,-0.079519,-0.0738624361974763,-0.076304,0.046635,49.1726,KiDS,0
KIDS_355.3_-31.2,KIDS_355p3_m31p2_r_SDSS.V1.3.0A_KiDS-1347_GAaP_Gaia.fits,0.0787422143305063,-0.0090134339017728,0.0854465337452839,-0.0081714339017728,-0.0045939694010953,-0.012464,-0.0035531373712955,-0.009514,0.0234840342839777,0.033854,0.0272796631633967,0.037524,0.0303593880649842,0.028442,0.0380348925977861,0.033811,0.0812237946757411,0.082539,0.0887609241191617,0.087362,0.011581,-74.1803,KiDS,0
KIDS_179.0_1.5,KIDS_179p0_1p5_r_SDSS.V1.3.0A_KiDS-1347_GAaP_Gaia.fits,0.1227108695625961,0.0193894177244306,0.133106575787935,0.0207764177244306,0.0382565426129763,0.032902,0.0441836200685814,0.039531,0.0009390615787664,0.0154,0.0062550860423882,0.0198,0.0302093805560321,0.035052,0.0338345258839756,0.039231,0.0417399856154419,0.047973,0.0470400664206356,0.054211,0.016489,61.1436,KiDS,0
KIDS_49.7_-28.2,KIDS_49p7_m28p2_r_SDSS.V1.3.0A_KiDS-1347_GAaP_Gaia.fits,0.1520644827998734,-0.0642687021638387,0.1708115189638318,-0.0648837021638387,0.0139664196282877,0.03788,0.013588841100044,0.041965,0.1008424214854143,0.115577,0.1051553153994953,0.119637,0.0880886735269112,0.080368,0.0939710489477519,0.090279,0.1529566291834898,0.144549,0.1608329769005984,0.149475,0.014864,-57.5118,KiDS,0
KIDS_353.2_-28.2,KIDS_353p2_m28p2_r_SDSS.V1.3.0A_KiDS-1347_GAaP_Gaia.fits,0.037372580513735,-0.0758700711804566,0.0306439543217284,-0.0760160711804567,-0.0602355037002307,-0.062957,-0.0613948199868562,-0.061559,0.0407031503131372,0.054868,0.0426017913965198,0.056645,0.1976221975642564,0.199025,0.2020309692932057,0.201791,0.0401954723268685,0.03617,0.044060560185053,0.039564,0.017032,-72.5936,KiDS,0
KIDS_9.5_-33.1,KIDS_9p5_m33p1_r_SDSS.V1.3.0A_KiDS-1347_GAaP_Gaia.fits,0.0216222819778746,-0.0478022860303255,0.0052574336558289,-0.0477102860303255,0.0227709076691037,0.038168,0.0260282248209092,0.041139,0.033109489609513,0.043911,0.038249200691368,0.047332,0.007467838418185,0.006674,0.0159278743667966,0.01242,0.0237158684647351,0.024242,0.0310765108324408,0.027172,0.010197,-83.3221,KiDS,0
KIDS_10.8_-34.1,KIDS_10p8_m34p1_r_SDSS.V1.3.0A_KiDS-1347_GAaP_Gaia.fits,0.135801107975424,-0.0408024808416254,0.1339726232198182,-0.0404044808416254,0.0361771857968909,0.05774,0.0387723028642119,0.05943,-0.0980576189527665,-0.083785,-0.0936111273253818,-0.081192,0.0500159009815008,0.036818,0.0557649497411222,0.04069,0.0715981552533921,0.062428,0.0787301515155262,0.065685,0.011023,-82.7541,KiDS,0
KIDS_206.0_0.5,KIDS_206p0_0p5_r_SDSS.V1.3.0A_KiDS-1347_GAaP_Gaia.fits,0.2776808958202118,0.2135334566238373,0.2811807497365278,0.2169064566238373,0.0351585226867476,0.027971,0.0394371266142197,0.031997,0.0222349380548992,0.029088,0.0252890754184141,0.032903,0.0423810284836108,0.041633,0.047108771279661,0.045907,0.063971995874832,0.062566,0.0674757682768167,0.066289,0.025095,60.5275,KiDS,0
KIDS_343.5_-32.1,KIDS_343p5_m32p1_r_SDSS.V1.3.0A_KiDS-1347_GAaP_Gaia.fits,0.12483124829586,0.0622108170327662,0.1279010484168015,0.0630028170327662,0.0433838087214449,0.045709,0.046321489958628,0.046982,0.0131723479118855,0.024755,0.0159710921553065,0.027604,0.0464115724371616,0.051522,0.0481322811793816,0.053773,0.0560414008459017,0.063774,0.0592591819906221,0.067122,0.016292,-64.0751,KiDS,0
KIDS_357.8_-27.2,KIDS_357p8_m27p2_r_SDSS.V1.3.0A_KiDS-1347_GAaP_Gaia.fits,0.0060663657022957,-0.0821227177871224,0.0156631725591448,-0.0809577177871224,0.0771770615903253,0.08387,0.0822274543854488,0.085472,0.0487464897711978,0.060047,0.0515189228749056,0.062676,0.0724715863686393,0.078705,0.0738015022893231,0.078935,-0.0759069308694691,-0.071571,-0.0729013562635991,-0.068837,0.018008,-76.5757,KiDS,0
KIDS_44.4_-34.1,KIDS_44p4_m34p1_r_SDSS.V1.3.0A_KiDS-1347_GAaP_Gaia.fits,-0.0067951443232809,-0.1000562447140442,0.0005886557865672,-0.1000502447140442,-0.0018866608690787,0.042481,0.0029289378709871,0.044406,0.0408299737922602,0.05686,0.0431133446532965,0.059167,0.0504744596928492,0.042779,0.0542279399151127,0.047493,0.034578240358761,0.031353,0.0387170860053501,0.032309,0.01776,-62.0924,KiDS,0
KIDS_200.6_3.5,KIDS_200p6_3p5_r_SDSS.V1.3.0A_KiDS-1347_GAaP_Gaia.fits,-0.0863592143766914,-0.1009889673121756,-0.0867388291893062,-0.1003789673121756,-0.0033614209642138,0.00606,-0.0028988676264308,0.008702,-0.1156691354022138,-0.107914,-0.112500682943199,-0.106045,0.0555035194495353,0.048238,0.0608306448578431,0.051453,0.0366605095850879,0.027973,0.0409009046890983,0.032148,0.021226,65.2279,KiDS,0
KIDZ_334.5_1.9,OMEGACAM_334p5_1p9_r_SDSS.V1.2.0A_KiDS-1347_GAaP_Gaia.fits,-0.0551552279373285,-0.0722905089511923,-0.0601230219261422,-0.0695335089511923,0.0650018649136245,0.07489,0.0651668836685395,0.076581,0.0567926950752735,0.062678,0.0582887437194585,0.06363,0.0406432294320397,0.037329,0.0434913595064348,0.038801,-0.1248183262127241,-0.124711,-0.1232060984670554,-0.123252,0.044733,-43.0665,KiDZ,0
KIDZ_330.5_1.9,OMEGACAM_330p5_1p9_r_SDSS.V1.2.0A_KiDS-1347_GAaP_Gaia.fits,0.09912633440832,0.069913876109632,0.0984640265456145,0.069852876109632,-0.0630754960866847,-0.067521,-0.0627410155543174,-0.06614,-0.0951970033347606,-0.089195,-0.094449758529663,-0.088088,0.0334421197617882,0.037072,0.0353746536046637,0.038601,-0.1390678406663208,-0.137616,-0.1372361657100885,-0.136607,0.041802,-39.9915,KiDZ,0
DEEP2328,OMEGACAM_352p0_0p0_r_SDSS.V1.2.0A_KiDS-1347_GAaP_Gaia.fits,0.0697157610994131,0.0874508761490707,0.0732586348127616,0.0882588761490707,0.03166343975691,0.057744,0.0331135314969604,0.060339,0.0164126604795455,0.019731,0.0189965050667524,0.022405,0.0525060177075361,0.03773,0.0554502689678188,0.040039,-0.1168884634383619,-0.127235,-0.1116377211191461,-0.124862,0.033564,-56.2639,KiDZ,0
KIDZ_32.6_-4.6,OMEGACAM_32p7_m4p6_r_SDSS.V1.2.0A_KiDS-1347_GAaP_Gaia.fits,-0.0212083413532618,-0.0592165064378704,-0.008741909740326,-0.0589025064378704,-0.0714008385339248,-0.049329,-0.0682814678353756,-0.046426,0.0399709045886993,0.049021,0.0429678596556186,0.050954,0.0484822977336816,0.039688,0.0514155926043426,0.041702,-0.107403838919714,-0.111653,-0.1032364322926205,-0.110378,0.017951,-60.6393,KiDZ,0
KIDZ_151.1_2.0,OMEGACAM_151p1_2p0_r_SDSS.V1.2.0A_KiDS-1347_GAaP_Gaia.fits,-0.1508850333606035,-0.2506393996393156,-0.1224996475357923,-0.2499583996393155,0.0181012079883707,0.016871,0.0241535099742268,0.017806,0.0035059954971075,0.0142,0.0052603557705879,0.016109,-0.0023876335135505,0.001099,-0.0007771267914858,0.003077,-0.1170559780210574,-0.111369,-0.1162375678342187,-0.110885,0.023531,42.7879,KiDZ,0
KIDZ_333.9_0.9,OMEGACAM_334p0_0p9_r_SDSS.V1.2.0A_KiDS-1347_GAaP_Gaia.fits,0.0807694580184065,0.0819708648078345,0.0865699868633806,0.0825818648078345,-0.0688544153281957,-0.063778,-0.06658290962055,-0.062536,0.0630671828985214,0.068167,0.0640541985630989,0.069214,0.0344519520799524,0.035213,0.0354171586359151,0.036766,-0.1394803990921139,-0.138507,-0.1380096109360902,-0.136554,0.042343,-43.2494,KiDZ,0
KIDZ_33.6_-4.6,OMEGACAM_33p7_m4p6_r_SDSS.V1.2.0A_KiDS-1347_GAaP_Gaia.fits,0.1558322087683109,-0.060820183114281,0.1495129394259638,-0.058992183114281,-0.0584695171617509,-0.052088,-0.0592978422515502,-0.051709,0.0379985328763723,0.047888,0.0401988346129655,0.049807,0.0651886574978771,0.04829,0.0676519348610036,0.050615,-0.1061140625797061,-0.121664,-0.1024826059610305,-0.119983,0.017589,-59.9945,KiDZ,0
KIDZ_333.9_-0.1,OMEGACAM_334p0_m0p2_r_SDSS.V1.2.0A_KiDS-1347_GAaP_Gaia.fits,-0.0573366069090291,-0.0598273966234965,-0.0576016371944928,-0.0598273966234965,-0.0731233899999289,-0.057253,-0.0721869805914677,-0.054725,0.044683288782835,0.049242,0.0465197563171386,0.05098,0.0817587106971723,0.077048,0.083845879637461,0.078739,-0.1043383807613284,-0.112594,-0.1024058815931436,-0.109808,0.066021,-43.8902,KiDZ,0
KIDZ_34.6_-4.6,OMEGACAM_34p6_m4p6_r_SDSS.V1.2.0A_KiDS-1347_GAaP_Gaia.fits,0.1571859537506534,-0.081836062052371,0.1736238687857717,-0.080873062052371,-0.0627408321259231,-0.039683,-0.0592585624823982,-0.037789,0.0234843241050839,0.03298,0.027705118060112,0.035232,0.0614897242302722,0.035593,0.0668772669278432,0.038631,-0.0757368771359042,-0.095032,-0.0664942695230174,-0.092957,0.017978,-59.3598,KiDZ,0
DEEP0228,OMEGACAM_37p2_0p5_r_SDSS.V1.2.0A_KiDS-1347_GAaP_Gaia.fits,0.1931157776263126,0.0714945244114813,0.2112818941953987,0.0720395244114813,0.0354402012269433,0.04779,0.0396213083221052,0.049058,0.0450065359473228,0.054623,0.0470651444047689,0.055899,0.0498798612690011,0.041809,0.0516278667409828,0.042621,-0.1135341776395812,-0.117796,-0.1099055764725795,-0.115763,0.024639,-53.7942,KiDZ,0
VVDSf02,OMEGACAM_36p7_m4p6_r_SDSS.V1.2.0A_KiDS-1347_GAaP_Gaia.fits,0.1776001648936619,0.0803320382630151,0.1838036748054632,0.0823820382630151,-0.0346231232588263,-0.020929,-0.0312261567958212,-0.019034,0.0262284958735108,0.037766,0.027848282828927,0.039819,0.0461380017927649,0.032212,0.0469323216639431,0.03323,-0.1078417586793371,-0.115972,-0.1060636914356601,-0.113113,0.023084,-58.0522,KiDZ,0
KIDZ_333.5_1.9,OMEGACAM_333p5_1p9_r_SDSS.V1.2.0A_KiDS-1347_GAaP_Gaia.fits,-0.0104327698476163,-0.0611644644613908,-0.0053490776216647,-0.0622034644613908,-0.0553089513363055,-0.069476,-0.0545872358560477,-0.067326,0.0310092791914939,0.038976,0.0326337479054927,0.039812,0.0616196571596267,0.065336,0.064190690035195,0.067105,-0.1577308591722933,-0.15523,-0.1553158752365937,-0.152892,0.035033,-42.3003,KiDZ,0
KIDZ_37.6_-4.6,OMEGACAM_37p7_m4p6_r_SDSS.V1.2.0A_KiDS-1347_GAaP_Gaia.fits,0.0701475583957917,-0.0652927550655467,0.0788938167673636,-0.0652927550655467,-0.0494476022907495,-0.049896,-0.0468911600669334,-0.048843,-0.0736129432916641,-0.064824,-0.0713488757610321,-0.064002,0.0480737257960522,0.044408,0.0504271260559708,0.046703,-0.1047408401723474,-0.108992,-0.1017597152601779,-0.106114,0.022958,-57.347,KiDZ,0
KIDZ_334.9_-0.1,OMEGACAM_335p0_m0p1_r_SDSS.V1.2.0A_KiDS-1347_GAaP_Gaia.fits,-0.1049504022859183,-0.0572780170099715,-0.1056524724114911,-0.0572060170099716,-0.073261093134864,-0.043259,-0.0727483734693983,-0.04222,0.0524481330066919,0.055,0.0544696059077978,0.056178,0.0656931623539907,0.055185,0.0676735431188374,0.056735,-0.1043947668805466,-0.112041,-0.1012050057404224,-0.110399,0.061708,-44.6653,KiDZ,0
KIDZ_210.4_5.1,OMEGACAM_210p4_5p1_r_SDSS.V1.2.0A_KiDS-1347_GAaP_Gaia.fits,0.1320591809791682,0.0700246173447841,0.1344706747055224,0.0713386173447841,0.1005934100582289,0.091442,0.1034838851815276,0.095823,-0.0199702642858028,-0.012715,-0.0172204095870256,-0.009909,0.0309902245528172,0.030354,0.0341803158852569,0.033413,-0.1582912629352164,-0.160418,-0.1559019384666456,-0.157226,0.023728,62.3524,KiDZ,0
KIDZ_209.4_5.1,OMEGACAM_209p4_5p1_r_SDSS.V1.2.0A_KiDS-1347_GAaP_Gaia.fits,-0.0845977502482222,-0.2290576250135317,-0.0762897238542102,-0.2291146250135317,0.1115686473485391,0.088991,0.114709006756797,0.090473,0.0029822159558534,0.009745,0.0048866458237171,0.011622,0.0257154472898474,0.031432,0.0263779641288256,0.033774,-0.1507516379476524,-0.1441,-0.1485702188675379,-0.141784,0.023358,62.9243,KiDZ,0
KIDZ_331.5_1.9,OMEGACAM_331p5_1p9_r_SDSS.V1.2.0A_KiDS-1347_GAaP_Gaia.fits,-0.0432173643170223,-0.0986702852864564,-0.0370251214287867,-0.0985902852864563,-0.0526648409153523,-0.058009,-0.050538211950276,-0.057315,0.0348529014736413,0.041726,0.0358363352715969,0.043187,0.0591002795193105,0.061398,0.059989084458477,0.062699,-0.1501664048937698,-0.146125,-0.14948367687105,-0.145534,0.039174,-40.7721,KiDZ,0
KIDZ_34.5_-5.0,OMEGACAM_34p5_m5p0_r_SDSS.V1.2.0A_KiDS-1347_GAaP_Gaia.fits,0.0372590975232065,-0.0913516830553383,0.0332723623790172,-0.0907546830553383,-0.057441069421792,-0.051063,-0.0575507000573454,-0.049418,-0.0812958255410194,-0.069118,-0.079284980893135,-0.066811,-0.0452185903284498,-0.05215,-0.0424842354138772,-0.049097,-0.127274436056764,-0.130307,-0.1241915019423327,-0.126896,0.017997,-59.755,KiDZ,0
KIDZ_332.5_1.9,OMEGACAM_332p5_1p9_r_SDSS.V1.2.0A_KiDS-1347_GAaP_Gaia.fits,-0.0360475289298859,-0.0793689406162393,-0.035902444333567,-0.0793739406162393,-0.0746550856650802,-0.070943,-0.0739131149858277,-0.069282,0.0243266448378562,0.030392,0.0261922515928745,0.0319,0.0678718586412854,0.06637,0.0711534702963638,0.068476,-0.1094292935273099,-0.110968,-0.1069547321972427,-0.108984,0.036929,-41.5528,KiDZ,0
KIDZ_35.6_-4.6,OMEGACAM_35p7_m4p6_r_SDSS.V1.2.0A_KiDS-1347_GAaP_Gaia.fits,0.0733847427021642,-0.0967568024185194,0.0866072118904194,-0.0965428024185194,-0.0603888803616141,-0.045691,-0.056138168817552,-0.045165,0.0339313764125108,0.047851,0.0368105936795473,0.049193,0.0419963362844564,0.034379,0.0449789869913456,0.035977,-0.1072194569460417,-0.113802,-0.1030594493190265,-0.111726,0.021513,-58.7164,KiDZ,0
KIDZ_334.9_0.9,OMEGACAM_335p0_0p9_r_SDSS.V1.2.0A_KiDS-1347_GAaP_Gaia.fits,-0.0507027689457543,-0.0681356886418088,-0.049601550299262,-0.0680496886418088,-0.0620210885032062,-0.05297,-0.060990398378234,-0.051649,0.0291464477777481,0.032685,0.0301515087485313,0.034062,0.0579481639445305,0.055744,0.0601492052909548,0.056858,-0.1518384270193062,-0.155478,-0.1504213834680776,-0.15418,0.054912,-44.0015,KiDZ,0
KIDZ_31.6_-4.6,OMEGACAM_31p7_m4p6_r_SDSS.V1.2.0A_KiDS-1347_GAaP_Gaia.fits,0.042952457363099,-0.0908156564589495,0.0438410853406453,-0.0906876564589495,-0.0559973196459795,-0.051461,-0.0547876175087278,-0.050271,-0.0702738538384437,-0.05569,-0.0682180523872375,-0.054186,0.0415140849767462,0.04051,0.042909320557912,0.042592,-0.1085492119397118,-0.110482,-0.1064022476894957,-0.108447,0.019452,-61.2459,KiDZ,0
DEEP2332,OMEGACAM_353p0_0p0_r_SDSS.V1.2.0A_KiDS-1347_GAaP_Gaia.fits,0.1345096867273264,0.0566505412117047,0.1675954061716338,0.0577505412117047,-0.0226055413136809,-0.003082,-0.0138238589035654,-0.000909,-0.0502298064529895,-0.041716,-0.0480432473123073,-0.0399,0.0435994901523149,0.034632,0.0421455535443333,0.034666,-0.1138530798481288,-0.123441,-0.1125340936238622,-0.121432,0.031481,-56.8253,KiDZ,0
